frame_id,timestamp,xc,yc,zc,xa,za,armor_id,body_yaw,pred_armor_yaw,obs_armor_yaw,err_target_yaw,err_target_pitch,err_distance,err_armor_yaw,r,dl,dh
2,66.66,0.20325061038197964,0.449959532464235,2.5271847343935954,0.22016709456615355,2.234496552949089,0,0.2802645692772514,0.28013900000000014,0.280139,0.04134694869306532,0.0004877024334719593,-0.03454104562273752,0.0,0.25998340087830824,0.0,0.0
4,133.32,0.012259165517631232,0.4408188535312859,2.4787702802860587,0.235141150447739,2.269284725299168,0,-0.16734809845645016,-0.1237411450843382,-0.20738,0.10527828155088015,-0.0011963727905768273,0.0883558405109004,0.08363885491566192,0.2500435280474678,0.0,0.0
6,199.98,0.16355282259385678,0.43631242993827757,2.4739905245509597,-0.3115900672159987,2.3251004428037483,1,-0.6839319279676048,0.9925976175215521,0.827978,-0.24860973871371916,0.005868991439520244,-0.040767006867913125,0.1646196175215522,0.2108521296447271,-0.1794671387081499,-0.003450573387603236
7,233.31,0.2548084148090354,0.4255582919253532,2.388956841472983,0.16134977775933063,2.452595294247648,1,-0.8472183732910286,0.6496070834932528,0.773977,-0.042207299692954336,-0.00586133514162146,0.18618335367184802,-0.12436991650674711,0.21119848836188343,-0.15238012056467873,-0.00475376367451507
8,266.64,0.2489096777496473,0.4163838215436235,2.3178348747188044,0.26027065491916734,2.320126285134569,1,-1.0383275343919696,0.5039972478529906,0.564496,0.026681177364910713,-0.003297639869015434,0.10774407194983926,-0.060498752147009505,0.21095255677440275,-0.16298207598777806,-0.004513418449328794
9,299.97,0.200670641019709,0.4106496418470705,2.248532110123612,0.2591300693690137,2.243612250826583,1,-1.2350224727090675,0.3197278271097064,0.357976,0.05342072959520827,-0.0020321181156965906,0.03360769943307096,-0.038248172890293475,0.20630192996276875,-0.19350670009060658,-0.004386796428166523
10,333.3,0.12325027813671607,0.39611114207636733,2.1286776212879484,0.2108375249420675,2.2013098268458884,1,-1.6774310329785596,0.1268381238369205,-0.439046,0.06391934333836291,-0.0024505663051805904,0.1389507006992141,0.5658841238369208,0.20336545063297648,-0.23098527512704542,-0.0027259304343527483
11,366.63,0.06827132432023274,0.40069684265582883,2.08026948715389,0.10887194257268792,2.106512677154958,1,-1.800376711864597,-0.3705060084029155,-0.00753754,0.05981231235274187,-0.00013608696873212978,-0.13917374712599928,-0.3629684684029155,0.2,-0.265225618055249,-0.005054604687454814
12,399.96,0.020271733123221426,0.40204040323745877,2.06529072743373,0.0284095354059691,2.0954994276058985,1,-2.0097351121402185,-0.460807896751275,-0.396686,0.05187017493168922,0.004092326014411007,-0.14399769892491987,-0.06412189675127511,0.2,-0.27628093580441515,-0.005970610262557625
13,433.29,-0.025034205899400284,0.4021408947489093,2.0676275151368717,-0.04374778061571004,2.0891210156125113,1,-2.2189637594430236,-0.6651956918168072,-0.617287,0.04065400070978464,0.006085410181847717,-0.14550007926884323,-0.047908691816807014,0.2,-0.27783188989063956,-0.006318509360253508
14,466.62,-0.07626803525728837,0.4059913346892277,2.1053955574867667,-0.10661667848021682,2.088833750975254,1,-2.427756402821315,-0.8706194754955368,-0.834769,0.03302950866570775,0.0076533470102222445,-0.20527938084375652,-0.03585047549553666,0.2,-0.26847745201370604,-0.007499666307898553
15,499.95,0.020655048457131966,0.41396503068350243,2.1554460322048503,-0.19888225865853415,1.910572410711481,2,-2.6690938791730012,0.4944874749698154,0.50181,-0.1781119761059351,0.014806440914582275,-0.3007113688948151,-0.00732252503018449,0.2,-0.23406508261612596,-0.009374899808416236
20,666.6,-0.004880922539733323,0.4277541462370576,2.3195062933001442,0.11786253412836036,1.9901153455893659,2,2.6080665975174897,-0.646092817659996,-0.486353,0.1176032743900235,0.009023806916037547,-0.2866414774814854,-0.15973981765999623,0.2,-0.23914000319938855,-0.016490023781140967
21,699.93,-0.037884136964831096,0.4308166940459072,2.333770196640652,0.017755636728613106,2.3711523053720365,3,2.385474378194071,0.8311505992592831,0.759424,-0.09163315090712132,0.002836794621325467,0.06844606236183859,0.07172659925928304,0.2,-0.23078121033984197,-0.021174265690098837
22,733.26,-0.06443260411811372,0.4292615728712283,2.320531496937332,-0.031649813890349564,2.387641196267376,3,2.1936495453330025,0.6051955628855819,0.638779,-0.09708620629526221,8.736572896594907e-05,0.18837455444800133,-0.033583437114418135,0.2,-0.2083489779441014,-0.02582688853650652
23,766.59,-0.032790788090207114,0.42966987582001376,2.3417819790225707,-0.07592844919484056,2.3549811062439128,3,1.9338832725563382,0.4178047413614454,0.205005,-0.09058077335507253,-0.001299659305680656,-0.003448271780974732,0.21279974136144553,0.2,-0.2016658585974539,-0.02621060531528181
24,799.92,0.006146675751355669,0.42727725253615345,2.350496846855115,-0.038645355809568384,2.3705341368364614,3,1.7568013791127708,0.14299259020262056,0.276438,-0.0671984391818139,-0.0029835596544605103,0.11460025476714675,-0.13344540979737962,0.2,-0.18327049011948493,-0.02752576630447343
25,833.25,0.06821890854192084,0.4348878655953366,2.362222037855572,0.008797455750365786,2.3571903169766184,3,1.2129649061269152,-0.02312678412581448,-0.683133,0.06443896148068129,-0.0021644864232821526,0.11415838606342188,0.6600062158741853,0.2,-0.12065642858978487,-0.035121764848796415
26,866.58,0.13016733541975709,0.4335745192255416,2.371432764798562,-0.07911574919660597,2.265416916728513,0,0.7822655901921332,0.919413951091391,0.501344,-0.10347857480946931,-0.0052561129501169646,0.09858401986938237,0.418069951091391,0.2,-0.10649572418138054,-0.035794786806497385
27,899.91,0.14018010260936015,0.43337796463921496,2.406737591917683,0.06387214015983564,2.2141160373724964,0,0.2024072560400998,0.45352805070248614,-0.309547,-0.011272605052898399,-0.002324433351140076,0.01110837539598375,0.7630750507024864,0.20163752190797227,-0.10706384993428994,-0.0356621160927933
29,966.57,0.08039056153874946,0.4368435996629957,2.428482035798166,0.28940401422310413,2.286305087120417,0,-0.39352991614801125,-0.5802259387676636,-0.21152,0.13234213686438334,-0.010531224835465203,0.08407042577502555,-0.36870593876766344,0.2,-0.0941812483448364,-0.036770501014617075
31,1033.23,-0.04620868079599777,0.4392406214082446,2.420976872469745,0.2612375122622615,2.381231620103937,0,-0.8011901971709672,-1.0914977373758883,-0.544139,0.1589388104790026,-0.016190380806309967,0.20126719024531914,-0.5473587373758884,0.2,-0.07895113241930443,-0.037592607788706295
32,1066.56,0.08098601008436682,0.4438349396385687,2.4205404282809564,-0.12211886532049002,2.3308323782433895,1,-0.9727495196221096,0.48049336845497814,0.776211,-0.16025195242662615,-0.008586085334478355,0.06511166759431619,-0.29571763154502184,0.2,-0.08766472504561552,-0.03542390759872522
33,1099.89,0.15642986952012364,0.4392107492538832,2.3716201200422833,0.04827242008322293,2.3303761276891337,1,-1.1079099097547394,0.33060317582240906,0.684131,-0.07579252904088118,-0.006170903077476364,0.21920695827140868,-0.35352782417759077,0.2,-0.07558783172806269,-0.03669585993919359
34,1133.22,0.18298992522824073,0.43915687005566517,2.3593608478158137,0.14385578076385205,2.257033706042757,1,-1.2596716440734974,0.22211107473131442,0.461335,-0.0059821414118848,-0.0037201511279634225,0.06798598601541528,-0.23922392526868563,0.2,-0.07230842048842405,-0.03675903662469247
35,1166.55,0.17677609952855952,0.4386082305455294,2.346770753661086,0.18800174509317957,2.236073731979367,1,-1.4014852456058937,0.08949010784251321,0.299473,0.039186646213645204,-0.002879597545088597,0.06593619000797624,-0.20998289215748667,0.20020294139418926,-0.07290898218449342,-0.03673638589790256
36,1199.88,0.14611646030221506,0.43866911542491616,2.3372318027251917,0.1934709362390807,2.221070758943073,1,-1.5780781634322882,-0.03408510023933875,0.0285272,0.06260534184468325,-0.002448339776616848,0.041471813101341404,-0.06261230023933884,0.20013354379561857,-0.07727018216826008,-0.036518637274512995
37,1233.21,0.10335396781538239,0.43997747864733694,2.3317277510175263,0.17593404063230997,2.217145397436265,1,-1.6282874631632014,-0.20379074570727962,0.183807,0.08718890861302597,-0.0024476412082550247,0.00908163399129025,-0.38759774570727945,0.2,-0.08508700030365583,-0.03610227502064659
40,1333.2,-0.06246146884724815,0.43706116952209784,2.303491862298181,0.15131888044307987,2.233930277092653,1,-2.2359490721419735,-0.5434795850074625,-0.77098,0.14289420415527454,0.0008523179799055924,0.04407918446245773,0.22750041499253726,0.2,-0.10112488938072832,-0.03531178893578028
41,1366.53,-0.1652263112364563,0.44148311000962537,2.320569062035739,-0.01637947701328414,2.2362928874601375,1,-2.4700429492337705,-0.8488626689470582,-0.955796,0.08663854287199158,0.000858596236258613,-0.09453321311422602,0.10693333105294167,0.2,-0.10870185969228731,-0.03508418427736685
42,1399.86,-0.03734210196799903,0.43419993253039885,2.3261401660157426,-0.29728123320752886,2.1447851712935067,2,-2.681783329349684,0.4790053304015274,0.491002,-0.20385889915643673,0.008416739311417398,0.007579260324196202,-0.011996669598472565,0.2,-0.11876661209509896,-0.03148772352948699
46,1533.18,-0.12092867266427615,0.4342902110620766,2.3872796482562624,-0.024727710254872456,2.160893637012677,2,2.808628210344244,-0.33404031284796964,-0.335496,0.023559219771155604,0.004961219796959515,-0.07707974167773557,0.0014556871520303716,0.2,-0.11267694454479349,-0.03181961405084667
47,1566.51,-0.16316559139102152,0.440268468950862,2.432226148264036,-0.03715884297238187,2.2251379528788133,2,2.668275724183287,-0.5309151425264229,-0.411937,0.03457298391928454,0.0002833853428136912,-0.08790898059979302,-0.11897814252642291,0.2,-0.10853020786757063,-0.03240805060119594
48,1599.84,-0.022662359016568462,0.4377718952904252,2.4240522376451152,-0.25658842328746717,2.3905951705203337,3,2.471531740631856,0.9102633141943208,0.849147,-0.21344110448287923,-0.0003592701355450423,0.060234093233501707,0.06111631419432095,0.2,-0.14703207583002817,-0.03142045089163634
49,1633.17,-0.05313125987247187,0.43413947417338533,2.385483311192263,-0.05532163843846585,2.4001469192826357,3,2.237203001255695,0.7079636166421572,0.636143,-0.10667599120335636,-0.0019803976947514457,0.19549914695727555,0.07182061664215711,0.2,-0.14809554225891816,-0.03312213421180917
50,1666.5,-0.0005455203474332773,0.43234225791371855,2.379502498646311,-0.08051582170818274,2.3517423489373943,3,2.0054204618723563,0.4658126277611032,0.360688,-0.09623560043622703,-0.0019886017686219226,0.07330520054018042,0.1051246277611031,0.2,-0.14442203438986162,-0.033566549578595534
51,1699.83,0.028215674397374227,0.43168407726441005,2.3808131714603147,-0.00711090642194527,2.335927164431847,3,1.698180748369139,0.22537558067780417,-0.068825,-0.041215337918830475,-0.0022987335390780572,0.04053849555065403,0.2942005806778041,0.2,-0.14014218404664047,-0.0338403017778661
52,1733.16,0.0412271247883057,0.43052272962247795,2.37895716754538,0.04483741210963701,2.3304989622392127,3,1.4888316349691593,-0.1064649937413833,-0.0369805,-0.0021798688727492355,-0.002333152255241444,0.04899709795563112,-0.06948449374138344,0.2,-0.1382339237079219,-0.033879564792238345
53,1766.49,0.03648680200279165,0.4278473190204514,2.3631692552473123,0.07074123143696465,2.3274877332610724,3,1.3375520990987697,-0.309845477660053,-0.102307,0.025998671016302044,-0.0026735313325962906,0.08732478784861097,-0.20753847766005284,0.2,-0.14033323736122696,-0.03379897912334098
54,1799.82,-0.005258346889468989,0.4244453142060917,2.339998656902093,0.069818215650573,2.313156504144239,3,1.109215472368156,-0.4426614130334272,-0.499021,0.07022663124898987,-0.001746403122887763,0.07896841040815872,0.05635958696657273,0.2,-0.14883937482892426,-0.03346280317787673
55,1833.15,0.05484156756810389,0.43109353380690296,2.343241096715688,0.025617552585427538,2.300516229011735,3,0.8822080905276461,-0.6749389973711235,-0.706155,0.07234390675344704,-0.0018732502750546942,0.09109398331938401,0.03121600262887636,0.2,-0.13760987212751669,-0.03666839373374155
56,1866.48,-0.00045307049072237926,0.4290654631800896,2.328145510260602,0.11353695500243388,2.309100819803991,3,0.6822569261827671,-0.905455405903437,-0.848906,0.12511756946739938,-0.00018972229375302518,0.04948297550684444,-0.056549405903437044,0.2,-0.14975113615447816,-0.03634475645120028
57,1899.81,-0.06418116080761342,0.43379219691425314,2.3607541275430304,0.041663518417914346,2.308713299681022,3,0.4884533198107097,-1.1005994431077006,-1.03577,0.10985104850662619,0.0005572089498784294,-0.14875536590469274,-0.06482944310770034,0.2,-0.1566307714803866,-0.03591895578040921
58,1933.14,0.015836922990269592,0.4358375053330707,2.380025379107193,-0.13420268797424428,2.1778787414061584,0,0.30522098565503075,0.2814910985337753,0.409259,-0.12921260965165615,0.0016947767558814775,-0.05904443186189301,-0.12776790146622474,0.2,-0.16835354590635032,-0.03565083013531519
59,1966.47,0.027437085991551168,0.43587133112871784,2.3961972670539633,-0.0019292233701872288,2.194046700592965,0,-0.04638646481281583,0.10314822143856262,-0.304933,-0.03623549891030198,0.0010348345752317911,-0.009177052947425768,0.40808122143856274,0.20008802936618855,-0.1695274113579239,-0.03533911183461382
60,1999.8,0.03708730868678575,0.43242142815774703,2.385433341984368,0.0882641008778324,2.2176677569828445,0,-0.08414828323360624,-0.283828827889514,0.257499,0.029139221082326916,-0.0017689625583683366,0.10233958695197831,-0.5413278278895142,0.2,-0.1715615657690774,-0.03497757328645797
61,2033.13,0.012659168357540176,0.4349227209069735,2.4006286791768088,0.09624547438997547,2.202947747345941,0,-0.25313321692157187,-0.2751226608002568,-0.225766,0.04682207832477836,-0.0022873316377292063,-0.01663355309923631,-0.04935666080025669,0.2,-0.16761934292176672,-0.03535185579683423
63,2099.79,0.10979577385960776,0.4442731065266213,2.4067841014929483,-0.014694304350378568,2.4031629856256775,1,-0.6513720007772652,0.9471639485172165,0.864782,-0.12331949215572369,-0.01275690062078505,0.0179474164527873,0.08238194851721659,0.2,-0.18626431284794237,-0.03219033727528247
64,2133.12,0.1682536515047758,0.44563328324794715,2.3659106016261444,0.1164774402602301,2.4066140558398144,1,-0.8382006217083755,0.7258870091755063,0.737017,-0.05598785128303119,-0.009379646448216317,0.1498091831466124,-0.011129990824493952,0.2,-0.18387487771654265,-0.031806546718590525
65,2166.45,0.19191640488794398,0.44512868218707147,2.32859378909909,0.18294888717317803,2.3549978570559924,1,-1.0410073337739485,0.539745531102418,0.514759,-0.002669040967050673,-0.005710148939610082,0.14270792647845676,0.02498653110241822,0.2,-0.17931255959722248,-0.03202181097415251
66,2199.78,0.19111482893763415,0.4453387669831722,2.3059175591217187,0.20828868854021054,2.306045536419622,1,-1.2339784627314576,0.33483448740172417,0.339754,0.029757956774902894,-0.0027736724574389804,0.07787689553726818,-0.0049195125982759436,0.2,-0.17891826530545843,-0.032087370715809055
67,2233.11,0.15547582164729978,0.4422487691527832,2.266606702583466,0.2072620431562003,2.2792304720205685,1,-1.48123065019085,0.14251024235506726,-0.00246759,0.06761637967383693,-0.001808758880601502,0.12773291622480398,0.14497783235506745,0.2,-0.18239333088735427,-0.032130218489660196
68,2266.44,0.10321161461103576,0.44031896979611246,2.23491001316245,0.16747286065842476,2.2388030811695456,1,-1.5447810121486096,-0.11624676367969267,0.268621,0.08397626858678597,-0.00019661568891216064,0.058810376450364465,-0.38486776367969266,0.2,-0.19125456387210454,-0.03184508052883791
69,2299.77,0.04261573895691635,0.439112811471775,2.216795069603823,0.10400544780024809,2.2137373914839613,1,-1.8101740405889997,-0.14742484125194322,-0.39664,0.08234401447793127,0.002217713393700471,-0.0015508197022344739,0.2492151587480569,0.2,-0.19835431163431863,-0.031584550807005944
70,2333.1,-0.018607090853706598,0.44057938178952194,2.216914230714918,0.032524056989130114,2.202780073875936,1,-2.0418156792565467,-0.4335733398286066,-0.533517,0.0738859313661564,0.003583224360643733,-0.0839408112223361,0.09994366017139367,0.2,-0.20627114967791288,-0.03128497907664784
71,2366.43,-0.07758972350100654,0.43880342445103887,2.208144508925064,-0.04205371735620495,2.212182991315634,1,-2.2899415676372916,-0.6736436477654304,-0.795317,0.06023863581474931,0.005120914661130627,-0.03542758932482215,0.12167335223456988,0.2,-0.212498451573297,-0.03100100106103842
72,2399.76,-0.13313139464319826,0.44071409663976957,2.2277016187994816,-0.11412364631690994,2.2069066657954295,1,-2.5158677157778193,-0.9320946750630199,-0.966827,0.04306158093225987,0.005744840513628002,-0.12434093427061432,0.034732324936979975,0.2,-0.21480422382212014,-0.030893985080384902
78,2599.74,-0.08560919058228675,0.4317578371117696,2.321105133460549,-0.19982012327474508,2.0465623804182567,2,2.545797712649126,-0.6695551163644566,-0.615062,-0.037529762773609754,0.019927274655104465,-0.1275688475058434,-0.05449311636445664,0.2,-0.24876513769993017,-0.028352570611145014
79,2633.07,-0.08001365788183414,0.4332757447799171,2.343379054315891,0.05509937405312851,2.1959111538233,2,2.3672036623391106,-0.8009278594248244,-0.75961,0.10477954087664365,0.002519569557350554,-0.09722667935537022,-0.041317859424824466,0.2,-0.2553051687576977,-0.029220068628612768
80,2666.4,-0.09399545806196313,0.43180543675443867,2.33709968545865,-0.05152755596015002,2.4063901896600375,3,2.187270916788771,0.5960310287760446,0.629259,-0.10380632995922046,-0.0037640160913730014,0.21271151163125923,-0.0332279712239556,0.2,-0.24774087953329066,-0.03118556614425802
81,2699.73,-0.04707992930961309,0.42934053087968205,2.3276823398903503,-0.07975256013815137,2.396243031830187,3,1.9866185225969426,0.4213579568016037,0.38004,-0.09763975273117032,-0.005413614471967421,0.12132840782344267,0.04131795680160355,0.2,-0.2409342147046507,-0.031360561009272855
82,2733.06,-0.008891905198482701,0.42845969320529503,2.322327184086405,-0.03385302993084995,2.379704002535277,3,1.7627512565831562,0.21879595363728832,0.126682,-0.054930571880577705,-0.006121682790969363,0.08326301292091465,0.09211395363728814,0.2,-0.23444850750552093,-0.031275491395456295
83,2766.39,0.009226276717964102,0.42597008854176865,2.306700260947246,0.0015297593031824283,2.365920692284017,3,1.5771433065896918,-0.012341836473165557,0.0419305,-0.01018041911713663,-0.004990869846410284,0.11607237962167005,-0.05427233647316543,0.2,-0.23034121978976002,-0.03132575038054197
84,2799.72,0.0021981899168479167,0.4233498442698512,2.2853880745603314,0.015528704573096928,2.3412535078848355,3,1.345572388058792,-0.1930705565860329,-0.278805,0.02883174825415402,-0.004219789054549672,0.10055338610129683,0.0857344434139673,0.2,-0.23176648864928767,-0.03122855447435139
85,2833.05,-0.021650051815978955,0.4228424386062328,2.2762205129024684,-0.002639948169387998,2.3148847941899455,3,1.1075374045755026,-0.4323063316354592,-0.513841,0.04753347736145619,-0.0027678217129407656,0.018780849749572504,0.08153466836454104,0.2,-0.23715072189023484,-0.030938899805801123
86,2866.38,0.11019052440008349,0.4317352589954128,2.3329339101518034,-0.17492492860188597,2.1504063770688555,0,0.8622426558779708,0.893202249740014,0.862885,-0.1918183450812525,0.001087246355131466,-0.1744179611373573,0.03031724974001415,0.2,-0.21421223049785065,-0.03360633695115269
87,2899.71,0.10915083114601148,0.42759861525513526,2.312776064425204,0.015938701599242516,2.181838700713763,0,0.620252172867215,0.6412580265166277,0.684802,-0.0806958604122876,0.0019269769078826826,0.03042841393174278,-0.043543973483372245,0.2,-0.2325400398580966,-0.03269818458733165
88,2933.04,0.15497961595826676,0.4291810753104276,2.336970942369801,0.05306707136044411,2.136045737123655,0,0.3993163946177276,0.3946041425660507,0.427468,-0.04181120673508154,0.002609282750968056,-0.08315117511315595,-0.032863857433949484,0.2,-0.23215884906737866,-0.032955247780662555
89,2966.37,0.14958922411604325,0.4324410429063974,2.3762008768147864,0.14573641797661852,2.1506998140502085,0,0.035524716852727956,0.1747123264451913,-0.263128,0.02532179347884611,0.0013056014180579112,-0.09008484967626806,0.43784032644519133,0.2,-0.2261360284651126,-0.0334195852367611
91,3033.03,0.09038417797393097,0.4374661873835664,2.409655896091574,0.2822562506914451,2.228185630777971,0,-0.35021093711482587,-0.4805718258506655,-0.225671,0.1387421531255275,-0.005676654723573371,0.014274020064729775,-0.2549008258506653,0.2,-0.2125055592534518,-0.03435634900828394
92,3066.36,0.004325732699945933,0.43890554166024837,2.409581424900247,0.20145106056897394,2.2582821980539762,0,-0.5009725472816675,-0.5774212253605842,-0.418039,0.12597604417762964,-0.005876905017571765,0.07009222015406369,-0.15938222536058433,0.2,-0.20371910823847844,-0.03480718523411886
93,3099.69,-0.0023833858079515546,0.44384717255820383,2.3883157281956455,0.12098136550765745,2.272288705602366,0,-0.6579432068152857,-0.7099090417098992,-0.633172,0.11158965154998235,-0.005203326306946643,0.0573647691891459,-0.07673704170989915,0.2,-0.21797947224512398,-0.032614234251193544
94,3133.02,0.04244957153993956,0.4423042812805939,2.3379202360584235,-0.00336349259682117,2.413519073142713,1,-0.8589172076841023,0.7149269729387635,0.68652,-0.09884760424236916,-0.010506137700554863,0.24727028227558057,0.028406972938763708,0.2,-0.21445049022707868,-0.03281199563309384
95,3166.35,0.10523806350779175,0.44991835651786594,2.3525010612225423,0.04733597396409434,2.353373064987069,1,-0.8844732026073272,0.512201893394951,1.02691,-0.09730561496846724,-0.007570443928843762,-0.050401933361020834,-0.514708106605049,0.2,-0.21628805989330083,-0.03144299759328234
96,3199.68,0.11283789416456318,0.4489925302277798,2.316929685538583,0.12260945199910035,2.371163901389298,1,-1.1295909099322792,0.5275291502514428,0.280677,0.0010656401695965378,-0.004775178647248524,0.1623724275940921,0.24685215025144291,0.2,-0.21194526881127512,-0.03190234085326443
97,3233.01,0.11628971738019064,0.4462644106581906,2.2789761503993304,0.12494495422751442,2.326853593529574,1,-1.283007112047167,0.26195348109346606,0.334744,0.006963735483970002,-0.0024681683881273564,0.15354004825784706,-0.0727905189065341,0.2,-0.2087752201604822,-0.03231770487178936
98,3266.34,0.05779235499103495,0.4446724574395818,2.2510299755860723,0.1252537515762067,2.2802553611518017,1,-1.6473660067358298,0.11477377693175139,-0.407066,0.09177225764111929,-0.0003990218704204018,0.0713367678647936,0.5218397769317513,0.2,-0.21504604044181327,-0.03221962075729572
99,3299.67,-0.005002659848824517,0.44279145847418105,2.2243936754194196,0.04958533622286802,2.255397290864316,1,-1.9820837367401556,-0.29372982443734186,-0.610892,0.08219674808467392,0.0018523076300778207,0.026219189001256193,0.31716217556265835,0.2,-0.22584005985737604,-0.031904464500574596
100,3333.0,-0.06260057459726932,0.44119708491374904,2.209380107631342,-0.034799824096853005,2.233241965780741,1,-2.2796015691189466,-0.6553220792902121,-0.7983,0.0644994127813252,0.004240823382031689,-0.02680987146694358,0.14297792070978765,0.2,-0.23516799390776022,-0.03157102355267127
101,3366.33,-0.11179428120088092,0.4438645218244032,2.228460643103146,-0.11305379785697836,2.218140704126463,1,-2.5112673226793616,-0.9650348608260666,-0.89932,0.03983244392148899,0.005427565605730322,-0.13623762071997536,-0.0657148608260667,0.2,-0.2386890735185872,-0.03140619690370423
102,3399.66,-0.022625111633849046,0.43546088847320086,2.2668272538288785,-0.2123395774719283,2.0364679833173076,2,-2.7719276431702453,0.3796265357419286,0.440156,-0.1675092357632355,0.020661685384136153,-0.13091525074068056,-0.060529464258071375,0.2,-0.23582576658928614,-0.028178075167387417
106,3532.98,-0.1404195945945878,0.435084415400776,2.3531921817795003,0.07424685106707593,2.1145528244795475,2,2.5943254306488246,-0.6406612085164767,-0.506722,0.08886239890317071,0.009217329290280407,-0.1451891523374349,-0.13393920851647678,0.2,-0.2234042213799483,-0.02880865374770692
107,3566.31,-0.012459370410531329,0.432145853205583,2.349037133862499,-0.1438096927216258,2.381579859780449,3,2.395141632931649,0.7882127039138869,0.817269,-0.16529492554168312,-0.00017402786155340522,0.03705854514449847,-0.029056296086113154,0.2,-0.24492274879572745,-0.02837662244401098
108,3599.64,-0.13607389674455314,0.43336729341528285,2.373845766229478,0.15496773707950112,2.2493127331462652,2,2.193471272636332,-0.977122451634445,-0.930303,0.1598704968285074,-0.000742390170787921,-0.011238481006519141,-0.04681945163444512,0.2,-0.24230192768767506,-0.028820780600850842
109,3632.97,-0.06824291369322484,0.43349634378840973,2.3652850498533224,-0.13755945775242867,2.4273245244810147,3,1.9275203408765877,0.39915584466635146,0.258666,-0.11627077410874787,-0.0060980479500925,0.07755061612108793,0.14048984466635162,0.2,-0.24210767152697996,-0.028519910811416565
110,3666.3,-0.02782284431552485,0.4306385475368842,2.3398028321035254,-0.06723725710452735,2.4192307235642323,3,1.6318581935109968,0.12323165570180628,-0.0526994,-0.05866477260839931,-0.0055427734317254895,0.13903862362299746,0.17593105570180612,0.2,-0.2355141579838441,-0.028770467146815294
111,3699.63,-0.010241900445658593,0.42659749903320493,2.3119100951830753,-0.03110115140378711,2.381617067544983,3,1.4139779387751163,-0.18640836638927638,-0.104976,-0.019020315729014303,-0.004283235005963615,0.1409688305073935,-0.0814323663892762,0.2,-0.2306888059016535,-0.02897832052591675
113,3766.29,-0.03399102846880672,0.42308219581118384,2.2902353050116044,-0.017167957914575913,2.3397826908402917,3,0.9995804132068047,-0.6380091811652235,-0.495773,0.03889691611570267,-0.0027181166629111075,0.060934830711734556,-0.14223618116522374,0.2,-0.23571353978260548,-0.028762423266076687
114,3799.62,0.0962882262275006,0.39642721303226636,2.233924997416066,-0.1738166777338068,2.1454922571915036,0,0.8352680102390804,0.7734231107350569,0.993362,-0.01407587451893999,0.021086828619173215,0.4389297081208037,-0.21993888926494298,0.2,-0.2390779530701435,-0.024252165554005868
115,3832.95,0.10907976805681269,0.4044101710191197,2.252410343704577,0.0010079517572775532,2.0636324395811245,0,0.6222719452058758,0.6226904141345897,0.677791,-0.09274196433782045,-0.005517600789906041,-0.17687332245697585,-0.055100585865410334,0.2,-0.2535630343440757,-0.024489759177000008
116,3866.28,0.15224420601062685,0.41028418252376847,2.2853995575290473,0.04918189987834452,2.067750824791555,0,0.4045164660587446,0.4097912286855325,0.407531,-0.04547636792606502,-0.002902660430764037,-0.17680131337974592,0.0022602286855324394,0.2,-0.2521415641387374,-0.025649644264481873
117,3899.61,0.166869105494646,0.4154510649844417,2.313703979135114,0.13881635802242887,2.093362486484699,0,0.2095163141166383,0.1906040744878883,0.243905,0.02105817871674942,-0.002834365333849842,-0.11167069855909384,-0.05330092551211152,0.2,-0.2490576857363045,-0.02634517043560384
118,3932.94,0.14049278356833997,0.4120438941703981,2.298058009531004,0.18918863686157056,2.1219847003156245,0,-0.013713291556192164,0.0008218899660339396,-0.0713674,0.07279224577628574,-0.003170134028886107,0.11755739579466562,0.07218928996603413,0.2,-0.24485352453516368,-0.02638980995591754
119,3966.27,0.0946418310723837,0.41789697114569685,2.323831314913528,0.19802618637539,2.1075025234626383,0,-0.21092521106980788,-0.22513081246482036,-0.20738,0.09571511642707797,-0.004046919524508308,-0.08066881219149868,-0.017750812464820243,0.2,-0.2385968062472881,-0.02683679766584449
120,3999.6,0.016911158992002698,0.42086433193397677,2.3266564794528763,0.17719108867222022,2.1492737310486225,0,-0.4377623233863206,-0.41734805895006666,-0.499605,0.11695008734622636,-0.005372371164801049,0.019470814173228934,0.0822569410499332,0.2,-0.23220759201041735,-0.027114618497946216
121,4032.93,0.0005132830724591808,0.4348494250543428,2.3610903628463737,0.12406700950644332,2.175081028111772,0,-0.6119286419723453,-0.6469458520060352,-0.588862,0.110153237081283,-0.005410092749584816,-0.02073885933801156,-0.058083852006035386,0.2,-0.2568882538394985,-0.023003297824276618
122,4066.26,0.03622420832005465,0.4372330824513457,2.3361260840964846,0.025192923900238362,2.41675892293169,1,-0.8070094411841255,0.7577017672784065,0.745408,-0.09485111734074403,-0.00944363628842071,0.15565336118131956,0.012293767278406698,0.2,-0.25799611741942013,-0.0225303049144342
123,4099.59,0.08841834832620374,0.4463664149120109,2.358261728378768,0.0625515192793924,2.3938263800408492,1,-0.8342384411205588,0.5629231061870064,1.07192,-0.0918915955712909,-0.007464431727374876,-0.051766096691034935,-0.5089968938129936,0.2,-0.2606570609691082,-0.021183610506092014
124,4132.92,0.1004951799836853,0.44643541644195234,2.323810990556382,0.1272159949640731,2.4197336685464426,1,-1.075070208168631,0.5770664729491015,0.340064,-0.009180680498833915,-0.00464520815115721,0.17834208659105455,0.2370024729491016,0.2,-0.2558744041214516,-0.021708663489349227
125,4166.25,0.09798332439161987,0.43950360089326307,2.246417863154476,0.1249375264697312,2.380460400784018,1,-1.5214232765001792,0.31686260258883614,-0.425446,0.021057193635465765,-0.003915811423661708,0.31511279581331575,0.7423086025888361,0.2,-0.24978065017923504,-0.02262751969490363
126,4199.58,0.07386293304833301,0.43962310359165474,2.2233774733861766,0.09369647533126958,2.286340742145393,1,-1.7149151928423028,-0.1920084700213205,-0.0570315,0.036522207496659576,-0.00023650381434459078,0.045027208061409585,-0.13497697002132059,0.2,-0.25450447453097974,-0.02253219786628623
127,4232.91,0.03901367788717051,0.438940585131892,2.202511470402537,0.05410682095974441,2.263208727314336,1,-1.887790416549688,-0.37437786121581684,-0.214512,0.04569467494826007,0.0020497475350804706,0.018833335354250913,-0.1598658612158168,0.2,-0.26066565616116893,-0.02235446415796024
128,4266.24,-0.00021216857910720532,0.4369455773814154,2.1836731923853607,0.0024067144174925795,2.242705230078706,1,-2.0852912958647,-0.5342054985194538,-0.477348,0.04769392965669805,0.004161042340486976,0.004707120036450796,-0.05685749851945365,0.2,-0.26621265941498673,-0.02213607563443154
130,4332.9,-0.05860097235240308,0.4302019647439228,2.150673843877171,-0.07657624634632791,2.1975237572821182,1,-2.4315221665023654,-0.9402862580708087,-0.770944,0.04056858749564274,0.008825190638243718,0.0033591006447450944,-0.1693422580708086,0.2,-0.27092648681611925,-0.021729186575700034
131,4366.23,-0.09697831442004577,0.43038513275001555,2.1694421752160404,-0.13764539998288733,2.1722851015596083,1,-2.532987737995296,-1.0569682151634434,-0.833734,0.02089656513124094,0.007459889441078449,-0.11820376002338007,-0.22323421516344322,0.2,-0.270808375066049,-0.021648452806277894
132,4399.56,-0.008401543768362961,0.4295752451723089,2.244234882479414,-0.2014445032353333,1.9792888634572268,2,-2.6517963349044456,0.4321556984458428,0.610911,-0.18662095732802575,0.021278982489820297,-0.21983236662602845,-0.17875530155415742,0.2,-0.28352097677909793,-0.019046748132146248
136,4532.88,-0.11269394132153236,0.43671431953713363,2.376560518592404,0.013232727487509512,2.0739665594968013,2,2.805326998053168,-0.16313883297608633,-0.464399,0.0616387092029691,0.010659832281103121,-0.2388550667411189,0.3012601670239139,0.2,-0.2670041081534352,-0.020275387487047606
137,4566.21,-0.022582932668944275,0.42972611581117404,2.353712052822358,-0.07133145680141077,2.430331544227911,3,2.527730013612876,1.0395766664627537,0.807871,-0.13314008078451378,0.0011391611727833428,0.09558138205400368,0.2317056664627537,0.2,-0.29082415823062807,-0.020143571592142594
138,4599.54,-0.08014572725006505,0.4271188747192561,2.333575201202075,0.03805116566831665,2.4366395809162817,3,2.2688619810203905,0.7446207643555418,0.64354,-0.06770232219391303,-0.0034675014122069747,0.24533100733214885,0.10108076435554203,0.2,-0.2870116078917788,-0.022160898588678833
139,4632.87,-0.042094730500004035,0.42672397847275917,2.3271097718570855,-0.05056510270564068,2.423375300249191,3,1.9853362422367944,0.47696455755637857,0.245152,-0.0824766409394222,-0.005370414027724646,0.06514558533851345,0.23181255755637853,0.2,-0.286735832515578,-0.0218720253087091
140,4666.2,-0.009419382661783215,0.42516338549708266,2.3099270324994734,-0.028584187096623057,2.4225997131465107,3,1.6699204606531355,0.17855257164063332,-0.0745294,-0.04937242488875171,-0.005857121045293123,0.11189434817135302,0.2530819716406332,0.2,-0.2812392147744552,-0.0219068423394108
141,4699.53,0.01065999830966088,0.42155183271832425,2.284538171980193,-0.017593606409969677,2.396169258925522,3,1.4598559172696275,-0.1560586582865433,-0.0267914,-0.024030956893415834,-0.004736813370733284,0.14434787839183327,-0.12926725828654329,0.2,-0.2756582895094238,-0.022072540148182624
142,4732.86,0.012496970543408262,0.41715544646132025,2.2530557732553365,-0.008335118737772075,2.35620107430977,3,1.2560711548267207,-0.355048508765762,-0.239207,0.005412980379053245,-0.0032495099555074347,0.12833915340511348,-0.11584150876576205,0.2,-0.27482728342440843,-0.02213429293649767
143,4766.19,0.0018183445361688519,0.4098588667645851,2.204459465258699,-0.020176324270002696,2.3125120050917243,3,1.0323605605748938,-0.5491084899947101,-0.51398,0.024274069689785183,-0.001928673093597233,0.16206903851371912,-0.035128489994709966,0.2,-0.2769526470141377,-0.022179004393123983
144,4799.52,0.08378077258949855,0.41956599608548195,2.253556102065472,-0.048404024682278765,2.248648688689792,3,0.8371718992504604,-0.7703145329090777,-0.678298,0.03672059592005139,-3.635559725223558e-05,0.02641650725453948,-0.09201653290907785,0.2,-0.2647087785948728,-0.025549813419716974
145,4832.85,0.05113634945991836,0.41697343764614214,2.23902008389012,0.048222657799133636,2.2905048942591484,3,0.643247536759695,-0.9563004124948868,-0.848698,0.09736347765410436,0.0009874750275571387,0.03342768327232104,-0.10760241249488711,0.2,-0.2735079641324502,-0.025524429272147733
146,4866.18,0.07783382641206767,0.4207033390589008,2.272355203968425,-0.02394742455304131,2.0555598360937846,0,0.4850373654494984,0.4273372773640478,0.591945,-0.09712434714795748,0.006038268531901814,-0.1687100212862327,-0.16460772263595214,0.2,-0.2849122514587261,-0.02583117579391236
147,4899.51,0.12035889531344075,0.4244664609296824,2.3063400768684135,0.033040321513482684,2.086776464676045,0,0.31198287108938016,0.28340749613519955,0.409259,-0.05183773610336084,0.003940502753737363,-0.1549209080278673,-0.12585150386480048,0.2,-0.2855541831822719,-0.026471100429574616
148,4932.84,0.11490473370132281,0.4270261377206089,2.3420656689444677,0.11418619682424946,2.1192492978501587,0,-0.009264535447174094,0.11765492984495785,-0.284649,0.015084543282204876,0.0020776048027864036,-0.08058555843148829,0.4023039298449578,0.2,-0.2802124275909092,-0.026883032978903747
150,4999.5,0.0579447813304558,0.43124502547971694,2.3774626227254947,0.23057793947157032,2.1927117131709704,0,-0.36985688476722256,-0.46090915289367507,-0.290847,0.11701737116427413,-0.004484717517995396,0.011696590782692695,-0.1700621528936752,0.2,-0.27082226236143436,-0.02752571363558055
152,5066.16,-0.057603625389075326,0.43544678137107473,2.3935303582699774,0.19365853919946296,2.266906814445597,0,-0.6472996161159452,-0.7776944206455685,-0.546598,0.13291412499907906,-0.008626674472125284,0.08161954623506062,-0.23109642064556857,0.2,-0.26403854804044197,-0.027826402188564244
153,5099.49,0.020467696850050288,0.4377691010738771,2.3412557563593754,-0.03544153301434329,2.454538820528086,1,-0.7957062720377355,0.7478601555401863,0.768919,-0.12139217875596664,-0.014486783592699393,0.19838588349066777,-0.021058844459813653,0.2,-0.2685322886816282,-0.026492640810231928
155,5166.15,0.05993382030811005,0.43993260287691865,2.28709352173935,0.038346897496466165,2.4144728725716806,1,-1.161349649002223,0.43115335953670275,0.377087,-0.05184923604564906,-0.009947502249236795,0.17642266393941908,0.0540663595367028,0.2,-0.26248407427948806,-0.026415378768634996
156,5199.48,0.07376807355613851,0.4373459346311434,2.2341443050157426,0.07703131619254389,2.344464376735263,1,-1.3091353991890364,0.23295639622010134,0.300205,-0.014412435780502442,-0.0052943084643093385,0.16151775749930408,-0.06724860377989872,0.2,-0.25775627243025995,-0.026738131206461676
157,5232.81,0.06642107589894483,0.43583596263651037,2.193890693401086,0.083491732756039,2.2813160447646115,1,-1.602486961807595,0.09119515942035283,-0.220152,0.01984122926446119,-0.002824456524530561,0.096538072460981,0.31134715942035296,0.2,-0.25730570384862017,-0.026865833398321617
158,5266.14,0.04239421415687472,0.4343966943736449,2.1623164496125304,0.05595550739340071,2.235407228324512,1,-1.8180618691038612,-0.22795582687007032,-0.276251,0.03541623428995644,-0.0004217397761521191,0.051741516501514706,0.04829517312992948,0.2,-0.260596768674112,-0.02683098670094109
160,5332.8,-0.011905591875886912,0.43410102717016463,2.1433759208850414,0.002074521631355568,2.1776444925608613,1,-2.1769435048814993,-0.6483864519366471,-0.558488,0.05671284447933411,0.00575830006955691,-0.06398587705254943,-0.08989845193664703,0.2,-0.2676631748843624,-0.026569288643186813
161,5366.13,-0.05601736634867843,0.43139951825510076,2.1395055739931212,-0.07043047531873742,2.1767352322903277,1,-2.3590578679864804,-0.7981426904280315,-0.773757,0.04424307036077302,0.006849442549534235,-0.04841825237041553,-0.024385690428031737,0.2,-0.2714977644281355,-0.0263669126367601
162,5399.46,-0.09789279172976843,0.43620751296665333,2.1816843129211008,-0.13105839379006434,2.167345916103823,1,-2.511867204744665,-0.9784317925108184,-0.887324,0.02991991003936878,0.007243849144648706,-0.19564076760906746,-0.09110779251081835,0.2,-0.27120551169721563,-0.026333774537994934
168,5599.44,-0.0782892514460023,0.43869340077238256,2.347857322636069,-0.1292039795966115,1.9768959188805115,2,2.6438301668842126,-0.4639497861691275,-0.488037,-0.008400975972307823,0.02571579546680658,-0.2922088997721457,0.02408721383087231,0.2,-0.29744179425414824,-0.025530313130028917
169,5632.77,-0.007436857475101824,0.4329680790513033,2.3298111356261497,-0.006698402208053927,2.4297595972124624,3,2.451305508476546,0.886478931065227,0.830446,-0.10820980986976769,-0.00021624353576399358,0.09084132253929589,0.056032931065226776,0.2,-0.30655958486044177,-0.025488989838452755
170,5666.1,0.05057105555024655,0.42880217714128543,2.315617376253471,0.06685037326326658,2.4285954388380135,3,2.307751592363566,0.6923378294505493,0.794046,-0.07542259693727837,-0.002886227586786916,0.10078818882676499,-0.10170817054945047,0.2,-0.3064474117895895,-0.025368332498798007
171,5699.43,0.08288867967463714,0.42327579557205264,2.280304035774828,0.12113511503224861,2.4188176127229246,3,2.1163323291610068,0.5579281217635206,0.516038,-0.02518800347027428,-0.005408634613261132,0.17498379349203397,0.04189012176352058,0.2,-0.302914525347081,-0.025299727010933783
172,5732.76,0.09846797845838225,0.4233351970349088,2.263503829276327,0.1366951390437371,2.38259496353457,3,1.7654675580346426,0.3639565953900217,-0.100797,0.013239953325302256,-0.006454401727934211,0.06186461934869536,0.4647535953900217,0.2,-0.30284908066723415,-0.025027240536670964
173,5766.09,0.09650510186610306,0.4205116381449666,2.2341215748923835,0.11253850396395844,2.3695191213575812,3,1.5377798773376936,-0.026607653910897255,-0.0371685,0.024067774818463672,-0.005211975697992255,0.12018577698317046,0.010560846089102682,0.2,-0.30414850165721535,-0.02489332492765763
174,5799.42,0.07104022466611362,0.4166114798402101,2.1985010139989183,0.08369763973853968,2.333381203665251,3,1.503921180921143,-0.2556726637904134,0.261317,0.03332284928119611,-0.003541168293474506,0.11656585743106396,-0.5169896637904134,0.2,-0.30863499002364364,-0.024768443195178666
176,5866.08,0.1462047664292462,0.4311108061704567,2.285321376568753,0.04096150454484793,2.284630551822201,3,1.0039230425893066,-0.42401963792238284,-0.628622,0.0705324382874033,-0.0012581916622509404,0.07088384945832837,0.20460236207761717,0.2,-0.2831769469404668,-0.02982785309943718
177,5899.41,0.15590352278585762,0.4335246988975196,2.307373113563772,0.10465513859311412,2.3526397363693743,3,0.7697353521798385,-0.7756277940456204,-0.791242,0.11609532534562117,-5.388448938159485e-05,0.08788490070915245,0.015614205954379567,0.2,-0.28735207143931024,-0.03105786101979266
178,5932.74,0.15386445566071905,0.43376332837012616,2.319112695065562,0.06644055861332232,2.1493941160788985,0,0.5857221626610372,0.5552063194660182,0.660971,-0.06285954328731513,0.006084363720308961,-0.11407408573853717,-0.1057646805339818,0.2,-0.30095241510999354,-0.03113795274847668
179,5966.07,0.18420816086912042,0.4350767075340335,2.3490644025729024,0.09300016828781989,2.147798391899947,0,0.3957979054357468,0.3786609180216476,0.45718,-0.02997139911772484,0.004949187872596017,-0.09197069672563485,-0.07851908197835256,0.2,-0.30116050801655303,-0.03120395420506916
180,5999.4,0.1695755810553286,0.43724577812887006,2.390480544921197,0.1623705044381861,2.1701265613884178,0,0.04594700087003911,0.1932943318650251,-0.294186,0.028600301417134766,0.0023913348365556253,-0.0687812882661838,0.48748033186502493,0.2,-0.2945748863348551,-0.03154845650562226
181,6032.73,0.1537735034679155,0.4379173866345292,2.40603367763359,0.2190049877597433,2.214750364433008,0,-0.04679683068392171,-0.1942259838114757,0.217619,0.06889340146345457,-0.0014364985864681046,0.022607948296605507,-0.4118449838114757,0.2,-0.29099714314706815,-0.0317780773573931
182,6066.06,0.09725068678785664,0.43827215262545566,2.418436322487718,0.20815325855894937,2.232403043921735,0,-0.2223854491248849,-0.24963914744924587,-0.203038,0.09816836639793358,-0.002780279006329156,0.046928115638922296,-0.04660114744924604,0.2,-0.28477366653421615,-0.03203355667834516
183,6099.39,0.013386306130072856,0.43065262155526896,2.3784636006220765,0.17139601868005983,2.254614930177699,0,-0.45597190721201875,-0.41740659490418786,-0.5604,0.101540549334032,-0.0047618443933510335,0.23428213894548788,0.14299340509581215,0.2,-0.2783475709129806,-0.03220101720587201
184,6132.72,-0.07048198581433493,0.4320078115516511,2.377452331951347,0.11477054383695837,2.22997141285903,0,-0.6137786008423749,-0.6584629326091287,-0.552841,0.10000379990885566,-0.006466894541730994,0.04349314813113336,-0.10562193260912878,0.2,-0.2739338927186052,-0.032278215088323056
185,6166.05,-0.011527305664090548,0.43856025389080255,2.359628426929939,-0.051956837988998764,2.4390437815593233,1,-0.7614616935817509,0.7664418131586652,0.826185,-0.1352899129238061,-0.016392817889550493,0.08837675395854161,-0.059743186841334506,0.2,-0.2861362346945291,-0.028853666304185958
186,6199.38,0.029794330998918494,0.439867369565887,2.3127410915798357,0.022474934991047583,2.434795825387673,1,-0.9342930028836047,0.6262749705707371,0.626687,-0.08396163539435841,-0.012483839562192678,0.18387503845587716,-0.00041202942926288344,0.2,-0.2826841825444582,-0.028231791989434978
187,6232.71,0.05926076418716182,0.44081574708709986,2.271884671226451,0.060062957067112524,2.384701927672575,1,-1.1109055167266977,0.4549510625717228,0.457603,-0.04956704632889819,-0.008637234811341266,0.14270520913698048,-0.0026519374282774066,0.2,-0.2774807349037076,-0.028184586453035287
188,6266.04,0.06776030813959043,0.4391231362451335,2.2242583924457837,0.080887999150717,2.33817407559831,1,-1.2897727466912683,0.2793120441114807,0.282995,-0.011279475342945045,-0.005335454881313595,0.15572881574704933,-0.0036829558885194125,0.2,-0.27276681869568237,-0.028540767278196523
189,6299.37,0.11142007300843851,0.4134029029960347,2.0395162656561276,0.07680926047067364,2.2823541322332828,1,-1.3725501744907715,0.10102265089055118,0.365681,-0.06599377185222588,-0.00578083490609238,0.694529299283744,-0.26465834910944874,0.2,-0.25497343053580396,-0.03065275719600082
190,6332.7,0.08059374514466008,0.4182486887104169,2.0457509212124045,0.12275765878417164,2.0534817523863773,1,-1.5624069908499025,0.041297714906878724,-0.0472467,0.05842806354599217,0.0011941871157663542,-0.1898665307859697,0.08854441490687881,0.20015790027082023,-0.2611992004982064,-0.030182395930752084
191,6366.03,0.04460489794478923,0.42244093147237216,2.054001929873333,0.07315575910913635,2.0726195888239958,1,-1.7736314711982337,-0.15649473426443938,-0.280608,0.05969293218082283,0.0032120747701123165,-0.1768832822247095,0.12411326573556059,0.2,-0.26725631964744834,-0.02987807855854451
192,6399.36,0.0028121194181891795,0.4250183168751049,2.062146826436292,0.0150030220581184,2.0898855935256466,1,-2.001438038799022,-0.37872054777133357,-0.518134,0.06031054910454614,0.005431219032345336,-0.15475639703879596,0.1394134522286663,0.2,-0.272970648969943,-0.02962948748321834
193,6432.69,0.004511994677426209,0.39195967620577776,2.042920459474723,-0.17162515653636207,1.9253701918270618,2,-2.224178348112665,0.9520202692759518,0.865194,-0.020842111934535,0.03560368477863873,0.02839555371328939,0.08682626927595205,0.2,-0.271725599807259,-0.02002058624679663
194,6466.02,-0.041125800996978226,0.39866045034249237,2.0743863687521777,-0.05852647237993172,2.0699450228055007,1,-2.424570350664164,-0.8492510631938006,-0.853223,0.057671121877876264,-0.0023465902084320867,-0.22830087911866892,0.003971936806199228,0.2,-0.2781174371586842,-0.01936775646943204
195,6499.35,0.03779647912638894,0.40329395398279666,2.1515663156305243,-0.15648006614608312,1.889143004344188,2,-2.6443323215880365,0.5201081257858071,0.527492,-0.157739785088562,0.013534665410642077,-0.30063472396395796,-0.007383874214192954,0.2,-0.27171756860328555,-0.01996335047797845
196,6532.68,0.08397483223187516,0.4074266230984707,2.2089007049769402,-0.018345455381202705,1.9627053187680592,2,-2.818337069265606,0.2956638508565974,0.40191,-0.06837245265415204,0.008030855454892016,-0.2207992114728845,-0.10624614914340258,0.2,-0.2694267061893069,-0.020654242862416728
201,6699.33,0.16847135148122236,0.4073197588194784,2.261772970162835,0.19238477699244025,2.3064080509486895,3,2.4492468183985654,0.9177832640926482,0.859549,-0.024035495419695074,-0.006354496465924786,-0.009226137328290918,0.058234264092648313,0.20017195859402087,-0.2730773887326645,-0.019586917054075014
202,6732.66,0.01689755550152186,0.4215351746443065,2.3203946093909416,0.22930678022133852,2.329525353515088,3,2.344872972207318,0.6764820414953654,0.768207,-0.0014517117393020307,-0.004912595492480687,0.05923189542643925,-0.09172495850463447,0.2,-0.27334570653005025,-0.021792611584713274
203,6765.99,0.03967236336972464,0.4176090500207237,2.2874714044524143,0.0496220478964125,2.400001431200481,3,2.1338502406749065,0.5893251921197038,0.498881,-0.04989040452523241,-0.004584378712746862,0.19278832522710232,0.09044419211970389,0.2,-0.2697094644017504,-0.02216023508341281
204,6799.32,0.05171066242631387,0.4177639475973251,2.2743908033610696,0.06202473115856057,2.3642402612769025,3,1.8851457025840697,0.37290652544974634,0.195719,-0.021110186540906906,-0.005077100367604448,0.09101326107326946,0.17718752544974636,0.2,-0.26703052352703277,-0.022171176683573907
205,6832.65,0.05057919852539654,0.4176032798172789,2.2607770429994596,0.05864429366550006,2.3493730687099057,3,1.6295938172425748,0.11087879072853823,-0.0362569,0.0029467953579755957,-0.00407204289137697,0.08306756026864548,0.14713569072853838,0.2,-0.26573518288975645,-0.02219836825690176
206,6865.98,0.035058432239592485,0.4164196285594093,2.2446412094631087,0.03967328515182154,2.3309003283010026,3,1.4169872583236671,-0.15692805936521736,-0.144599,0.020205800799524276,-0.0023926067902237946,0.07727546362243354,-0.012329059365217443,0.2,-0.2672786269108878,-0.02214670728648131
208,6932.64,-0.012132482195258733,0.41572413610756276,2.2333145066471793,-0.008372899391315552,2.3050596110257495,3,1.0035060884714815,-0.5836752499736164,-0.545264,0.04635191560238283,-0.00021501093183751152,0.02556710886997715,-0.038411249973616446,0.2,-0.274330183393782,-0.02187858123382333
209,6965.97,0.06443382288160218,0.42521635102598504,2.2897026264138955,-0.07424905421763627,2.286721446072499,3,0.7576732594033664,-0.7788612085946944,-0.792918,0.039871949442432,0.0015541839316122186,0.004407133999040802,0.014056791405305802,0.2,-0.26866110294949785,-0.0242044646726313
210,6999.3,0.08544519342068285,0.4237223861422106,2.291489948710286,-0.03344089916360449,2.1282842269907727,0,0.5590138615185336,0.5394723436250732,0.660618,-0.10255711671046264,0.004230708141712114,-0.03448780875760127,-0.12114565637492669,0.2,-0.2858151464087956,-0.023560279512616685
212,7065.96,0.08779896124821784,0.4264662027047237,2.338301009873558,0.07546869644988642,2.1163066525005583,0,-0.05454076158552601,0.13170159279030313,-0.351605,-0.0048258371041276504,0.0027166987756190863,-0.05743928427343681,0.4833065927903033,0.2002982658938117,-0.281419770836103,-0.023705403010774288
214,7132.62,0.028293715368683692,0.43313709185670746,2.380732602469601,0.2078814658838979,2.1986973987872998,0,-0.4154398284550709,-0.5705552763367177,-0.273186,0.1003095299024781,-0.004339606974751664,-0.008271581020618424,-0.2973692763367177,0.2,-0.27283172160035435,-0.0244410034651427
215,7165.95,-0.025195406019703374,0.4369894447271799,2.399271722130979,0.140686439781055,2.2368590957279437,0,-0.48216152717950056,-0.6392819117032831,-0.283829,0.08174720129117707,-0.005108008158631883,0.026572616501987056,-0.3554529117032832,0.2,-0.26910158406236906,-0.02470248911950841
216,7199.28,-0.02705491814298039,0.44282765111063155,2.392632955612298,0.08385271625597901,2.2597957481285165,0,-0.6288868148331139,-0.6722085840780512,-0.630567,0.09005390909457045,-0.004924187715141137,0.10768720347249383,-0.041641584078051075,0.2,-0.2903354103203473,-0.02167064677208154
217,7232.61,0.016079235821090637,0.4440472960214582,2.3623336717295738,0.021164909006548445,2.4736855815340424,1,-0.798756890849492,0.7606574709797833,0.760089,-0.09956918647037538,-0.009601985511049183,0.17633830007726115,0.0005684709797835197,0.2,-0.2919494729222129,-0.021261124084805873
219,7299.27,0.04839028220648851,0.4446330206931795,2.313757127180694,0.04509644314625308,2.4651944691521592,1,-1.1586566224946575,0.41303575315606533,0.398124,-0.047585880255715196,-0.008068216941318873,0.22698225240564662,0.014911753156065188,0.2,-0.2830333969312048,-0.021789454391350847
220,7332.6,0.06279433064522637,0.4399715830697156,2.2537247714273123,0.07062169394554313,2.3935565791073867,1,-1.3039074882222772,0.2325527798248297,0.315995,-0.015435937871080885,-0.004872409681236256,0.2181738576042518,-0.08344222017517033,0.2,-0.27633004798321675,-0.022418546002401295
221,7365.93,0.05933601186795004,0.4367724288826975,2.204789868633122,0.07503760286322227,2.3196078317559,1,-1.609049353810731,0.09517668775160315,-0.246654,0.018585685444060474,-0.002805856411096208,0.13494612750095136,0.3418306877516031,0.2,-0.27499834496409276,-0.02265883019286507
222,7399.26,0.03814213176957576,0.4349645273317061,2.172541674641686,0.044962373759889526,2.261953848705606,1,-1.8173375089455877,-0.23910290845592286,-0.255221,0.03241615329425418,-0.00023026076923038374,0.05086089744344546,0.016118091544077284,0.2,-0.27823213871518837,-0.02261454864951639
225,7499.25,-0.03238346110027117,0.4263519812664805,2.118234294396676,-0.02302170225273569,2.1701891799238626,1,-2.380159279576526,-0.8542688821523758,-0.774544,0.06462594333188854,0.009661765705302638,-0.020894688470813882,-0.07972488215237572,0.2,-0.2869361376154636,-0.022205913028750135
226,7532.58,-0.08106598350023156,0.4291931484389761,2.1593808358174345,-0.11686931935333218,2.14774061578939,1,-2.548319950139329,-1.003774691763606,-0.950988,0.039458005867960555,0.008348347889433061,-0.182069626768671,-0.05278669176360573,0.2,-0.28815307569711174,-0.022094955383783164
231,7699.23,-0.17461831395197477,0.4249551353765414,2.267473546114907,-0.09657126876508511,1.9260487784947729,2,2.7164137252958866,-0.3546581590542832,-0.439032,-0.007062022503868004,0.0244467379444524,-0.270076041973484,0.08437384094571687,0.2,-0.27874086858279584,-0.02134295681719975
232,7732.56,-0.05198250929213638,0.42124132399480707,2.2698933980102955,-0.12863494146975538,2.3216671955144865,3,2.4997008759555603,0.9456097399009753,0.84475,-0.1619806872413876,0.0029464035378792275,-0.010239534113249515,0.10085973990097541,0.2,-0.3079958304778509,-0.020961656086899046
233,7765.89,-0.08666244459171075,0.41854288123953554,2.2679121617844378,0.019791753844875762,2.360741578419753,3,2.302456242727093,0.7247245819822048,0.70613,-0.0848381944321237,-0.002024677935323016,0.13365989507646603,0.018594581982204872,0.2,-0.3124087952804109,-0.02176417874905438
234,7799.22,-0.045496971743002546,0.415673054568538,2.248957336744417,-0.03566355172956883,2.3748511218582777,3,2.0688254904039667,0.5292524827922236,0.395275,-0.08082754495094902,-0.005809430457345499,0.10536435493898777,0.13397748279222377,0.2,-0.3116024851378978,-0.021494708068720392
235,7832.55,-0.009646986767616966,0.4162456568662846,2.240946236992812,-0.01153359742256873,2.3623200898038945,3,1.7368196389593944,0.28804435728008926,-0.097016,-0.04697997900674178,-0.0064714801812879585,0.03692224001500355,0.38506035728008925,0.2,-0.30930773193355915,-0.021103587335916416
236,7865.88,0.01611953332572153,0.4148332680726895,2.227209394192834,-0.009193648398877709,2.354540312414474,3,1.5114855410609769,-0.07402877614156367,-0.0356271,-0.025520126999967196,-0.005349983241092815,0.08704134518403084,-0.038401676141563534,0.2,-0.30452073983524003,-0.0210541341927856
238,7932.54,0.017930121709708514,0.4113349745332078,2.2017754382825596,-0.013522888461732968,2.3201082374716155,3,1.1313577805288553,-0.5318920942096241,-0.33177,0.018458006694043405,-0.003411411967771727,0.07667613340863522,-0.200122094209624,0.2,-0.30714540160218584,-0.020899966996680758
239,7965.87,0.012485633192609204,0.4059894392220169,2.1615443144290647,-0.03921951745308939,2.28401208503156,3,1.0004393630877066,-0.6552810008070793,-0.449786,0.011190260789805784,-0.0017843276792208762,0.11095021951614159,-0.20549500080707928,0.2,-0.3087048506618018,-0.020893471565048456
240,7999.2,0.07873539155016401,0.41278925768130265,2.2179686712637827,-0.1253147524549375,2.0144356489804327,0,0.696470625428713,0.8027984265784855,0.683826,-0.15470010663942357,0.00443574445750583,-0.19624313829587559,0.11897242657848572,0.2,-0.3101671875020529,-0.022176455189382382
241,8032.53,0.13007074154715875,0.41811218786074855,2.2633411703671595,0.0028977780805867076,2.0434497321339946,0,0.4507671861537714,0.47675895764113996,0.421581,-0.06323611953900965,0.0042643225281087105,-0.18310202581722868,0.055177957641140196,0.2,-0.3069271459067435,-0.02320116864957603
242,8065.86,0.12640377819932933,0.422361668916039,2.314171117418951,0.10774827858574434,2.07818567751358,0,0.06251502366203487,0.22536721167554807,-0.281494,0.016227599055087527,0.0029698875715573614,-0.12266099950906995,0.506861211675548,0.2,-0.2994914311754643,-0.02384953756831016
243,8099.19,0.09139900963058167,0.42811378455826316,2.353942091793312,0.18426422312403884,2.133452536173124,0,-0.20224530093746695,-0.2018897609904915,-0.225983,0.08458420499639718,-0.0009111062758568877,-0.08144992567897225,0.024093239009508327,0.2,-0.29099316526039487,-0.024678559752282125
244,8132.52,0.034572877041373684,0.43201147242252164,2.3736108071675854,0.18897742719443306,2.1941755474360205,0,-0.4214253760947919,-0.4658050184646494,-0.366064,0.10949363410993218,-0.004305386434894309,0.010532228661550569,-0.09974101846464922,0.2,-0.2836534105321887,-0.02517752129433368
245,8165.85,-0.03197202324393619,0.4364548910584512,2.39264160138725,0.15450371688011275,2.2365335312438526,0,-0.5842830117016726,-0.6730597759039085,-0.444724,0.11155750056238478,-0.005562902327021391,0.017273512977464822,-0.22833577590390863,0.2,-0.27817865816686227,-0.025496219801471546
246,8199.18,0.02357201302899855,0.4394120242650061,2.365849851239902,0.004808956846934401,2.4691259163625867,1,-0.7728125452190806,0.7572564479152533,0.819347,-0.11108336714154543,-0.012815007056164784,0.16194644343628273,-0.062090552084746786,0.2,-0.2855381362481685,-0.02381753682160597
247,8232.51,0.06644511517314314,0.43511103557980224,2.293581769227837,0.06642521141574542,2.450960487056944,1,-0.9502275357854986,0.5763028586346763,0.674116,-0.06931252614268013,-0.011086247410344363,0.32580660784461113,-0.09781314136532382,0.2,-0.2764442810290237,-0.024477630997647496
248,8265.84,0.09226973306661093,0.436291842204911,2.26043803844119,0.10158207914787434,2.363821388360383,1,-1.1468191789791349,0.40850327926188035,0.445086,-0.030516154884840052,-0.007518556685493394,0.126602255326004,-0.03658272073811952,0.2,-0.27223239015247713,-0.024371981264433924
249,8299.17,0.09831577121912852,0.43545874820382374,2.22342456796902,0.11627587448842669,2.3258398362293686,1,-1.3286084801278315,0.215390361688093,0.289753,0.0011398833217324267,-0.0045234226317480974,0.1291477100847538,-0.07436263831190715,0.2,-0.2689613720967553,-0.02459760343173412
250,8332.5,0.08541395771510325,0.434339707145663,2.1857989997277487,0.10920082404293041,2.2821197409591774,1,-1.6376845536768683,0.03987894649953372,-0.246654,0.03406184024041892,-0.002775071884971503,0.09828595464670498,0.28653294649953365,0.2,-0.2697126319764119,-0.024681857566216773
251,8365.83,0.05129171040388899,0.43345232642798576,2.1567479620177683,0.06957273193854448,2.2383990774665166,1,-1.6658720382822902,-0.2934606663390662,0.25089,0.03924810614619423,-0.0001492731161563121,0.04358765841683443,-0.5443506663390663,0.2,-0.2743984832182602,-0.024583560342522712
253,8432.49,-0.002916552017698207,0.4316248052084444,2.128359235785313,0.014643474853472838,2.1910730769232467,1,-2.082404115324578,-0.45821661672382685,-0.566058,0.06118064397770562,0.005414931660724598,-0.027293372656342463,0.1078413832761731,0.2,-0.28027572183883953,-0.02432081461667795
254,8465.82,-0.0464124202808357,0.42707935577110856,2.114610044848904,-0.06539748413670075,2.1744851024768925,1,-2.307039295130659,-0.704950640592056,-0.777224,0.04539783411500187,0.0068303756804088955,-0.018305078792232088,0.07227335940794388,0.2,-0.2843915886817769,-0.02406928460213818
255,8499.15,-0.08942652160750819,0.4308012847667212,2.154231508867109,-0.13044336091436812,2.1502147075895675,1,-2.512220606290666,-0.9364508245942837,-0.954006,0.03336438534808828,0.007884052019032861,-0.19232475271062643,0.017555175405716383,0.2,-0.2844541792470618,-0.02399803451503424
256,8532.48,0.0041241462622217395,0.42763604357857654,2.221741069737235,-0.19312650786781882,1.9656749305528571,2,-2.745330772671055,0.4279247023079762,0.433056,-0.16376324958512045,0.021830570046981634,-0.236512054244991,-0.005131297692023917,0.2,-0.28461487555194315,-0.02156058788512783
260,8665.8,-0.10427917797994356,0.43017569202067524,2.3347189784348736,0.08313058512862055,2.0631938550909603,2,2.7080454804629017,-0.431775164256635,-0.448822,0.08783110033037111,0.010509291356604944,-0.17303905491689697,0.017046835743364852,0.2,-0.27138690351267447,-0.02231262168621256
261,8699.13,-0.004982877564354005,0.4241580772764783,2.313716483421287,-0.06342478714955177,2.393920954117742,3,2.50632911260229,0.9308107696804271,0.887379,-0.13528690604772287,0.00016579686036877206,0.0806956100062588,0.043431769680426946,0.2,-0.2928263047637648,-0.022070759758480343
262,8732.46,-0.061923111977520484,0.4217026677346333,2.2998696346884153,0.05702137792852444,2.3968848585521667,3,2.308927952455397,0.7282222997474026,0.718917,-0.06915680041874506,-0.003631708129422595,0.18744616489824173,0.009305299747402351,0.2,-0.2951686723308483,-0.023241453409359458
263,8765.79,-0.022508087772141645,0.41941673388440787,2.283659367038086,-0.022690039113313798,2.3936455756206008,3,2.084686974350232,0.5334099133835117,0.441716,-0.08233959712604788,-0.005645960511524883,0.10936034909450143,0.09169391338351174,0.2,-0.2939458955140886,-0.023090970997292348
265,8832.45,0.0050824880932923595,0.41627532277440255,2.259050965471993,-0.015230689304442428,2.393484371945728,3,1.6090675629368576,0.09465004172573721,-0.0396073,-0.03133121028944563,-0.008085034166790628,0.14077871963964883,0.13425734172573733,0.2,-0.2873894780875877,-0.023049017525138524
266,8865.78,0.004456691520567037,0.41300601104811513,2.2266108979326282,-0.006632585461286972,2.346834949839237,3,1.5332987852282534,-0.1839788139755072,0.178103,-0.0026747056554223825,-0.0053699913203519856,0.12786956281439155,-0.3620818139755073,0.20029673654705046,-0.2848851374129173,-0.023015768127806462
267,8899.11,-0.0022070310988130757,0.4114570116674257,2.2052699618265375,-0.011049106071560975,2.3054205942137895,3,1.3081774049680037,-0.22704491024144602,-0.315845,0.01617487278806795,-0.0036186178478327946,0.05968747937283636,0.08880008975855391,0.20014510429135057,-0.2854994150160011,-0.022944599708201226
268,8932.44,-0.02006486936373949,0.4087960384365086,2.1828954010975625,-0.038368930343288234,2.275609559132205,3,1.065267361894998,-0.460032778733801,-0.576802,0.03098025133783544,-0.001466947049518108,0.04930914313433821,0.11676922126619882,0.2,-0.2882658372552985,-0.02286042197124866
269,8965.77,0.07100417863735312,0.41823760851427016,2.2365665748552295,-0.07953462378864207,2.2413555634384283,3,0.8395277980996516,-0.7132228501701672,-0.727733,0.025901728626471776,0.0002343572700413965,0.037995584721993936,0.014510149829832564,0.2,-0.276066988846062,-0.025997266055973346
270,8999.1,0.10322001945035478,0.42127472047183895,2.2583573489319306,-0.03248548713362437,2.0770614596393595,0,0.6444017584714379,0.6289252580894145,0.709773,-0.1135728433175438,0.005568340419552342,-0.18145135690743475,-0.08084774191058575,0.2,-0.28575274241053084,-0.0266655661747608
271,9032.43,0.1111323286052236,0.43078101460171425,2.3248892575452,0.03595276322650928,2.084876549057621,0,0.45424038976181835,0.4377736085279431,0.473649,-0.061545256501319034,0.0057005099287996686,-0.19806391095503129,-0.03587539147205687,0.2,-0.29899861297643304,-0.026424952744341906
272,9065.76,0.1316231629719603,0.4340444586227918,2.3606531866261897,0.07661213449280271,2.1507155623939833,0,0.24135301042739643,0.25226354812146745,0.217746,-0.012100860066268204,0.0031474545434799772,-0.08519156640730285,0.034517548121467456,0.2,-0.2976986573901783,-0.026668214185430302
273,9099.09,0.1262777235352689,0.4371518793851451,2.3924726499025537,0.14086625705527603,2.18305718682031,0,0.060790470356187676,0.036525307702180765,0.0983021,0.04240742278498466,0.0009702622466041255,-0.03866115391982561,-0.061776792297819405,0.2,-0.29355138722975666,-0.02698908181642215
274,9132.42,0.0848649389176725,0.439897059158658,2.419212562322243,0.16565977254629594,2.2181399938799853,0,-0.1563270358818527,-0.13725650511828347,-0.222114,0.08245751988902317,-0.000992918592239711,0.003254465577004151,0.08485749488171646,0.2,-0.28662907296845425,-0.02735472015701536
276,9199.08,-0.027768433480311203,0.44036822574816475,2.4233728251786064,0.19409032481192123,2.2978423559525893,0,-0.5651046511286486,-0.5599128796777304,-0.61257,0.13532531490382693,-0.006518759266536112,0.15791855624518147,0.052657120322269435,0.2,-0.27752542238006334,-0.027669477308032833
277,9232.41,0.03206197768575637,0.44302473024450884,2.3768008492654236,0.008807863258164919,2.494561960948961,1,-0.7601366051825633,0.8048765471256809,0.772209,-0.10620418906222007,-0.014781180912163183,0.19801978170868306,0.03266754712568076,0.2,-0.2834594601504383,-0.026126375263509232
278,9265.74,0.07117411306753577,0.44145407146969096,2.314419776222669,0.07422128953101755,2.4537327839661485,1,-0.9462798509282284,0.6093482393671499,0.628868,-0.06062860228217648,-0.01079125272040482,0.24196060105166506,-0.01951976063284988,0.2,-0.27791565508163113,-0.026212836655383768
279,9299.07,0.09093262497495605,0.44131540197947666,2.2707442553434345,0.10554025548609863,2.383318993758813,1,-1.15967063858791,0.42594068914609196,0.381901,-0.02343622075083962,-0.007065558387338022,0.14893412435986475,0.04403968914609191,0.2,-0.27338407847729795,-0.026322354691006827
280,9332.4,0.09090154606488932,0.4387202183399671,2.222888767341126,0.11144267678429587,2.3342182908438622,1,-1.3410393482689686,0.20932796469099646,0.266759,0.004826014212904628,-0.004142337448447719,0.15418544330874928,-0.05743103530900351,0.2,-0.2700649626620954,-0.02663410311528251
281,9365.73,0.07625504600734143,0.4379779867393164,2.1913331623703862,0.09760038416810593,2.2786148778399538,1,-1.4953957256408263,0.03270032668026479,0.152141,0.02197394129777841,-0.001959726226284264,0.06583327257392968,-0.11944067331973507,0.2,-0.270785306849163,-0.026664392056253684
282,9399.06,0.05513199522314714,0.43571633349599287,2.1566993407840847,0.06959849494191798,2.2448317920073553,1,-1.727863772515651,-0.11200538399122184,-0.231273,0.033044011414821384,0.00013370682756530528,0.05987544044880044,0.119267616008778,0.2,-0.2730999049027112,-0.02665012643598701
283,9432.39,0.021450068269005,0.43439587051169903,2.135659821196842,0.027081280381514066,2.2060008063022782,1,-1.9313016736526964,-0.35483293838050045,-0.366989,0.04446247125134972,0.0027594573262428312,-0.010806525350184781,0.01215606161949978,0.2,-0.27789819766276763,-0.02648275937514566
284,9465.72,-0.014347278964451529,0.43565814225168475,2.137961682802413,-0.027921128570721605,2.182602360289615,1,-2.105604574852115,-0.5598468070721072,-0.491298,0.03931411168893728,0.0048574424631975255,-0.0994163475938703,-0.0685488070721072,0.2,-0.2817109156451918,-0.026312085953881917
285,9499.05,-0.05009814225411581,0.43085302196900743,2.1190312775022684,-0.08159667471930965,2.1834687406860342,1,-2.3108695959256114,-0.7287333305186108,-0.757352,0.03621787654676467,0.006779755529116027,-0.0006542553808235319,0.028618669481389247,0.2,-0.28501172933657715,-0.02607425862405205
286,9532.38,-0.08988827079474694,0.4328834707842367,2.1482092214639747,-0.13556088732614358,2.1537699209339936,1,-2.5052985108106323,-0.9368388105552095,-0.934867,0.029814307745708923,0.00826167169533143,-0.17428965737540114,-0.0019718105552093412,0.2,-0.2847966828179113,-0.026017044241640263
291,9699.03,-0.1765100635579001,0.4228267418619036,2.240965190007789,-0.12781155386864812,1.915913213702454,2,2.7203448226156848,-0.34562574435927473,-0.432247,-0.02941521624150001,0.027797885212888396,-0.2484825347960613,0.08662125564072509,0.2,-0.27663810909289377,-0.02451144743294985
292,9732.36,-0.10134337950288456,0.43254065574080697,2.3387118479124958,-0.07700883876047712,2.086912524989459,2,2.597646507491941,-0.6292775177577461,-0.488037,0.01997908877687582,0.0068836855001888075,-0.19089633018550645,-0.14124051775774626,0.2,-0.30539114296335357,-0.024349833486810378
293,9765.69,-0.10745119690052307,0.429466697352184,2.33197743316525,-0.030041622677622476,2.431480482972942,3,2.388437493569743,0.8323273041367525,0.760943,-0.10960365157156371,-0.002975090029568861,0.19104649066670332,0.07138430413675234,0.2,-0.31241977152401984,-0.025393407762557312
294,9799.02,-0.12112221626346972,0.42752696122849626,2.323295963722272,-0.049501386967615385,2.44325930129917,3,2.2094231533084487,0.6201822078211183,0.630406,-0.10522601876476623,-0.006070470570930908,0.2228711302593287,-0.010223792178881475,0.2,-0.311861340544462,-0.026423244406908103
296,9865.68,-0.07815392536996855,0.4239368881307217,2.3094809070239926,-0.1116283534388072,2.4654347163829065,3,1.8147352998433908,0.25403660831302943,0.197109,-0.08495584906597342,-0.010809239186407638,0.2092238029534177,0.05692760831302923,0.2,-0.3000574667907787,-0.026304520237456077
297,9899.01,-0.04207767007524504,0.4221313546050348,2.282654298558291,-0.07076413605136599,2.4183248083333866,3,1.6239843327217072,0.04894782526215913,0.0519149,-0.043443586850908655,-0.008394269450687553,0.15557373143483222,-0.002967074737840747,0.2,-0.2918456611522677,-0.026261793278224633
298,9932.34,-0.025488015399640233,0.4185176769841941,2.244949914554322,-0.046297164774121685,2.3763512875453467,3,1.3704988427294502,-0.14064839701621068,-0.295001,-0.004307093861904754,-0.0059751114163306696,0.16041325773373494,0.1543526029837894,0.2,-0.28784725414675094,-0.026387973744857622
300,9999.0,0.10029857093972959,0.4272813660765069,2.292479220128079,-0.05630573877522066,2.309107154612346,3,0.9100244736503997,-0.6150593043857313,-0.665823,0.03205612763341348,-0.0027431861577476013,0.09236003718243913,0.050763695614268745,0.2,-0.27124382478089504,-0.029434941515031666
301,10032.3,0.13402259462014376,0.4313762536313948,2.3141558447154122,0.07260068238123177,2.343317456625674,3,0.7110827990237985,-0.8767658327202223,-0.802068,0.10289510158744264,-0.000848589659597998,0.07182241311604587,-0.07469783272022212,0.2,-0.27848733263693487,-0.03049016386243662
302,10065.7,0.1424595746599217,0.4296172027139274,2.3123816493445895,0.06674653651554287,2.1482602256648433,0,0.5345758615155667,0.4984872252096215,0.633302,-0.0561276495081251,0.00484668478250061,-0.03492768101675159,-0.1348147747903785,0.2,-0.2961038321578328,-0.029789527579267564
303,10099.0,0.17791426596653634,0.4319126317016515,2.3412447378981263,0.10187853111466338,2.1335509515911975,0,0.3465656664206369,0.3314879052477684,0.396804,-0.018162252517943234,0.0038803729641077034,-0.1048607613564756,-0.06531609475223155,0.2,-0.2953961752948203,-0.03003907353255422
304,10132.3,0.18544388074313758,0.433329510932292,2.3648338579489305,0.17520524481877864,2.1569281737125463,0,0.18337074681921273,0.14752581710176305,0.247842,0.03946110835732597,0.001902546453246945,-0.04234298091319699,-0.10031618289823685,0.2,-0.29196358374697423,-0.030259882441768797
305,10165.6,0.16596767294578382,0.43296794170691916,2.3762819999269054,0.20939684642012557,2.1800540778277817,0,0.08189413993838812,-0.005982818572559889,0.223736,0.08376315673357126,-0.00012562915793568052,0.028555915807590093,-0.22971881857256005,0.2,-0.287374276131994,-0.030426060792252612
306,10199.0,0.113654342595311,0.43547457079777546,2.4001984628293918,0.19707257924152016,2.191862764911681,0,-0.10061316285460764,-0.08518885029222956,-0.15864,0.09966644139574177,-0.0015054888708734282,-0.019875924755640817,0.07345114970777056,0.2,-0.28111611082974997,-0.030779963306420872
307,10232.3,0.026243713525489556,0.43666267641643164,2.407402005312688,0.16826594523848346,2.223750121937123,0,-0.34537342226509304,-0.2694013871266092,-0.51102,0.1175130297294169,-0.0035535271038100724,0.04011365457290683,0.24161861287339104,0.2,-0.27445718381218287,-0.03106265698626284
308,10265.6,0.05890065102431548,0.4423528917179317,2.3905699882591,0.07566689364493152,2.4601483493066945,1,-0.5866172570841055,1.0408929123709632,0.843427,-0.08509864811299162,-0.014537538854084708,0.0930135671134118,0.197465912370963,0.2,-0.2851045034162832,-0.02850290162167938
309,10299.0,0.08410243333150255,0.4384362762636187,2.3105321760517596,0.11319955334893597,2.4616264496463045,1,-0.8146037545396307,0.7844695266229458,0.68127,-0.05104539918184159,-0.0129137931290364,0.33231759122161586,0.10319952662294574,0.2,-0.27698664462461337,-0.028880605750841767
310,10332.3,0.09963238714196013,0.439402382213384,2.2679884149928573,0.1246203095509438,2.3729377282633792,1,-1.05690786451611,0.550022461172265,0.444733,-0.021658590987137405,-0.00888992301093161,0.1435625905092559,0.10528946117226523,0.2,-0.2724853734478206,-0.028742384725837834
311,10365.6,0.0997442158250963,0.4391916582312742,2.228088657095001,0.12418658461223261,2.3279305297740005,1,-1.2850539934102232,0.2993968484758951,0.263172,0.004096326069324974,-0.005383575780803618,0.11946448906956819,0.03622484847589513,0.2,-0.2693942255586308,-0.028861005966020974
312,10399.0,0.13211898215622217,0.4125045125325991,2.037687645872517,0.10710854751313846,2.283232100107219,1,-1.3943392534663441,0.06762122045156183,0.367522,-0.05232313316959303,-0.006175103215475097,0.7214873344355515,-0.2999007795484383,0.2,-0.2511063479200939,-0.030721233087593308
313,10432.3,0.09820888686411627,0.4148756746804473,2.0284193948662637,0.1392335164897791,2.046973612572441,1,-1.657856472129051,-0.015582771712341792,-0.209406,0.06223629511408957,0.0012133325826964025,-0.13703733639983318,0.1938232282876582,0.2,-0.25775219958133444,-0.030363864974914497
314,10465.6,0.0547689245034734,0.4196255704048623,2.0384179697768863,0.08194915909378102,2.0473386851496977,1,-1.8528103615102385,-0.2956818813348141,-0.257936,0.0653891066181691,0.003542612940937495,-0.20142525631404684,-0.03774588133481416,0.2,-0.26567337229045,-0.030034716821607414
315,10498.9,0.010773706200677823,0.42229772796383164,2.0465322596659563,0.016919930955890606,2.067776982309857,1,-2.0634362610995076,-0.4879769329290484,-0.499928,0.058036384612832226,0.005602400378070804,-0.16304278081348222,0.011951067070951726,0.2,-0.2712851827542262,-0.029815613790350467
316,10532.3,0.00550951001862489,0.3899338457494176,2.0308558231272222,-0.15583975769029074,1.8949967978488413,2,-2.2669720086143976,0.8701181076510913,0.885875,-0.013492536013401502,0.03757284927778315,0.0012403138554188953,-0.015756892348908647,0.2,-0.2696162315093237,-0.02077559258356136
317,10565.6,-0.04405309221296521,0.4006391185438392,2.0857992775665446,-0.06125652489915744,2.0526431969993375,1,-2.4664003864559834,-0.9024744016142225,-0.87502,0.05914680101317771,-0.00174310495849328,-0.32097798781617026,-0.027454401614222412,0.2,-0.275600305822873,-0.020108394705269636
318,10598.9,0.03291768646953941,0.4032122101359593,2.1504570906064675,-0.1538885550646587,1.898420128703926,2,-2.6686839494882957,0.470551079569157,0.550465,-0.155070926511911,0.013660300275919468,-0.25738657725389125,-0.079913920430843,0.2,-0.27386191658319553,-0.020169053850674558
324,10798.9,0.1352918064861167,0.41362515237979014,2.278801102762884,0.08251829314065798,2.219317105448304,3,2.440161623303011,0.8198715690341025,0.879546,-0.07400728047130656,-0.003450568168854584,-0.21309053663537858,-0.05967443096589742,0.20054475914967107,-0.2860821435845798,-0.01901042481967625
325,10832.2,-0.009571758688539295,0.4203372875376034,2.304548862540432,0.20181952015576918,2.3622241852306103,3,2.3186398454693435,0.6723970955249161,0.743625,-0.01062234423412356,-0.0041178176193805704,0.14976833249552657,-0.07122790447508365,0.2,-0.2852692371306739,-0.021109334257382813
326,10865.6,0.0025069866055221837,0.4215527398876035,2.287074989614968,0.028209260269385243,2.395707870977805,3,1.9255465460015557,0.5622769587015419,-0.0817852,-0.02974332759250764,-0.005500211691478629,0.08543330029039176,0.644062158701542,0.2,-0.2857199319228448,-0.021027336058174848
327,10898.9,0.022905409254825173,0.4219774217949241,2.2788429685167557,0.008902806855068763,2.386962468277135,3,1.6348591770356249,0.12748844172132578,-0.0674614,-0.033652753223081255,-0.004321652577831792,0.09137595822981259,0.1949498417213258,0.2,-0.28114252148225255,-0.02118608850824218
328,10932.2,0.011381920435369047,0.41943496013758924,2.256764715406985,0.008179843905803254,2.3702903675069744,3,1.3777866691853626,-0.17764022445874694,-0.215161,0.016686374423237282,-0.0026678160909074933,0.12819753058563377,0.037520775541253215,0.2,-0.2811907377307737,-0.021257962237589592
329,10965.6,-0.007876557697076814,0.4149174169656931,2.225050560449246,-0.025411954024152986,2.337086269555966,3,1.1080438661846141,-0.4389412593757829,-0.497373,0.026090879755877427,-0.0012341706180589718,0.13922601465386553,0.05843174062421719,0.2,-0.2837312575468071,-0.021278038317073915
330,10998.9,0.07582803179121361,0.4229617956230261,2.2714367188155955,-0.0679010568106563,2.2896973787388553,3,0.8611851235950594,-0.7135710069568617,-0.684117,0.028736453108999083,0.00043408972028080584,0.07692985073231862,-0.029454006956861623,0.2,-0.2695953530687235,-0.02429507393752909
331,11032.2,0.10801586698573212,0.4268704261546117,2.2948516240720602,0.029659443903647352,2.3204448025931574,3,0.6623220689799947,-0.9587663588861215,-0.819748,0.08638889646592585,0.0014791792541570814,0.05364885311182954,-0.13901835888612135,0.2,-0.27720758900296505,-0.02545000171252948
332,11065.6,0.11513562868074083,0.42818770757911284,2.315744517032056,0.04080609223954673,2.1262857392194356,0,0.4737424431758712,0.4251219463737135,0.593431,-0.06262200035794097,0.005059903226167783,-0.062252133297284296,-0.16830905362628634,0.2,-0.2948128143726053,-0.024726224287081138
333,11098.9,0.14180300383821554,0.4317545716597011,2.3505929391619853,0.07924960562783667,2.139349345629179,0,0.267047550915831,0.2499767224246403,0.325648,-0.02231274147424278,0.0030452621013590253,-0.10393778505477558,-0.07567127757535985,0.2,-0.29459288440987974,-0.025059555698136553
334,11132.2,0.14356458826297402,0.43400987050142475,2.3767248054514383,0.14855519863414945,2.17147954493493,0,0.09538360570850912,0.047897900323396136,0.187512,0.03370124388495377,0.0007815500425407684,-0.024614939729622254,-0.13961409967660376,0.2,-0.2921881547710855,-0.025243505295181285
336,11198.9,0.08571614453239529,0.43804224284079324,2.4172010336832024,0.23252695652635963,2.230110466613263,0,-0.2553809785518317,-0.3182240123499356,-0.215478,0.1124661784076535,-0.003362883460700239,0.03971193257424366,-0.10274601234993552,0.2,-0.2842855453136423,-0.025638479329572035
338,11265.5,0.13125727533717024,0.4460739311469812,2.408420722791248,0.1480389151041036,2.5097753722473217,1,-0.6548571103369945,0.9337686000468599,0.874467,-0.0599883385623774,-0.013524266160144904,0.12087108345293673,0.059301600046859804,0.2,-0.2883631839210756,-0.023927159390689873
339,11298.9,0.1542837762220469,0.4451632465759046,2.3442879587072993,0.19538654352212606,2.4889717642674953,1,-0.8474446312781043,0.7198993840559709,0.718044,-0.02531774951694432,-0.011078161974101608,0.23826831855305253,0.0018553840559709656,0.2,-0.282430801281384,-0.0239416200797455
340,11332.2,0.18384792903821526,0.4544218728284574,2.359761489557909,0.20466703068323427,2.418272845262446,1,-0.8131518414213064,0.5284587341955271,1.10484,-0.034166651976811124,-0.007510842359860437,-0.02555519956784158,-0.5763812658044731,0.20053175136013507,-0.28276352871747634,-0.02328901281090231
341,11365.5,0.16544130485733133,0.4507669030268015,2.3045075518261013,0.2428728657921412,2.4314463020157855,1,-1.0742526886176407,0.6100874788468733,0.31035,0.04044198722617143,-0.00408414833498405,0.21270154481216075,0.2997374788468732,0.2,-0.2794825499502802,-0.023664878735904928
342,11398.9,0.14232641667798718,0.4411922643583347,2.212149319306936,0.1977832370091161,2.3757513892373003,1,-1.5272926271252263,0.3242602455094219,-0.4295,0.049860381091759276,-0.0034307524691485902,0.3066355018336555,0.7537602455094219,0.2,-0.2778907988592156,-0.02402694726652747
343,11432.2,0.15733526763682099,0.4111900246950906,2.023540443313964,0.1292659522323259,2.2722967120205477,1,-1.564877377553205,-0.19035444844795757,0.359075,-0.043015752094964554,-0.002574766656687988,0.6875331081397702,-0.5494294484479578,0.20105600884119668,-0.2662420773680854,-0.024830297617248222
344,11465.5,0.09639740879160412,0.41239246325017404,2.0175591415857435,0.149895739460153,2.045076191615379,1,-1.7905358489119017,-0.18258073087412008,-0.280964,0.0930405850603,0.0033608991773643737,-0.1577355556893214,0.09838326912587991,0.2,-0.27610602583150506,-0.024487789618611363
345,11498.8,0.07678223288152324,0.38119015386516353,1.990060097684444,-0.0930134246214724,1.9002992706372324,2,-2.087641892936417,1.1532985781720813,0.86861,0.018814808094386404,0.03138913064036286,0.004060229647748326,0.2846885781720814,0.20195577422261332,-0.2760173029161642,-0.01680942336189231
346,11532.2,0.01217941089245049,0.38676250867865386,2.0120386097899123,0.017635232950000794,2.009819197873195,1,-2.3375388904398866,-0.7382023036048078,-0.803007,0.08890071183661297,-0.001960369516888605,-0.2566151752598551,0.06480469639519226,0.2,-0.2874552473357396,-0.015820221739240234
347,11565.5,-0.037429660080967084,0.39393489969652024,2.0476043727148228,-0.08020653655523291,2.034799347099557,1,-2.5133360423748337,-0.9942072959510484,-0.85445,0.04626447763108965,0.00011225835722195043,-0.26382117387685744,-0.13975729595104847,0.2,-0.29122527576409973,-0.015499202056688987
348,11598.8,0.03423085352083005,0.3994748441413622,2.126725415748414,-0.14238607610334322,1.8492316102834128,2,-2.712165570493489,0.41274221428147984,0.544588,-0.15233770367209543,0.015584765631223352,-0.33941002877312854,-0.13184578571852024,0.2,-0.2894860713480731,-0.015937121598049272
352,11732.2,0.08684809152384984,0.4008982075783595,2.197523587317718,0.09148325626595444,2.1637501411040065,3,2.546419868756443,1.1556334829629353,0.879912,-0.067500212228508,0.0030744727731626398,-0.1887698607062558,0.2757214829629353,0.20043194840021006,-0.30353497802122537,-0.015042168510409574
353,11765.5,-0.013760264836620961,0.4147793066095923,2.281124686647794,0.241908404375625,2.0736689053555883,2,2.373914489075913,-0.8382395546769708,-0.764998,0.19389148549294166,-0.0018047488898553787,-0.1680318845164983,-0.07324155467697091,0.2,-0.3073691477876333,-0.016750847085725048
354,11798.8,0.01037162611487405,0.40976492318168545,2.247683769836683,0.034140699234233934,2.392527455485692,3,2.131697206768976,0.5729885007958586,0.51732,-0.056131547455576136,-0.004996633204275902,0.21102197360180286,0.05566850079585883,0.2,-0.3032187641078402,-0.01707638280740844
355,11832.1,0.026477570707856043,0.40699979954082915,2.2222004417331966,0.039183201440454195,2.3590180531341653,3,1.9042166865490504,0.328291333858191,0.337079,-0.030835264742035573,-0.006144451204400436,0.16246345120525207,-0.008787666141809147,0.2,-0.2981489145436675,-0.01718974344503277
356,11865.5,0.014799118858696841,0.40541680471838537,2.2032386786413154,0.03555208619693565,2.327591197492784,3,1.6982728283339945,0.1015759101171625,0.180582,0.013864809213139484,-0.005031629383267955,0.10897808856160518,-0.0790060898828373,0.20014322458910785,-0.29715555463988397,-0.017120677878832914
357,11898.8,0.003708360830588075,0.4051174020548571,2.190138315068103,0.002596972730205217,2.3034307271975925,3,1.4146188869373226,-0.09736804871006655,-0.257022,0.01674133639267872,-0.003708750192717769,0.057767912501409224,0.15965395128993354,0.2,-0.2979138372214185,-0.017060193148767975
358,11932.1,0.07914237676892881,0.4203136248598024,2.267603850073664,-0.038307148054938234,2.281802611051472,3,0.951255306251813,-0.39490620851147185,-0.775801,0.05290456919236419,-0.0007324616107693416,0.014390370597776592,0.3808947914885281,0.2,-0.27432615027451945,-0.021352459783599384
359,11965.5,0.09496039933449957,0.42196321033046347,2.284811918239435,-0.03430842217310756,2.1226207202494263,0,0.6244068570944328,0.659489980202355,0.647248,-0.1058906298641884,0.0029521338142228792,-0.09122855655956785,0.01224198020235523,0.2,-0.2845601842542939,-0.021677191003030248
360,11998.8,0.13365370925493164,0.4246438239886282,2.312165253218328,0.041971486742483424,2.1109245350931642,0,0.35680742330285575,0.32499832736926093,0.469656,-0.04886833173057736,0.0034338567918541507,-0.0756903383660621,-0.14465767263073914,0.2,-0.2843704773390022,-0.02179358788280645
361,12032.1,0.1254353694328391,0.42844904871908424,2.3512887908233564,0.13701641820711352,2.1304070627563525,0,-0.04839577146339291,0.06576717565747003,-0.309547,0.024113908655510663,0.0017929321536231946,-0.06886769634151912,0.3753141756574703,0.2,-0.2801532146902933,-0.02211608965718168
363,12098.8,0.06985914785995227,0.4358703182643133,2.397412031728456,0.2761753900811308,2.238726673448279,0,-0.45243949706244635,-0.6893928792145689,-0.190738,0.12931107040283196,-0.006509606861849093,0.03811010755942901,-0.49865487921456886,0.2,-0.272425593902933,-0.022716326878214198
365,12165.4,0.13975226376717426,0.44874060510449765,2.4292748436814224,0.10243136284896409,2.5022670767723447,1,-0.8006565041337019,0.5879159067120523,0.918041,-0.08087441868248968,-0.01143296109394809,0.02925943289467936,-0.3301250932879478,0.2,-0.27871025347864414,-0.020700392811151422
366,12198.8,0.17347886700699944,0.45048996220140786,2.391355633899813,0.18878980869279577,2.5176922682465595,1,-0.9251877966229674,0.5397945429740352,0.775723,-0.035792810110055306,-0.00970205896445453,0.1861769516452152,-0.235928457025965,0.2,-0.274995148816559,-0.020553883233377757
367,12232.1,0.1852221676967706,0.4443954470882623,2.317501850836861,0.21770911236486679,2.4716150358347577,1,-1.0238329692778896,0.4370357903857425,0.713787,-0.011059105288677706,-0.006987261535460476,0.3076952670790285,-0.2767512096142575,0.2,-0.2684985085023028,-0.021229011259334542
368,12265.4,0.18983418097053747,0.43673510342094385,2.245787512709875,0.2218255737755454,2.38133808993254,1,-1.0915200515173153,0.36143851355734924,0.674139,-0.003759188018340076,-0.003859576163595335,0.2713916000509453,-0.312700486442651,0.2,-0.2643288403251733,-0.021774760247542865
369,12298.8,0.16253922504095467,0.4291848752961239,2.171369755432907,0.2213121698525019,2.2960982100410905,1,-1.53933510597897,0.3189175859025193,-0.454335,0.06077566235696441,-0.003075423417387313,0.22896611014521007,0.7732525859025192,0.2,-0.26369498962538235,-0.022028685744537566
370,12332.1,0.12088195986301438,0.42717079784927203,2.138216211822409,0.15487154370505443,2.214369481412218,1,-1.7830248273179592,-0.19222204175911983,-0.241956,0.0608142188086207,2.6051915535063586e-05,0.03326379690211079,0.04973395824088023,0.2,-0.2708262881044847,-0.021818486963312657
371,12365.4,0.07509064774292319,0.42554525741655314,2.114350543932185,0.08759257926350604,2.1814723460321295,1,-1.9681124527581162,-0.44073156830120297,-0.318781,0.05742310523649241,0.002265774772875595,-0.014139452451308543,-0.12195056830120299,0.2,-0.27820484813966045,-0.02157280332171137
372,12398.8,0.02758577878194171,0.4255478400292811,2.1093341090951943,0.01971734177571588,2.157579976220851,1,-2.117920271725434,-0.616933865611232,-0.425875,0.051675283339001954,0.0047165174844612245,-0.08522283035184985,-0.19105886561123198,0.2,-0.2836808224400624,-0.021366040843761227
373,12432.1,-0.019539980507494507,0.4254834912548805,2.113608812790102,-0.045909011945458655,2.1529955605079967,1,-2.283382089080371,-0.7504856599555669,-0.647462,0.04423241153592938,0.0061999569768733664,-0.10183872678391648,-0.10302365995556695,0.2,-0.28677543557935087,-0.02121692685628244
374,12465.4,-0.06264285777357557,0.4253243489153312,2.1252671922838586,-0.10979279227174442,2.153189927726407,1,-2.4288593423294023,-0.9075782785784106,-0.775155,0.027543363492705364,0.007122948033368548,-0.10953512973031776,-0.1324232785784103,0.2,-0.2875251705599594,-0.02112909489873766
375,12498.8,-0.10567754864118871,0.42783253614604394,2.1586149320573376,-0.1639809113746013,2.159537671923237,1,-2.58482720563531,-1.0424531774572317,-0.969933,0.018295096405316347,0.007484028042583191,-0.1670170087106828,-0.0725201774572315,0.20002388304927454,-0.28599491228067675,-0.02115265184698464
380,12665.4,-0.20022543328490455,0.42565265606215713,2.2770206596746396,-0.18469226488098137,1.9525317964626618,2,2.7265626819496003,-0.3305682825410994,-0.422532,-0.054339655982338364,0.021487905770039006,-0.2458517457756626,0.09196371745890053,0.2,-0.2826615664538484,-0.020353761027935957
381,12698.7,-0.11182129046456858,0.43227785928235096,2.354788116359077,-0.10822822689257988,2.1259059959054323,2,2.6020884370816475,-0.605285722409052,-0.508511,0.004458187945093339,0.004934926058416611,-0.13264810848840725,-0.09677472240905205,0.2,-0.31612618384402197,-0.019911419203215465
382,12732.1,-0.04621034091753608,0.4301527354122599,2.358276825123175,-0.033288901869979515,2.4559925645922336,3,2.451974677705093,0.850511476133395,0.889756,-0.12456432423095398,-0.0016797027253869778,0.05227469180352884,-0.03924452386660526,0.2,-0.32734432901257654,-0.01955268946350995
383,12765.4,-0.09119890311540904,0.42996527597724055,2.3464218768336766,0.038639890775999296,2.4782539382678945,3,2.2410015358362134,0.7060321609512332,0.609356,-0.06420678475773167,-0.005892503157376439,0.29122452651330955,0.09667616095123321,0.2,-0.3254306595771423,-0.021738899578211984
384,12798.7,-0.052097187547034275,0.4292611730345274,2.337753208529861,-0.03890022263271497,2.476564973106691,3,2.0198748820585894,0.4878778000386763,0.32097,-0.08135633815026067,-0.007205028482135223,0.11873257951382765,0.16690780003867633,0.2,-0.32160015004030296,-0.02143991761856392
385,12832.0,-0.013449596798410034,0.4276903768223769,2.3146654773930178,-0.0192169400440016,2.4706786515369505,3,1.7224056787125726,0.2566334642702355,-0.0817852,-0.04929554376038814,-0.0075529489480965495,0.1604974540651951,0.3384186642702356,0.2,-0.3143427661627193,-0.021451094821100122
386,12865.4,0.026013469790526683,0.4234107483894042,2.278319566502267,-0.012275083318972101,2.438004254502787,3,1.4576019000458782,-0.06813017080315298,-0.200171,-0.03790434748762994,-0.0061106888845468,0.21005689714994524,0.13204082919684712,0.2,-0.30512423015067436,-0.02183830133501949
387,12898.7,0.025360469607183266,0.4194324929856842,2.2438898847902387,0.005097682337101839,2.3787209140659926,3,1.246210899207747,-0.3430430307065624,-0.284414,0.019610731787843783,-0.0037662443873953677,0.13923377653282776,-0.058629030706562446,0.2,-0.3059713338028671,-0.021860046043889723
388,12932.0,0.017453753713766104,0.41406766208896484,2.203084527689138,-0.018306009697904725,2.329952923868559,3,1.049512393520204,-0.5498744993954539,-0.464831,0.0253787463953552,-0.0020201594482993634,0.12949395437586553,-0.08504349939545364,0.2,-0.30869434343935553,-0.021871578901329427
389,12965.4,0.10182739399951063,0.419991628450865,2.240388850242734,-0.0475522782370709,2.2734263442795686,3,0.8419913527039014,-0.7405984573146824,-0.704976,0.03738658088635605,0.0002946049588672395,0.07987399775373794,-0.035622457314682165,0.2,-0.2979383072534075,-0.024675999570779445
390,12998.7,0.12912462442087183,0.4217678712303782,2.2580162665722536,0.006102594041770201,2.0770938062820843,0,0.6412334329838534,0.6270628625835988,0.705617,-0.09490666394982616,0.006045691571981315,-0.18133858748148857,-0.07855413741640138,0.2,-0.30665080961656693,-0.025345075502131727
391,13032.0,0.13995959559722512,0.4206479806554696,2.26523429294163,0.0684832442152512,2.0799632871408136,0,0.4923551354259428,0.42992360262812923,0.644766,-0.052490272228129076,0.00611098952908673,-0.07935873264864313,-0.2148423973718705,0.2,-0.32191579180975494,-0.024822393930682952
392,13065.4,0.1390519887469261,0.4242039353057053,2.3109387281139804,0.10174314812692845,2.080683746735122,0,0.1642409380122003,0.29654113774924795,-0.212346,0.01837858252426594,0.003350922505811038,-0.15157463938766247,0.5088871377492481,0.2,-0.3135484413206182,-0.02567121572634351
394,13132.0,0.08946686348899949,0.43124109567018165,2.3700891884083237,0.22992394996520651,2.144327115963243,0,-0.23809344339730432,-0.29606929272559057,-0.194712,0.11906997941952735,-0.0020655343639406354,-0.09553566289331838,-0.10135729272559058,0.2,-0.3005963302182331,-0.026805616824791073
396,13198.7,-0.03808364769763038,0.43360296861826997,2.383175408386677,0.21436075221930295,2.249163726049426,0,-0.6212818625390812,-0.6688259672289343,-0.608791,0.1460824613041214,-0.007316626575746277,0.09641368477732071,-0.0600349672289342,0.2,-0.2899892592082222,-0.027258985925868267
397,13232.0,0.02404391650963985,0.4358769890365761,2.32983805556914,0.0012020703144425826,2.4640786179781777,1,-0.7958157623657147,0.7462528356249996,0.765393,-0.10654216239193293,-0.01569247429667664,0.20738161928274046,-0.019140164375000435,0.2,-0.2950712387675175,-0.02566900213057846
398,13265.3,0.045921258822723125,0.4370652107323332,2.2779767190435347,0.06795198466553287,2.415113767535499,1,-1.06730787045875,0.5760044535054982,0.377087,-0.03960127875111308,-0.011257582004474909,0.1771842444040086,0.19891745350549828,0.2,-0.2914279500797442,-0.025249621977819728
399,13298.7,0.0564937470700914,0.4356526911185811,2.2265044043358255,0.06934930597855307,2.363007632670681,1,-1.277036200811179,0.2884503839930397,0.300205,-0.01791782384338969,-0.0073265527114165785,0.17923926184166294,-0.011754616006960372,0.2,-0.2860367129372911,-0.025458482825119547
400,13332.0,0.10123843849007558,0.4066621391023697,2.0184389785480943,0.06315892722193805,2.3024271852871148,1,-1.370861133056974,0.08067456191587574,0.405559,-0.0709672226966429,-0.007497165619848811,0.7790999392426925,-0.3248844380841245,0.2,-0.2658649553118921,-0.027793150981484924
401,13365.3,0.08325325907304001,0.41125261692684717,2.0229066879355746,0.10983541635920654,2.0446225520057895,1,-1.505992088197016,0.014426533234392913,0.152141,0.03283448101020614,0.00040206176753621037,-0.17019639862590985,-0.13771446676560695,0.20028931547720175,-0.2701765060716043,-0.027351671106502044
403,13432.0,0.027534019120565176,0.4158439794748997,2.024339795907954,0.07033528404201331,2.023829868874386,1,-1.9213823727984072,-0.28462302074647683,-0.420903,0.07880547392145631,0.005440488780332764,-0.22359513214993276,0.1362799792535232,0.2,-0.2783662506857528,-0.02693945839723403
404,13465.3,0.062321752156767024,0.426059317601932,2.186895212201868,-0.15144319423707936,1.899006072097218,2,-2.4054331319031803,1.0309354875333332,0.554182,-0.15956924151027385,0.02262668757916453,-0.2798953246941409,0.47675348753333324,0.2,-0.27288676974379966,-0.02414095279457338
408,13598.6,-0.055980131744469495,0.4254190530570725,2.286218148808576,0.11088127401475031,2.0156699459406155,2,2.7660413809427578,-0.2694100277404221,-0.47528,0.09622555101520902,0.016023983314112478,-0.15526990342450775,0.20586997225957804,0.2,-0.25955137650984406,-0.02405233372250466
409,13632.0,-0.12131397004784489,0.42601440573370586,2.3237371404506795,0.04521111202556782,2.1418653478237233,2,2.572728377270386,-0.6469219613276973,-0.485686,0.06643025449251949,0.003259525109790218,-0.05210535632013524,-0.16123596132769746,0.2,-0.25537984457939555,-0.02430229796300631
410,13665.3,-0.07910918726919966,0.43313883534501485,2.3814483838008162,-0.0012938163599525987,2.206096876018099,2,2.50193475424261,-0.8242305194566821,-0.488037,0.05627672701883535,-0.001463359001210307,-0.07446491872654448,-0.3361935194566823,0.2,-0.2803332814709182,-0.023434663663442278
412,13732.0,-0.05303362299021586,0.42911795238639844,2.358947075702331,-0.07460879703419937,2.5042968247721187,3,1.967774444805551,0.4908757262255552,0.235825,-0.07814820419038115,-0.00836209735410609,0.23876375978768882,0.255050726225555,0.2,-0.2748959656857633,-0.023694018223121182
414,13798.6,-0.05981851428493262,0.4201101641565228,2.29040776406278,-0.07129048209700013,2.4648343011364897,3,1.2778387381339495,-0.08613156885630424,-0.496104,0.0052311287664279504,-0.0073755630862470944,0.2893596299423935,0.40997243114369564,0.2,-0.26662073638164896,-0.024324967084457087
415,13831.9,0.06432138845340224,0.42796148259580236,2.3223510339816067,-0.10110285234686422,2.347787272403001,3,0.9116081038881365,-0.5771792807875542,-0.690211,0.016189451559647683,-0.0032896465157556953,0.12675815008901292,0.11303171921244592,0.2,-0.2484354293624092,-0.027299300529963016
416,13865.3,0.09798198330168412,0.4279665836318564,2.3196770290228703,-0.034595061069066194,2.165209994461669,0,0.6452480455530516,0.6092857418494577,0.739503,-0.11615533380701226,0.0021682227559032263,-0.08334517474608161,-0.1302172581505423,0.2,-0.2625184811019526,-0.027556851002375492
417,13898.6,0.11795092549269184,0.42679104776847776,2.313369915363537,0.047701851301118176,2.139451857464292,0,0.4718813868888909,0.3521789825303139,0.685095,-0.07176219785497828,0.004323973524523961,-0.09562926940757199,-0.33291601746968613,0.2,-0.2813555852920459,-0.027594150711969724
418,13931.9,0.1488000052891266,0.43108319801557315,2.3481806457165417,0.09525552244584179,2.1254778027878047,0,0.2385345454458636,0.20901334357783385,0.329995,-0.017470516525326385,0.002983940291861664,-0.15397330261036224,-0.12098165642216596,0.2,-0.2798574239308796,-0.02825771070971512
419,13965.3,0.1567869693746634,0.4326559995905633,2.3688599696475254,0.1734949127983166,2.1607290314501153,0,0.06204322582667565,-0.017101537208931372,0.224111,0.03795582356720528,0.0012072228089188286,-0.038556070091557704,-0.24121253720893154,0.2,-0.27744862710347856,-0.028467800098622643
420,13998.6,0.12591647364269168,0.4341610966745501,2.3870295119348928,0.20924648269463547,2.1858759249436006,0,-0.15401854118140212,-0.1717949839592663,-0.146828,0.08274260330452332,-0.0011337449911530406,0.0024230603155181996,-0.02496698395926611,0.2,-0.27194490850593883,-0.028764110174767363
421,14031.9,0.07476675700491336,0.43700291829617843,2.4069947365058986,0.2090033793496222,2.2162578576096976,0,-0.3066536244489737,-0.38241411038048767,-0.195401,0.10753535149956939,-0.0031913314936353743,0.0014235124508958918,-0.18701311038048773,0.2,-0.2666129633319429,-0.02909528325541369
422,14065.3,0.0007694900304891367,0.43035154449068735,2.3693975026183756,0.16995292387068495,2.2490291576918056,0,-0.5155825145443758,-0.5160164916168126,-0.548571,0.1008514899142865,-0.004590034481536609,0.22133414034276555,0.0325545083831873,0.2,-0.2623941414782349,-0.02909429948329768
423,14098.6,0.05396957322137462,0.4355098303827045,2.3536217138954902,0.030818096231314724,2.4182162458640857,1,-0.6898194353760454,0.8481958400314742,0.893897,-0.10603154580121688,-0.013255176703899973,0.06989819319648927,-0.04570115996852575,0.2,-0.27409547071236046,-0.026666031578007714
424,14131.9,0.08485139035186867,0.43608677615118757,2.3062818984166977,0.09631150563701646,2.4158965218184507,1,-0.8992671500034146,0.6797260172225164,0.639226,-0.053771257869056566,-0.01168678348084562,0.18432554223538,0.040500017222516504,0.2,-0.2707085903299963,-0.026214244465986008
425,14165.2,0.11174897654038582,0.4359216023491716,2.2637455351076787,0.11902413995984623,2.3660608659512405,1,-1.0581243480103648,0.4678995748242647,0.583226,-0.03629210218283463,-0.007996421810870569,0.1527518034735853,-0.1153264251757351,0.2,-0.26572435775646946,-0.026259272372175676
426,14198.6,0.10760679707749653,0.43428405191953423,2.217928115836777,0.13900622720957934,2.316583454515157,1,-1.2574540328763253,0.31853992825372757,0.306652,0.013737681059388773,-0.005302085303925619,0.14383341002554095,0.01188792825372742,0.2,-0.2628375559634408,-0.02645166300088628
427,14231.9,0.08560249979888637,0.43344218031685156,2.178828547766872,0.11982969925997594,2.265162803474973,1,-1.5864292918903051,0.11882008512250586,-0.243612,0.04226027626623585,-0.0030977688675073445,0.08142617608333236,0.362432085122506,0.2,-0.2645555478931204,-0.026445445849396943
428,14265.2,0.06134835411139772,0.43494230589139254,2.1626571314660037,0.07020063358567494,2.2230449023674934,1,-1.7421915514219197,-0.24064290528922827,-0.0497211,0.02910324399719144,-8.703683537536477e-05,-0.020482888188066983,-0.19092180528922809,0.2,-0.2685091100845366,-0.026304574826860834
429,14298.6,0.03348418794909962,0.43466000383639897,2.141959763616738,0.031801506330908266,2.2082916879220393,1,-1.7457648599080535,-0.38140854920113476,0.182525,0.020822728287693604,0.0017756067700216427,-0.004928886567109103,-0.5639335492011348,0.2,-0.2715138564791523,-0.026218224629770123
430,14331.9,-0.0010675459825094796,0.4344765203339431,2.1351721085024433,0.0021570858280464435,2.1912961754061575,1,-1.9423582581838557,-0.3375527509119154,-0.426984,0.041934687758945266,0.004418335164800613,-0.05165757638174728,0.08943124908808464,0.2,-0.2740551018318843,-0.02607854652728243
431,14365.2,-0.0501359217253077,0.4360312997474827,2.1524349861276946,-0.05178168558083174,2.182451153803254,1,-2.225355648809623,-0.5421418513901894,-0.846231,0.06183906144304263,0.007534925591314856,-0.13712847666563244,0.3040891486098105,0.2,-0.2773076179946081,-0.025894630644352826
432,14398.6,-0.0941246084431941,0.4386933902614049,2.183902099907426,-0.12775428109685583,2.1925574284839007,1,-2.4694324568014707,-0.8516823234675686,-0.982728,0.03692096138875023,0.0082000525259609,-0.16399043098251154,0.13104567653243127,0.2,-0.2779050720665009,-0.02581028461783588
434,14465.2,-0.05259289817448552,0.41042517238997483,2.1595684657622516,-0.19302967444364943,1.9818841605771134,2,-2.966690730716904,0.2573237083524038,0.139676,-0.1031326375077124,0.023266320831970333,0.07418222897413718,0.11764770835240368,0.2,-0.2877883078138992,-0.01913718235889987
436,14531.9,-0.10964548191546697,0.41277489188411315,2.2416544075090363,-0.016202718996866164,1.9566451513175822,2,2.8003724926650015,-0.27434938261497166,-0.402919,0.028989321898447162,0.010676357785409873,-0.24347223669552065,0.12856961738502815,0.2,-0.27691524014043917,-0.020175440138189647
437,14565.2,-0.1559029729004984,0.42275600192240115,2.320159951925173,-0.01518998463265099,2.081015520129138,2,2.6054887474339594,-0.5782840386911126,-0.472738,0.04618171615425881,0.002369937410713785,-0.21596662755617713,-0.10554603869111245,0.2,-0.270669866636718,-0.02126722977743119
438,14598.5,-0.06575993495830222,0.42102472815541503,2.3208424997655124,-0.1249137960700842,2.3854067710962337,3,2.423156766368569,0.8067473344951761,0.848727,-0.1602090391623796,-0.0023833877890395705,0.03549513942628435,-0.041979665504824126,0.2,-0.2942325537875439,-0.020375556906043184
439,14631.9,-0.09908425095171386,0.42304147370627315,2.3196866729498633,-0.01257501960529693,2.4137855717210974,3,2.201116689371725,0.6305132350104952,0.606219,-0.08698292010454,-0.00576235580197304,0.19600035239699398,0.024294235010495324,0.2,-0.2944530389268475,-0.021792083932841027
440,14665.2,-0.04688376166978917,0.41809403916608295,2.2913447493261985,-0.06967521322485368,2.4220456508808637,3,2.026580315163786,0.4098022251024567,0.529227,-0.10340326188051163,-0.006233035564817246,0.21441132876336422,-0.11942477489754344,0.2,-0.28826272046447726,-0.022151313287804175
441,14698.5,0.001440532270691977,0.41954266855023115,2.294710355667134,-0.022709352672656224,2.386038482151572,3,1.8341902296360262,0.24571816202169217,0.282135,-0.07324010962158312,-0.006452837976590242,0.031146697411633895,-0.03641683797830808,0.2,-0.2847233706757926,-0.02173728000565447
442,14731.9,0.022164564456471927,0.41757513546861547,2.270958763088296,0.01748949902124864,2.3873881279649942,3,1.5973589369381012,0.05674261971615557,-0.0298453,-0.011334143163630461,-0.006236578563493467,0.13494640085758247,0.08658791971615543,0.2,-0.28088298311384574,-0.02176044696542559
443,14765.2,0.03892325290351815,0.41589212845460544,2.2496734840149686,0.020066092304656356,2.353323063508318,3,1.3865975203937229,-0.18658387108449048,-0.178499,-0.0056423013066209116,-0.004684149573930263,0.10069241411662544,-0.00808487108449052,0.2,-0.27880289008170644,-0.021788053434689952
444,14798.5,0.028698960685293415,0.41349501805062316,2.22442208142963,0.022066510663554893,2.3212785874884316,3,1.1954519094210978,-0.3966456426053604,-0.333705,0.032178801669557,-0.0027945491059964134,0.08174485982759361,-0.06294064260536025,0.2,-0.28199749450223244,-0.02168389792126817
445,14831.8,0.10390738226710958,0.4213472747988732,2.2631393824983252,-0.007052880886152781,2.288297942517548,3,0.9169066624574773,-0.5829160472464494,-0.695597,0.056365658281512854,-0.000532526395486066,0.07194198340731894,0.11268095275355083,0.2,-0.2714417587081184,-0.024483106816225404
446,14865.2,0.1413399219055651,0.42478352804681074,2.278209006044107,0.06969308040293992,2.3120905865339543,3,0.756739470923967,-0.8777380356103937,-0.723431,0.09273026065280776,0.0004484008775236248,0.07812894689206118,-0.1543070356103935,0.2,-0.278456627740038,-0.02569847288176541
447,14898.5,0.14853289160634914,0.42409418685752887,2.2831221760577693,0.060854933151202245,2.1151858774121335,0,0.5740549375115336,0.549249406273717,0.671573,-0.06211744469653757,0.005085794426150425,-0.0785592628143581,-0.12232359372628299,0.2,-0.2947644281607523,-0.02536326361066432
449,14965.2,0.15034606661918828,0.42848116702443034,2.3353913414684473,0.15549262383208076,2.105734873994077,0,0.1449923204829533,0.1711931235549775,0.0763485,0.053132974431941093,0.002693147632898185,-0.10655854834285305,0.09484462355497758,0.2,-0.28646542354785787,-0.026064288816981588
450,14998.5,0.09387726699911667,0.43295468466058024,2.3738053090333397,0.1757042482986021,2.1504803914421182,0,-0.09984877824699456,-0.06202513836176804,-0.195401,0.09503236449306174,0.0002537239118081125,-0.06682137114380726,0.1333758616382319,0.2,-0.27690444856897156,-0.02674871626683377
451,15031.8,0.030032997597893824,0.4348051827451941,2.387208399670775,0.15579460749716023,2.2017547165845084,0,-0.31629426969739605,-0.3147158639127996,-0.344714,0.09260405231206903,-0.00263878178001109,0.027057706118547298,0.02999813608720059,0.2,-0.27083273408802844,-0.027055624716388192
453,15098.5,0.06484333108188133,0.4383087648338269,2.3477947678095954,0.058508276129979005,2.4700739703180608,1,-0.7991393011152477,0.8256719801195973,0.677115,-0.07651557665489106,-0.014999231933797486,0.20489793002557333,0.14855698011959717,0.2,-0.2738785746709762,-0.025654691254682088
454,15131.8,0.12428604606864599,0.4495389359367505,2.365494601577589,0.10179003932486108,2.417744735186135,1,-0.7910808238366389,0.5446876503555176,1.08985,-0.0766596135637232,-0.010622935701817049,-0.03366273773433681,-0.5451623496444826,0.20009592471675142,-0.2779976787702826,-0.02407252671868325
455,15165.1,0.11635382050794495,0.4463718443146173,2.3040344798330534,0.1763525355472158,2.438063895878853,1,-1.0994329177002355,0.6009496796614608,0.268019,0.02174676865975078,-0.006613225621894259,0.2394670697456185,0.3329306796614606,0.2,-0.2721816860406722,-0.024552969023011864
456,15198.5,0.10742841612027548,0.44423153895588424,2.2590495692080466,0.14094098516774933,2.3718989739380865,1,-1.315619014683482,0.2646929974011183,0.242358,0.01748457020193772,-0.003949208330271681,0.1611861069623317,0.02233499740111844,0.2,-0.2696817593098206,-0.024815669209246063
457,15231.8,0.0857990379574584,0.4422136226626126,2.2216922596063133,0.11400798471532407,2.320539539018036,1,-1.4861286132592784,0.04721751886335035,0.152601,0.028652375050727485,-0.0016942533678250271,0.1092846542514625,-0.10538348113664942,0.2,-0.27050747566498334,-0.024901347377082984
458,15265.1,0.0692846317658623,0.4388257634949958,2.182722009507507,0.076933668028061,2.2794263399490524,1,-1.7341950170972489,-0.11492139726635386,-0.243612,0.02314692165278176,0.0002587191717138282,0.09543480634184931,0.1286906027336463,0.2,-0.2718373036769842,-0.024929792486701328
459,15298.5,0.052540811545556995,0.43555915565686526,2.152077265056852,0.03948687274745142,2.233482668624754,1,-1.9047644059206503,-0.37461877831666923,-0.261907,0.015206375469437816,0.0022022839205697586,0.04841219460648327,-0.11271177831666934,0.2,-0.2736479651941427,-0.024871013621710878
460,15331.8,0.004301872769988335,0.43360214757133986,2.1394323899459824,0.009364116489233174,2.197373468458692,1,-2.1332720051641467,-0.5353784569368485,-0.605857,0.06437017850551419,0.00545092518546797,-0.04379061268306872,0.07047854306315138,0.2,-0.2800489141864024,-0.02460605816611489
461,15365.1,-0.0006778040071769628,0.3984825147795927,2.1039868848371217,-0.1522591201677838,1.9835843745217199,2,-2.3231206413433863,0.8002769673030938,0.86083,-0.009078162424820402,0.03391934435607258,0.08350727814803705,-0.06055303269690615,0.2,-0.2831528289275597,-0.015599751572201441
462,15398.5,-0.041097342706766585,0.4025388411104002,2.1191482044453642,-0.08016283168058022,2.13286931411495,1,-2.481360510932128,-0.9567371073258242,-0.823237,0.045106979921962775,-0.0026589654689099795,-0.16388424806700908,-0.1335001073258244,0.2,-0.28844012057121293,-0.015066433983753381
466,15531.8,-0.12180194670964183,0.4079097347260472,2.230827898845422,-0.08537745461609925,1.8679339959680707,2,2.8774657279017983,-0.11319902617358579,-0.333928,-0.012711901280765936,0.011787674906083012,-0.3517898059473936,0.22072897382641443,0.2,-0.27670455733652227,-0.016776116565245462
467,15565.1,-0.028826950660601786,0.4118517657789612,2.272495004115597,-0.07224810734964125,2.27414548309783,3,2.617947808952713,1.0875234544233976,0.948047,-0.1464456610606053,0.0017533538812561922,-0.1240329138673153,0.13947645442339773,0.2,-0.30634355523311235,-0.015524426088087167
468,15598.4,-0.06512797995741272,0.4219334377948105,2.3209161523249526,0.04708344273744004,2.3596108120276944,3,2.394499648684768,0.8192538075807558,0.765897,-0.08046474570688966,-0.002718011822151034,0.05151899733365095,0.053356807580756005,0.2,-0.3120526631872724,-0.01724958233329729
469,15631.8,-0.09930161995538053,0.4231289217457081,2.317908597056265,-0.009616556429873455,2.434152311241685,3,2.1942843936922767,0.5963041716623589,0.639113,-0.08609545927247275,-0.0047162901303208216,0.24920684064883813,-0.0428088283376411,0.2,-0.30945432678979445,-0.019228685713344486
471,15698.4,-0.05974317958023495,0.42361302036727705,2.3162997485362875,-0.10366613144679272,2.4620442989260556,3,1.661739001101889,0.1834799494453243,-0.0868097,-0.08635945681343937,-0.00813033454887524,0.1541340679154648,0.2702896494453242,0.2,-0.29994684657294424,-0.019363225713377417
472,15731.8,-0.01705146840839375,0.42161030071172384,2.293963440130146,-0.07505132840227122,2.427422155501459,3,1.462621580440313,-0.15256715479070238,-0.0456908,-0.05883207334294571,-0.005907577335531933,0.16235465737805654,-0.10687635479070234,0.2,-0.2894691313505938,-0.019740086075438118
473,15765.1,0.014008482638562351,0.41909175617750066,2.2694817382224075,-0.03937617644254324,2.3845044757931344,3,1.345818844844061,-0.34037562443156943,-0.0371685,-0.039902657390688656,-0.004051727596443122,0.13347272260805942,-0.3032071244315695,0.2000673235635186,-0.2831945078970271,-0.01998624810364752
475,15831.8,0.12245696731822506,0.4302185859748028,2.320877027722506,-0.011777833768509195,2.338065242269866,3,0.9270134620127521,-0.6365438675073207,-0.625082,0.04714221527112006,-0.0006898122977863075,0.11589454266048937,-0.011461867507320811,0.2,-0.27195294714172175,-0.02352207536137199
476,15865.1,0.16908061546344486,0.40851227449227084,2.2814971309016663,0.01617151185821808,2.179810698812754,0,0.8112068106983745,0.7207278079061692,1.00773,0.07536993281685556,0.023502350056375576,0.39737491815168346,-0.2870021920938308,0.2,-0.27821753678790384,-0.019522194841221172
477,15898.4,0.16243501377529213,0.4102665433901704,2.277528448178196,0.0815358536934007,2.121940347948361,0,0.6101783157395229,0.6252436491525728,0.672092,-0.04962355531414575,-0.004405915958125561,-0.039130891094831366,-0.046848350847427334,0.2,-0.29705563654478034,-0.019145988526810955
478,15931.7,0.19828542323846826,0.4130196804168151,2.2934386297039766,0.10364429512281094,2.0989159174929095,0,0.44013956958915523,0.4206939950593358,0.502119,-0.021182059356785743,-0.002415200519881644,-0.0761605148763338,-0.08142500494066418,0.2,-0.297425608780343,-0.01962990031725885
479,15965.1,0.22097964898818379,0.41782530242060517,2.3191767766653535,0.17333127884336583,2.1060241595016795,0,0.3046740762693769,0.25518198783790824,0.409505,0.015542727099142173,-0.001973233024216814,-0.10325397302417372,-0.15432301216209154,0.2,-0.2959119010751998,-0.020108782639271374
480,15998.4,0.19104071942669634,0.42362398341203494,2.3514882458868627,0.21906461287654933,2.130527381533183,0,0.12921576455985528,0.13342021369724977,0.0898915,0.08980390423122842,-0.002968896173713098,-0.07713965328148609,0.04352871369724998,0.2,-0.2899975381289299,-0.020590204473219655
481,16031.7,0.1314001515130263,0.4287146433345207,2.3788648921837288,0.21326448907908302,2.165033628528364,0,-0.10706879280919424,-0.04170750069112028,-0.257105,0.10243371359539166,-0.003082217973139123,-0.03728321785458144,0.21539749930887986,0.2,-0.28386443649157583,-0.0209181665286927
482,16065.1,0.07324085797766805,0.43277150437846046,2.3955270352094074,0.18910337808202302,2.203167205035599,0,-0.2627691902306917,-0.29250757752027656,-0.233085,0.09440913765092196,-0.003613015992434576,0.002635689267442398,-0.059422577520276576,0.2,-0.2799019644069343,-0.021096410411626736
483,16098.4,0.015672873795806945,0.4375573049790455,2.3780424918538903,0.147186268357119,2.2308267158006982,0,-0.5318353701915761,-0.439186815893462,-0.642459,0.12399806267900981,-0.0040545131297977655,0.02121708809044165,0.20327218410653813,0.2,-0.29037459724069314,-0.019710661570772302
484,16131.7,0.035782390807364395,0.43854512426068226,2.3431776888272573,0.06406937068029099,2.450733137696719,1,-0.7548411582763799,0.8420325485326368,0.717303,-0.07753801285285888,-0.009672945848868686,0.19084795025083023,0.12472954853263651,0.2,-0.2908767248713193,-0.01946510259600155
485,16165.0,0.05152001615476255,0.4378381243218476,2.2977639858441017,0.07675462293645671,2.422890812706666,1,-0.9977792757691981,0.6117112697433402,0.475612,-0.044151546584429546,-0.007761076739771333,0.20823976145170553,0.1360992697433403,0.2,-0.2847329813256167,-0.0198594598907257
486,16198.4,0.06234370051233179,0.43666194360799016,2.256331441423974,0.0753739867219975,2.374346327238488,1,-1.2194882406993863,0.35841244447126286,0.332477,-0.023547204632103913,-0.0049987178168575674,0.1652296678120071,0.025935444471262947,0.2,-0.2786793031233773,-0.020303605431000776
487,16231.7,0.1068518538627947,0.4119214028495235,2.0784727868376662,0.07023976870236126,2.325224406149657,1,-1.3564993342425307,0.13567436752414963,0.351644,-0.06991644564261312,-0.006399170055548797,0.7331226310936814,-0.21596963247585022,0.2,-0.25584904055508595,-0.022726229118750753
488,16265.0,0.0805263809202346,0.41537461806977893,2.075192572493383,0.11349692908557382,2.097615593493368,1,-1.5848277274296507,0.017817578815718438,-0.0686162,0.04646590237483483,0.0007515418331882628,-0.14437894905651882,0.08643377881571856,0.2,-0.26200928848017885,-0.02229961610421336
489,16298.4,0.05277018909398034,0.41418015169288297,2.051809053907247,0.06705909957156278,2.104534346942356,1,-1.8301430273849892,-0.21872680033291791,-0.327247,0.04229162564387412,0.0023643898370675487,-0.0441453084711978,0.10852019966708193,0.2,-0.2667159303334693,-0.022121577064795984
490,16331.7,0.026785076112051158,0.41757594937646014,2.062300347661393,0.017436609539974713,2.0816934138433103,1,-1.9666624972017346,-0.47292965745996796,-0.264908,0.02743887009055479,0.004560925609385258,-0.1673964518378379,-0.2080216574599678,0.2,-0.26996212104689504,-0.021961963640483306
491,16365.0,-0.014417436941081462,0.4214629924840511,2.0846711912438587,-0.02076913799757355,2.097226761271389,1,-2.1411101614241534,-0.5921616299840493,-0.533517,0.04921918001776859,0.006598899586011342,-0.19022625784942893,-0.05864462998404907,0.2,-0.27342992505313635,-0.021810609639575738
492,16398.4,-0.059252534123466,0.4245205547962004,2.1147271575971245,-0.07960369623291412,2.121883182058431,1,-2.3662103297668686,-0.7625668182615946,-0.853839,0.04754189674103726,0.008254469094044925,-0.18247857670592094,0.09127218173840568,0.2,-0.2749852443170574,-0.021695455404713054
493,16431.7,-0.0024502475147108876,0.42770748746262344,2.2186549693213857,-0.18834011797408096,1.938306881971899,2,-2.598439663159736,0.5759750559186156,0.583288,-0.17707825619264783,0.02275013335989229,-0.2150981253253803,-0.007312944081384387,0.2,-0.27958382014409583,-0.018550250658307465
497,16565.0,-0.08300186961819292,0.4314912662847982,2.3360519602248155,0.02812750953358372,2.0692714466641258,2,2.8316979480402917,-0.28084325140067357,-0.337882,0.04621801591737196,0.011900585449108547,-0.16762209011689055,0.05703874859932645,0.2,-0.2687535105621549,-0.0188777117046273
498,16598.3,-0.14095967202341259,0.4364597345236506,2.3927926924331686,0.0017133000037492657,2.1828289263106053,2,2.6455204094788014,-0.5207498973076845,-0.47193,0.05331919872992952,0.0030210261231626845,-0.10022368923225233,-0.048819897307684545,0.2,-0.26338916358370285,-0.01939558782089776
499,16631.7,-0.04674032379909647,0.43119088507426656,2.378489702165643,-0.11420689607211505,2.4587226708340997,3,2.462856313175485,0.8684916298277301,0.859609,-0.1548643229986486,-2.1708299692946298e-05,0.1119979390838779,0.008882629827730248,0.2,-0.2849178034936899,-0.019470248012836457
500,16665.0,-0.06683822578282063,0.4301155557419013,2.369114863056631,0.10367474735957125,2.2731832920541115,2,2.323932249689036,-0.8820420078368283,-0.790447,0.1249703547570693,-0.0037399410958065538,0.01313226789264954,-0.09159500783682839,0.2,-0.2936802301857767,-0.020002250514055086
501,16698.3,-0.11975930371040797,0.401481941734957,2.2674643446608593,0.0945887848236266,2.28135846817589,2,2.165480907155164,-1.007014225136583,-1.00526,-0.048167528414016836,0.013501790563307026,0.6206084245948895,-0.0017542251365831873,0.2,-0.30426671804134403,-0.016453540330943022
502,16731.7,-0.19178991402746828,0.4068125320096242,2.2972163199203455,0.04732134017624534,2.18931144817487,2,2.0423682813756514,-1.1570856231748081,-0.947107,0.11394564855263312,-0.009944571886289832,-0.11685799022883891,-0.2099786231748082,0.2,-0.3062481006345446,-0.017079973596889456
503,16765.0,-0.14323289454373175,0.4075339228622083,2.2841285070004687,-0.18678179991779353,2.4053015637908515,3,1.8511928939954503,0.3068176767654478,0.168111,-0.12687168576386165,-0.011885097787744048,0.10070076417634688,0.13870667676544768,0.2,-0.30140052810325924,-0.015862847207545664
504,16798.3,-0.10763216280132368,0.40607655086068434,2.254545507402683,-0.14490205798265532,2.3891633787118125,3,1.611511391239592,0.10807681790136847,-0.107628,-0.0681141859507286,-0.009612997291262193,0.15101583891452242,0.21570481790136853,0.2,-0.2923966260811488,-0.015721577683383642
505,16831.6,-0.08295131327800861,0.4046142432877799,2.230074768421926,-0.1247240422182422,2.3447615492729152,3,1.3753543840418674,-0.1483824367666049,-0.284414,-0.03567484996050441,-0.0065930993167513385,0.107027723771147,0.13603156323339505,0.2,-0.28605919306943084,-0.01575624293257821
506,16865.0,-0.06060091945365094,0.40145074341383463,2.200228398091396,-0.11442757761705373,2.304405047463961,3,1.1792610492867528,-0.3963026101203795,-0.383415,-0.028157665269862076,-0.004240432492028656,0.11339138320689868,-0.012887610120379644,0.2,-0.28098029107422295,-0.015995780543929108
507,16898.3,-0.05791242868496182,0.4003346002390596,2.1864563170241254,-0.10021663011289897,2.2582348656369042,3,0.989910288137045,-0.590477423547231,-0.563707,0.003588996440633263,-0.001784357118491453,0.014782953494459239,-0.026770423547231026,0.20000244887585447,-0.2812911390131717,-0.015941729317786882
508,16931.6,0.032081334712118915,0.40785497888518335,2.2268811013423324,-0.19544116593969235,2.036169952614936,0,0.69124464025181,0.7931653669216985,0.684592,-0.18768674967439747,-0.0006904077211906667,-0.15822470040731318,0.10857336692169861,0.2,-0.2831223404966739,-0.017508137167429372
509,16965.0,0.0667333102386875,0.4189574532604315,2.293025133892469,-0.0395317902509116,2.048562395435214,0,0.4751522260993446,0.47166911905611775,0.500745,-0.09810403794907563,0.0028501745192346384,-0.1968360123921391,-0.029075880943882026,0.2,-0.294447560711431,-0.0178718637884219
510,16998.3,0.12167591015959371,0.42606441508955717,2.3339054020848184,0.037530305492256125,2.111736771646155,0,0.29818733798058306,0.25746568750338694,0.437844,-0.057236524735922334,0.0023819577965262795,-0.1716372558787902,-0.18037831249661318,0.2,-0.2955035936232073,-0.018695743083571904
511,17031.6,0.12219615037917687,0.4312738004324469,2.3715286257407655,0.1317307597530217,2.152119697300498,0,0.018663231379679512,0.09107275912782598,-0.155021,0.03456950154564309,0.0005817453531684613,-0.0677540837404651,0.24609375912782605,0.2,-0.2897777808942691,-0.019188703961250386
512,17065.0,0.1207813682312134,0.4365715947138837,2.401156244417088,0.1864517003240439,2.196070378932637,0,-0.09272264031433597,-0.2071739564117676,0.113157,0.06245889850445829,-0.0012527448062868984,-0.03361381311632483,-0.3203309564117678,0.2,-0.2863045880636603,-0.01958738403740062
513,17098.3,0.05692508070597438,0.43997285896948884,2.417507627854899,0.19545517498248205,2.231487238560943,0,-0.3231033131412073,-0.28896743193858665,-0.420883,0.1196446760981229,-0.003057330047210982,0.044112824668368855,0.13191556806141325,0.2,-0.2789352356527574,-0.01991468786671061
514,17131.6,-0.026055846818910176,0.4420396575284421,2.4204527883572253,0.15946349495326584,2.26561671221477,0,-0.5466550485800199,-0.5257983987444605,-0.612578,0.12414026315228588,-0.0037597403041540467,0.07588684195716588,0.08677960125553952,0.2,-0.27285062300927004,-0.020142848413824098
515,17165.0,0.03298742471425538,0.44595364805082827,2.407953108686601,0.013299571051080553,2.4888296843263644,1,-0.7203477437834462,0.8179493243331404,0.857005,-0.11222434609453069,-0.008764833330651811,0.10445985510337685,-0.039055675666859635,0.2,-0.2840605797477992,-0.018969188433942626
516,17198.3,0.08733590702129086,0.44645990412864944,2.3762268483965707,0.08308688526706563,2.489329850733101,1,-0.8413685799752209,0.6504377416253018,0.840027,-0.08191417618483454,-0.0074023667427063344,0.17398322763236518,-0.1895892583746983,0.2,-0.2829829022288886,-0.018991709538056553
517,17231.6,0.09634626963758179,0.44464552246014716,2.324829784758023,0.13936155622393182,2.4544981103515786,1,-1.1239058994379572,0.5465557590939092,0.271108,0.0005182306020294902,-0.00676467206849285,0.21680381876823862,0.2754477590939093,0.2,-0.2770957463747262,-0.01942005669733177
518,17264.9,0.1372078421066978,0.41845466338288784,2.130648133927477,0.12401243914644403,2.398073161172376,1,-1.3045038648038765,0.24155469490025272,0.307462,-0.04906365702057114,-0.00790020074043607,0.7768670415015844,-0.0659073050997474,0.2,-0.2559314691369698,-0.021892806146508646
519,17298.3,0.11057378684745009,0.41810022164252153,2.1033122800661537,0.15587543609508353,2.1545227558870406,1,-1.5965012316883982,0.06676219752266377,-0.182301,0.05920517715173279,-0.000653665353828714,-0.02722639163262075,0.2490631975226636,0.2,-0.2610186273780713,-0.021641095181863003
520,17331.6,0.06812327674028602,0.4201843645069596,2.0962907797176418,0.1033568350893499,2.131857075845726,1,-1.8232179446821957,-0.24576075881065895,-0.261432,0.07066713343941222,0.001974918747468024,-0.11507074818170393,0.015671241189341156,0.2,-0.270076342199928,-0.021260550605539028
521,17364.9,0.03566645724693535,0.4221234723397955,2.095239019137945,0.03514892594972603,2.13230539224876,1,-1.9808194955066476,-0.47434481899098735,-0.298653,0.043081009031725515,0.0035128290164019305,-0.11772870753907316,-0.1756918189909875,0.2,-0.27533558563597943,-0.02105216979286684
522,17398.3,-0.011265863868052776,0.4204419305392289,2.08892916117717,-0.014322894385217201,2.1345215697578013,1,-2.235804794693122,-0.618240010182038,-0.742914,0.06561148140481254,0.0067593751162053906,-0.08220244037238578,0.12467398981796185,0.2,-0.28118406926773876,-0.020803108136533473
523,17431.6,-0.059300817637168664,0.4235462669511195,2.122178440581442,-0.08771036462697558,2.121394937708855,1,-2.4843978606009793,-0.8836429032766806,-0.969662,0.052718226883017305,0.008857759382194352,-0.2112467315429849,0.08601909672331942,0.2,-0.28346274082978784,-0.020668177537621214
524,17464.9,0.019665434537189178,0.4201934610590332,2.1826161794470216,-0.16303532530390608,1.9296635875082502,2,-2.7260506843243677,0.43142624528066786,0.473064,-0.15015250709560402,0.022086880218046723,-0.23926821109137597,-0.041637754719332065,0.2,-0.2808052879575371,-0.01841006500917331
528,17598.2,-0.09954997826319716,0.43205783549259824,2.3379463578553565,0.10699101399478471,2.0110997590125517,2,2.704563296693882,-0.49800142660014934,-0.411937,0.10442114676569769,0.011308408925939428,-0.2988514668800284,-0.08606442660014935,0.2,-0.26446854752875265,-0.020010393614403255
529,17631.6,-0.006824847878190626,0.4273086591343475,2.3300345199548396,-0.0671662578039077,2.3972328251175203,3,2.4729245876945436,0.9167415750103771,0.835316,-0.13456191729969857,0.0019251992465654233,0.05667884670635015,0.0814255750103774,0.2,-0.28478513408894174,-0.01997098315092632
530,17664.9,-0.06827905157991357,0.42513738552370606,2.321673214284343,0.044364048422255345,2.414264960947474,3,2.25023185830862,0.6814960604164604,0.660981,-0.0682199685820235,-0.002440008665404836,0.207504885381272,0.02051506041646034,0.2,-0.28596753281948495,-0.021466006071932095
531,17698.2,-0.023480328442835832,0.4209054923794076,2.301147659818578,-0.04202038913354032,2.415015161288868,3,2.056301042730013,0.45913173696419207,0.516527,-0.09413328223942319,-0.004646487806576616,0.1659754192679559,-0.057395263035807886,0.2,-0.2823635055843206,-0.0217135198028986
533,17764.9,-0.016237020340427774,0.41643275399798485,2.2764961865905526,-0.02329213801762316,2.405632002668149,3,1.671551273762618,0.05538671595357414,0.158359,-0.014058763732412771,-0.007437631407850365,0.16810205358516317,-0.10297228404642578,0.2,-0.27682575696352973,-0.021696714436380875
534,17798.2,-0.023102769913404958,0.4135399902710136,2.2447812431601433,-0.02437530873573085,2.356685190555116,3,1.369103898723477,-0.10341027756153665,-0.340757,0.014527820512438172,-0.0052054521327402625,0.11883563544866949,0.23734672243846333,0.2,-0.2759803144516902,-0.02167411830176159
535,17831.5,-0.03911747351263349,0.41092044741592665,2.2216225946006305,-0.05601975299783417,2.3126023740409645,3,1.0883745001598664,-0.4274512295706927,-0.565165,0.02339495070603803,-0.002722411690922577,0.06904584800591618,0.13771377042930721,0.2,-0.2780815077536093,-0.021597926990939934
536,17864.9,0.06390822096867492,0.4240255210600467,2.2877693902557845,-0.0946354636481884,2.2759491004562107,3,0.8820937048485424,-0.7210307503457845,-0.629705,0.013023679726883675,-0.0011372798567794717,0.024760807081334324,-0.0913257503457845,0.2,-0.26365503373179533,-0.02516369706750425
537,17898.2,0.09444233269104811,0.42573906833915504,2.300148605685786,-0.04327531015994153,2.1358119035026526,0,0.6386116880149886,0.6522497224514456,0.667983,-0.11554188885590921,0.003040822975457491,-0.12822709003423505,-0.01573327754855436,0.2,-0.2748824775164677,-0.02573800363094816
538,17931.5,0.11640668002219036,0.42495237460406676,2.300675388748992,0.03276795837476927,2.1263954994868994,0,0.5007522700474079,0.405654472830709,0.690351,-0.07680032383452273,0.004600529818173271,-0.0696963440826841,-0.28469652716929117,0.2,-0.2929297809149726,-0.025401872811046895
539,17964.9,0.1431256452020971,0.429882443726242,2.3419770033069365,0.07691967037778343,2.1203462654806935,0,0.2750078652649499,0.29164591690978536,0.238588,-0.019783962953360046,0.0028679410993301957,-0.15891762395679754,0.05305791690978534,0.2,-0.29053585370901513,-0.026139129542765926
540,17998.2,0.1380556044420418,0.4337086860229892,2.3757164505751267,0.15057672047643947,2.158662017685387,0,0.08352449500586712,0.06221517381076902,0.113157,0.04740144703020599,0.0008333338510713162,-0.07353595830263382,-0.050941826189231154,0.2,-0.28570667655445386,-0.026632121170887983
541,18031.5,0.10010720113731995,0.43493803552797433,2.394275444555471,0.1774076697499313,2.196365968257405,0,-0.17171804650075462,-0.12316953359199312,-0.293435,0.07522569466776874,-0.0009100747979826629,0.02221673643420541,0.170265466408007,0.2,-0.2795656136766704,-0.02687202409511015
542,18064.9,0.06142048885620371,0.436433760473499,2.406208726618959,0.18074754977022903,2.228107010363311,0,-0.31899014638816015,-0.39024217860604216,-0.211695,0.0798042983890297,-0.003199945115774483,0.041185539886006595,-0.17854717860604197,0.2,-0.27566572043419624,-0.027062744025788354
543,18098.2,-0.02233346201911416,0.439428546765154,2.417122094899392,0.15638932971650293,2.2503364346524672,0,-0.5169497364186757,-0.5187706525842852,-0.539605,0.1200035190069495,-0.004936461607790488,0.034243031400122526,0.02083434741571466,0.2,-0.27017878296650244,-0.027299529103584616
544,18131.5,0.024821353798121365,0.4414561211015356,2.3777699457199986,0.011505253703647016,2.4800579730119914,1,-0.7235896424922998,0.8563751465383613,0.78317,-0.10541592652112897,-0.013839190217502129,0.1941202871070815,0.07320514653836119,0.2,-0.2767777464323879,-0.025902294699909543
546,18198.2,0.07229921200664732,0.4414008414566273,2.316130316243999,0.04381034537148568,2.4649144639808624,1,-1.045187929609738,0.44401922535615324,0.598197,-0.07013189487342997,-0.011102026048713576,0.2504354868980454,-0.15417777464384663,0.2,-0.26796116090548083,-0.026138809407947102
547,18231.5,0.0881938816106088,0.4412872005655343,2.271244673029526,0.09849113397891386,2.3770155130607713,1,-1.2551253607739767,0.34112383953868,0.278071,-0.014714699875629123,-0.006658509095477605,0.13722222833610154,0.0630528395386798,0.2,-0.26376013567377626,-0.026242767510090532
548,18264.8,0.07722639770860446,0.43901520382481124,2.2200364471776677,0.10180304099587748,2.3252018681667717,1,-1.592688705658182,0.12591837385109583,-0.249679,0.026841409337221123,-0.0042388861104636355,0.14112251111652796,0.3755973738510958,0.2,-0.2623581265834519,-0.02645073050346178
549,18298.2,0.06681827848553631,0.4366610027846234,2.1816861733006783,0.06502881408632213,2.265326102686926,1,-1.8160027792930595,-0.24364118592998496,-0.245135,0.016526379087544285,-0.0008268748157038708,0.08030023941624487,0.0014938140700149205,0.2,-0.26331602034062507,-0.026536799890918075
550,18331.5,0.03277817405427541,0.43523524096560573,2.1568999854736415,0.03900410105555263,2.219791676712987,1,-1.9771928787392634,-0.4666059131407603,-0.301312,0.04457245577134117,0.0021742889314322333,0.0048977545874353545,-0.16529391314076047,0.2,-0.2686036683824015,-0.026399384941200307
551,18364.8,0.028788770850563174,0.3997920570453368,2.1053116420836817,-0.13560809989280226,2.022587044534798,2,-2.2274968703096145,0.9562036026764051,0.852508,-1.5160090610422117e-05,0.030892766419838402,0.1387081133629553,0.10369560267640487,0.20036412765948935,-0.27353407875336555,-0.018022007324163376
552,18398.2,0.018560807373642192,0.3791237895125931,2.078891818337879,-0.10448332748491701,1.928026457471685,2,-2.3678092579984558,0.6957641862189687,0.90545,0.015118502572992742,0.021252893828089814,-0.00014000741258035632,-0.20968581378103135,0.20034961907907278,-0.273808875453256,-0.015128960337420769
553,18431.5,-0.017101527950349207,0.3835441237597035,2.07913226648942,-0.04883385453764383,2.09508527403424,1,-2.490933418901175,-0.9968719281960103,-0.770486,0.052776152812377575,-0.009682434099573367,-0.13961513586312213,-0.22638592819601033,0.2,-0.2824831161088295,-0.013297565099720703
557,18564.8,-0.057954953509308293,0.40543530489507157,2.2605746551666726,-0.04658401112351926,1.8034645544533439,2,2.6923797247089762,-0.07749628825389365,-0.572802,0.0304654531242341,0.006009861274197004,-0.42036306741030294,0.4953057117461066,0.2,-0.301984229290389,-0.01360986754410258
558,18598.1,-0.08408034821628357,0.4150298721179001,2.2996371443135053,0.010008539514209672,2.341750997812388,3,2.4173157730227874,0.8749978589950516,0.763754,-0.09653407054155361,-0.0030567141016923927,0.04216357832539863,0.11124385899505151,0.2,-0.3115881653816473,-0.01478616075296025
559,18631.5,-0.11265136319283246,0.41971983062028934,2.309865253181465,-0.03440087625015979,2.4127239762171935,3,2.1844736116657923,0.5935123351278868,0.611461,-0.09688984077287266,-0.00480798722301623,0.19203438631705883,-0.01794866487211344,0.2,-0.31087385539731105,-0.016494860613669365
561,18698.1,-0.06597409826263444,0.4213753528276796,2.3212112186227176,-0.1302548896617207,2.4603255048439783,3,1.7886571319117577,0.11915962007084957,0.337746,-0.11372505659684728,-0.00673354110300739,0.16684119268769937,-0.21858637992915053,0.2,-0.2983530266398327,-0.016860315742657127
562,18731.5,-0.030755480246578044,0.41998183802017064,2.2969158012604347,-0.06733878257437229,2.434434770249067,3,1.5577190744572365,-0.0062154998322832,-0.0331069,-0.04769250020256521,-0.0058450675763306315,0.16865785167683178,0.02689140016771674,0.2,-0.2906280992752133,-0.017163346302738993
563,18764.8,-0.01613443008235533,0.41590978060704337,2.261253717609397,-0.046271152683048884,2.393323691433648,3,1.493930255193991,-0.23798651120363523,0.189767,-0.022396840305171306,-0.0036375623582247663,0.18383840222859682,-0.42775351120363503,0.2002604923951321,-0.2857575226728036,-0.01743327152848156
564,18798.1,0.08991193482148152,0.42477426385545136,2.294210967020139,-0.030977849624991755,2.344691028821201,3,1.087871803669966,-0.2644441916658451,-0.65292,0.042219657469507954,-0.0012526098584890732,0.13086438874231998,0.38847580833415485,0.2,-0.26470057335041863,-0.021033658943726483
565,18831.5,0.13400642775405053,0.42872800966045055,2.3114871450214314,0.07150399361323082,2.3493669534875323,3,0.8378371771631188,-0.7202324618577514,-0.725721,0.09237343768349549,0.001427606916028612,0.12988757928501604,0.0054885381422487,0.2,-0.26572054162824976,-0.022944270455469026
566,18864.8,0.1558020866616944,0.4324403671670805,2.328945963618971,0.10766087228059151,2.3582227675122507,3,0.657705776378819,-0.9723441170474612,-0.804932,0.11676081581174813,0.0019346471642256446,0.1054623714789229,-0.16741211704746117,0.2,-0.27591518901519263,-0.02430799874230549
567,18898.1,0.19032096039161092,0.43611563821187893,2.3603534381193008,0.09877663095990058,2.160687348659365,0,0.4158722478923038,0.43363336455850554,0.373702,-0.017273132577218853,0.003246235840478562,-0.09295299942717117,0.059931364558505784,0.2,-0.27421691083583327,-0.024548988077029456
568,18931.4,0.20155081990527918,0.44068338238891525,2.3980235255685396,0.18170724381219933,2.180126651515713,0,0.1936866218877804,0.18716924655487555,0.195611,0.032300108050052234,0.0027751362065293605,-0.09096137821926176,-0.008441753445124434,0.2,-0.27018584752272634,-0.024926162287278675
569,18964.8,0.1583488022558736,0.44177411921116017,2.417934416806502,0.2334589988467306,2.2180063974746376,0,-0.08227230899236027,-0.03361660026540925,-0.215984,0.10056228002243683,0.00019528445133820682,0.03807104673211681,0.18236739973459093,0.2,-0.2631845222638,-0.025119916998412064
570,18998.1,0.09622115085837066,0.4440967022310824,2.4343334868313513,0.23305127412514579,2.24763642669915,0,-0.28268730658290675,-0.31997422923650554,-0.248578,0.12043766154271562,-0.002531658983349061,0.03679652147451273,-0.07139622923650535,0.2,-0.2565997796131577,-0.025440542958212
571,19031.4,0.017254917722919913,0.437117927273759,2.3967012942322197,0.19130979718396332,2.2790816608619866,0,-0.5071692780354571,-0.5099659147079967,-0.540263,0.10887798883507349,-0.003624542312700374,0.23783618070555423,0.030297085292003256,0.2,-0.2519181980555014,-0.025470592346433944
572,19064.8,0.06382884197406613,0.44041324770892054,2.3745740710826024,0.039027535025764046,2.4419264063450483,1,-0.7259447895294668,0.8378441481887604,0.817489,-0.0985110873650612,-0.011289072338402484,0.10588879638056037,0.020355148188760275,0.2,-0.2613599742734741,-0.023849631733076245
573,19098.1,0.09001601071162577,0.44016143978585465,2.3302537011521154,0.09426693463734492,2.430548902805467,1,-0.9659523039420694,0.6197133696326804,0.564124,-0.04818101266516006,-0.009656569784139535,0.18253459814985806,0.05558936963268035,0.2,-0.25765376053275146,-0.023710647603211107
574,19131.4,0.10470144423004026,0.4395539721710693,2.2909750343860926,0.11184276333910806,2.3821154594515965,1,-1.18553469427369,0.3757954804809467,0.398392,-0.02053342867895802,-0.006694207280375952,0.14623391501815153,-0.02259651951905317,0.2,-0.2529128002722698,-0.02385487338164494
575,19164.8,0.11266607353149478,0.4384247081265743,2.2571397101003594,0.11622222139927291,2.3355138708653387,1,-1.3547709420429108,0.15763996932095958,0.317143,-0.009359396977898005,-0.0037303565314790177,0.10805009154405276,-0.1595030306790406,0.2,-0.24977548630435625,-0.0240519480015879
576,19198.1,0.08896176099926678,0.4359036565535162,2.215006460591757,0.1168121224645301,2.295025535659706,1,-1.6599513259303718,0.0024135959096067694,-0.243612,0.040262478044794214,-0.002573701760254732,0.11179059036334538,0.24602559590960693,0.2,-0.25095625024732554,-0.024145856042643295
577,19231.4,0.04882974514006117,0.4332970457143217,2.178802953231416,0.07193522053144742,2.247076083033255,1,-1.6612513785373686,-0.32347985125676715,0.31559,0.04246138129893673,-2.2750728390530384e-05,0.06197361885881314,-0.6390698512567674,0.2,-0.2556245950196422,-0.024058192221798405
578,19264.7,0.0025860078562634087,0.43007430897147025,2.1514843455758528,0.02670782221822513,2.2133322235827793,1,-1.9437052311985883,-0.27191001765827494,-0.542521,0.06092350757630394,0.002821830874116138,0.01972151421255175,0.27061098234172487,0.2,-0.2595315546857026,-0.02393400452207111
579,19298.1,0.0037262476313501703,0.39767099635516256,2.1042614849547236,-0.17914438478162506,2.0222261325753554,2,-2.201636870824691,0.9926251429364195,0.867334,-0.020693757353211772,0.02792102669270724,0.12551891410274107,0.1252911429364194,0.2,-0.26323866005016106,-0.016427358677793324
580,19331.4,-0.050425067521273376,0.40487449416262744,2.139351890804197,-0.05513893848608862,2.1225815999560376,1,-2.4405155178810523,-0.8473322424044429,-0.89912,0.06451984121040333,-0.0017461635665316777,-0.25248742339995545,0.05178775759555698,0.2,-0.27070935633561893,-0.015629129335219503
581,19364.7,-0.09184187737882031,0.40939470398262917,2.162939362418133,-0.1323054934294096,2.1580904499015214,1,-2.612703083159921,-1.0912793479697207,-0.955917,0.03171489318332643,-0.00013979145069686894,-0.16601637032356953,-0.1353623479697208,0.2,-0.27286890706061373,-0.015438847738816954
585,19498.0,-0.1674476494551636,0.41327536433553214,2.25241402624401,-0.1232767069133302,1.9410144896156596,2,2.7526178130820718,-0.31235749013434955,-0.409043,-0.02944549253303208,0.010635990203126777,-0.2608984842355304,0.0966855098656505,0.2,-0.26707971334864017,-0.016296497907040772
586,19531.4,-0.13835414560064557,0.4193332557397029,2.2969605746239443,-0.1329258224932277,2.2987795994383786,3,2.4144598188027633,0.957989137273664,0.729761,-0.1547084982659639,0.0012392933097249426,0.04303100086819889,0.2282281372736641,0.2,-0.28926028439755913,-0.01727668052879697
587,19564.7,-0.14013368675578397,0.4214718006382018,2.3068869894041764,-0.10155695162769446,2.3856353755489765,3,2.198472875608731,0.599186517520744,0.629464,-0.12713970256901597,-0.0029047277018916517,0.16430662869716972,-0.03027748247925599,0.2,-0.2920572420278144,-0.018710906243417213
588,19598.0,-0.09789926341333141,0.4205132950080649,2.2988938065806126,-0.1172948620447904,2.407575085807089,3,1.9411403726313514,0.38907499082383623,0.281594,-0.10408349690127405,-0.005361267778125622,0.1110318821068601,0.10748099082383611,0.2,-0.2901974030265084,-0.018637928175346163
589,19631.4,-0.05780965494440916,0.41983625973989114,2.28916578196952,-0.08854992149994216,2.400814227062459,3,1.6450450869544024,0.12560193459576752,-0.0558021,-0.06754557613448364,-0.005301933244006296,0.1058108113671774,0.1814040345957677,0.2,-0.28408332443067985,-0.018740578195665877
590,19664.7,-0.0270521049241867,0.417138714636972,2.2697520218267098,-0.06688366076957965,2.3807541924457802,3,1.4139402805762744,-0.18309678101601357,-0.110262,-0.03720126863542106,-0.004215457041758963,0.1414483974505205,-0.07283478101601348,0.2,-0.2771953268344623,-0.019028869324592794
591,19698.0,-0.014808471035705413,0.4142904611066933,2.2486772255646432,-0.046776163916715074,2.34455413904206,3,1.2059936353392295,-0.4075404048383646,-0.286273,-0.004057738291830759,-0.0026420747549509294,0.1056954565377648,-0.12126740483836462,0.2,-0.2754744708496377,-0.01913067624060856
592,19731.4,-0.01567211373384668,0.4101350034995655,2.2203308107774347,-0.04659642039243209,2.3104791514301684,3,1.0115830306839086,-0.6057642698967243,-0.475261,0.015431106199083722,-0.001218158866900687,0.10183056759830045,-0.13050326989672412,0.2,-0.2769524646197147,-0.019153752282331103
593,19764.7,0.08137732722466559,0.4219273344244966,2.276262338974289,-0.0612355296041236,2.2699738757997796,3,0.8411032134705625,-0.7885163375690016,-0.660012,0.026751826206134144,0.00019692599853238235,0.0712637153563711,-0.1285043375690016,0.2,-0.267656947165488,-0.02283502783817945
594,19798.0,0.1002472990886279,0.42715486432912636,2.3177718685678053,-0.011084840991613998,2.1204251384701887,0,0.5682343895103732,0.6261842764513501,0.537966,-0.08493860262338115,0.0030931002609673186,-0.11023169800305554,0.08821827645135016,0.2,-0.28083376955294637,-0.02266103218461644
595,19831.3,0.13854050930872067,0.43109006678994677,2.3501839663832493,0.05697833845944893,2.1430223646719826,0,0.32728454334780954,0.3394029294201246,0.310023,-0.030119421178479655,0.0021118988454369436,-0.09663492766554427,0.029379929420124462,0.2,-0.280167736089035,-0.02305371769424453
596,19864.7,0.13642705915247436,0.4344810620105112,2.3839650071578307,0.14602477236075395,2.1681391800499967,0,0.0188525868679279,0.09471761481456031,-0.163072,0.035536117387461985,0.0010111887954842302,-0.04909100466695637,0.2577896148145604,0.2,-0.2750990171355536,-0.02337911332475944
597,19898.0,0.11832268292856121,0.43835002687632835,2.411334722363738,0.20334514529296807,2.208579183438926,0,-0.2265477771746074,-0.23195010168388253,-0.235752,0.06432372527890973,-0.0012774793443108834,-0.019710244272593158,0.003801898316117658,0.2,-0.2701887848752387,-0.02374168144348355
598,19931.3,0.07501760709969832,0.4401816056518912,2.4228803194952078,0.2231596464510578,2.2540370036929693,0,-0.374393249793771,-0.475307675012544,-0.217603,0.1056735117568377,-0.003848717690773995,0.06307129974530223,-0.257704675012544,0.2,-0.26528513941853055,-0.02397687226036902
599,19964.7,0.0288401058839136,0.44281701806552015,2.4379414169784193,0.189649378202632,2.277112944744347,0,-0.4503011715019336,-0.5984501266504778,-0.208626,0.09839584329729201,-0.004923661636300203,0.05295684185099203,-0.3898241266504776,0.2,-0.2623886277268968,-0.024124069706291516
600,19998.0,0.07604085782476915,0.44664294999387755,2.4196272413301054,0.07106482037637671,2.494108178629078,1,-0.6509674515874013,0.9329843919737781,0.861905,-0.08915462839830202,-0.010771610279932897,0.1169426463478227,0.071079391973778,0.2,-0.2705003228269897,-0.022714964970938417
601,20031.3,0.11965853924773046,0.44872609688998927,2.3919640811799825,0.12506813964550473,2.486206861876064,1,-0.809594949706046,0.7279068625388563,0.801426,-0.06270356872819516,-0.009073760892638116,0.1480992568753452,-0.07351913746114391,0.2,-0.2692221326059083,-0.022352968356794078
602,20064.7,0.1264209280467502,0.4468653299627372,2.3392486146848364,0.16689816509836952,2.457628998786979,1,-1.0762374801949428,0.5757133231812039,0.3532,0.002976827693771167,-0.007604331726851932,0.22589803382909057,0.22251332318120376,0.2,-0.2627481622222212,-0.02278897271376031
603,20098.0,0.1188661926015493,0.44045798538774483,2.257901171893026,0.15375862593240244,2.3976423336504173,1,-1.540578525934579,0.29146953852844115,-0.417036,0.029479897182237202,-0.006120099703678328,0.29243708149761494,0.7085055385284411,0.2,-0.2570907230071729,-0.023490663543807414
604,20131.3,0.15147788228935297,0.41422537921219094,2.079713414232832,0.11227587227655786,2.299900221689436,1,-1.6088037766432643,-0.2317903242180721,0.309142,-0.051960010488165675,-0.004622380504473167,0.6794217015353616,-0.5409323242180721,0.20015121413275952,-0.2393322036209235,-0.025326274623338745
605,20164.6,0.08551400974002295,0.4150229823776824,2.070115502871807,0.15275313843939076,2.0778707585657146,1,-1.8787288736073728,-0.2552433854853122,-0.398796,0.10874935906816763,0.0027092501736083463,-0.13293574008405384,0.1435526145146877,0.2,-0.2515329387015042,-0.024807171565793845
606,20198.0,0.026240454581688624,0.41809197244811347,2.0789500586341823,0.05700925578935418,2.0800505995803493,1,-2.113239286567576,-0.5382483135819376,-0.549363,0.08647276973549545,0.00467817642652113,-0.19618254612440067,0.011114686418062458,0.2,-0.2612026694710932,-0.024407772739695265
607,20231.3,-0.02583820195757329,0.41790512059427976,2.080973648104527,-0.028570039808344633,2.095913887266452,1,-2.3418416347986506,-0.7734564123153223,-0.767171,0.06231743997835615,0.006645540829759877,-0.13464139560977584,-0.006285412315322425,0.2,-0.26664241585025056,-0.024176287958851687
608,20264.6,-0.07441302121716281,0.4235532338659896,2.122509261198887,-0.10122438632414507,2.094968240765875,1,-2.5214134811070283,-1.001819428869791,-0.868413,0.03900588664465943,0.0073951427449685525,-0.25418086339076584,-0.13340642886979115,0.2,-0.26676426514208584,-0.02414214923348215
609,20298.0,-0.11691137523960404,0.42767453455069177,2.158887565717572,-0.1605734501951717,2.136274446467185,1,-2.6546935132615563,-1.170578322131616,-0.939865,0.017092799698863015,0.007118398110588675,-0.1936913462522094,-0.23071332213161622,0.20006872570480044,-0.26477031077503527,-0.02417668711495878
610,20331.3,-0.025654301164065238,0.4249000854692921,2.216796831069421,-0.20132300351444007,1.9620961225411344,2,-2.841486503126969,0.2873016798018835,0.419765,-0.16699946433563406,0.02042722778855177,-0.22772796356999336,-0.13246332019811646,0.2,-0.274883136512805,-0.02169616982910287
613,20431.3,-0.10459275966512485,0.426301822035297,2.308729081965615,0.011590529564854964,2.0458457872283287,2,2.775712864685527,-0.28758195097996797,-0.433804,0.04651033686633266,0.011161825737776798,-0.17218048436168676,0.14622204902003189,0.2,-0.2647627708027059,-0.022076678862602627
614,20464.6,-0.14934998637279967,0.4296535923514371,2.355750328084411,-0.011276083772139192,2.1571596076841844,2,2.62071752462864,-0.5761994968035538,-0.455485,0.04335276459782955,0.0023722361700380112,-0.084445005121498,-0.12071449680355384,0.2,-0.26124683280597893,-0.0224517046104413
615,20498.0,-0.12892461226429247,0.42827300710648275,2.3507572306276145,-0.12384344351274529,2.4164468554881906,3,2.394251935081985,0.8503020935677821,0.758268,-0.1491913239163294,-0.0026096674177682466,0.1896017962619334,0.09203409356778192,0.2,-0.27579781412175075,-0.023608998032203198
616,20531.3,-0.19983945625542981,0.43099736202629,2.3772433215589106,0.019186118487567072,2.2536855241215115,2,2.202797652515283,-0.9529251106134193,-0.91738,0.09876361337226491,-0.002184624195356033,-0.03671897427344328,-0.03554511061341925,0.2,-0.27608779567338415,-0.02390804172012954
617,20564.6,-0.1749826956853578,0.42825970256525236,2.355737098547049,-0.19322723360750801,2.466552133571714,3,2.1225908675259193,0.43097170805651785,0.651536,-0.1638166344892813,-0.006567942390055315,0.274918781211122,-0.22056429194348226,0.2,-0.2717389594372307,-0.025289147357398987
618,20597.9,-0.11893693359495651,0.4255060140959543,2.334170020668066,-0.16559760628487832,2.437060132977677,3,1.9597785941713193,0.37930536064856213,0.377821,-0.12825655191214214,-0.007201461376986185,0.19181357379359776,0.0014843606485621663,0.2,-0.2660936086320797,-0.025594992991592708
619,20631.3,-0.09227503854637613,0.42170489162008157,2.3019920227316493,-0.10806714603318412,2.4080328484744187,3,1.7825197922165659,0.21771081800105208,0.193064,-0.04318019890629232,-0.006692348069210485,0.19882151438169915,0.02464681800105195,0.2,-0.2584516482882057,-0.02596886497019214
620,20664.6,-0.06754706065425202,0.418712752166036,2.2720178349458915,-0.08763739872140987,2.3627955595476005,3,1.5207523899029969,0.03962110790722306,-0.219334,-0.02675716044677623,-0.005282492081232881,0.14077238570757444,0.258955107907223,0.2,-0.25340629834219813,-0.026206588535050798
621,20697.9,0.05404879791832258,0.42890288627696893,2.3165284856039916,-0.07399736639760297,2.3209861510872956,3,1.1202069441153153,-0.2439239068015624,-0.63811,0.020459230877065693,-0.0030066820129075467,0.10489228237596171,0.3941860931984378,0.2,-0.22362668465379343,-0.030015353310883758
622,20731.3,0.13041062604676268,0.4121033207112352,2.2949475607553858,-0.07314795532936212,2.1939681665307975,0,0.8755753929544952,0.8766030567358412,0.986386,0.034630163771295575,0.021649297765629072,0.3452126438829217,-0.10978294326415883,0.2,-0.2234885277377367,-0.026955160449927983
623,20764.6,0.14320938705563266,0.4154474957631435,2.2960081945890187,0.048010741002029594,2.135080042790972,0,0.6566879119382616,0.6326363881789661,0.739503,-0.07769616548700364,-0.0034887993034939946,-0.11618591907724252,-0.10686661182103396,0.2,-0.2421486567162682,-0.026923021093800018
624,20797.9,0.1895340711857823,0.41707159994447845,2.308679944673386,0.09316035594579081,2.1173892047895357,0,0.4379989100797279,0.4201786822742095,0.498583,-0.02593270970979855,-0.001778040958876126,-0.05889777417477671,-0.07840431772579048,0.2,-0.24218294506367483,-0.027323134919569357
625,20831.2,0.18655012088838477,0.4223560732953649,2.3488391000162356,0.18317312578929001,2.1185015995877396,0,0.05670955071389994,0.20617323731347836,-0.294186,0.040167725522441966,-0.0018461420758968394,-0.12137296479909976,0.5003592373134786,0.2,-0.23662048765451368,-0.02791400676391731
627,20897.9,0.1324598571917471,0.42826004120336786,2.380629362643572,0.3345377948094094,2.193695285062443,0,-0.3401137845122886,-0.48373380536795674,-0.203038,0.15652909619776745,-0.007715985981499696,0.02130940173824003,-0.2806958053679569,0.2,-0.22773879623415866,-0.028548823526186116
628,20931.2,0.0569011016579217,0.4335163058578711,2.3985718165298846,0.24806653619883073,2.2263955736371632,0,-0.4535790892570928,-0.5754665793408762,-0.302354,0.12852371660486828,-0.0073396946086279335,0.02147331366518923,-0.27311257934087596,0.2,-0.22285752002043585,-0.028843013891220386
629,20964.6,-0.0307031601933698,0.4377175552283982,2.4092270708258563,0.17131784412300965,2.25564234880374,0,-0.5890211228032145,-0.6614018414695382,-0.494084,0.12083526347254603,-0.0065470056046281755,0.036862978189724505,-0.1673178414695382,0.2,-0.21956199204336177,-0.02897022263272859
630,20997.9,0.036722939266794444,0.4424677590945238,2.3893190324057882,-0.039377247267474595,2.437584291679558,1,-0.7531386778489271,0.7920089157165466,0.824202,-0.13032080450506012,-0.011532132930824002,0.1201646721487819,-0.032193084283453466,0.2,-0.23151941600417347,-0.02737156505191549
631,21031.2,0.08052449429239324,0.44258651121009657,2.3445946958887447,0.04845179115604649,2.4249689349479553,1,-0.9319582781965132,0.6315726030353126,0.638323,-0.07329098216851504,-0.00897162322787004,0.1951488286833225,-0.006750396964687155,0.2,-0.22883242067830023,-0.027411912089540698
632,21064.6,0.10396441684055245,0.4432005960587599,2.3102640705134894,0.0952214733966243,2.372664091362098,1,-1.136477366281352,0.4531532464351504,0.398908,-0.030386401484035375,-0.005940460293702987,0.13477373990327157,0.054245246435150385,0.2,-0.2249531660254041,-0.027576206816979667
634,21131.2,0.15238360616875973,0.4111998640880973,2.0720898956388445,0.11707726913440838,2.3285011994302662,1,-1.3767373823295626,0.055388001266436504,0.350281,-0.04969770841566534,-0.005855196699379839,0.7503680898886087,-0.29489299873356334,0.2,-0.2055670455270166,-0.029767740318217134
635,21164.5,0.1053250350957601,0.41771303706046675,2.0940553420614814,0.16443895251620327,2.0398416203163983,1,-1.576070368415252,0.03468688900384009,-0.0622262,0.07442679217859238,0.0015454445342930612,-0.19977045823997397,0.0969130890038401,0.20011258307180663,-0.21277357537186936,-0.029277897905484625
636,21197.9,0.07269953026678841,0.42275697718149946,2.109618856855803,0.10539019843201539,2.0776208609718623,1,-1.6950109927191264,-0.1736474287814742,-0.0472467,0.04940181423415613,0.0025278008780618144,-0.16580845119433496,-0.12640072878147413,0.2,-0.2177141361146691,-0.029033431298833946
637,21231.2,0.038253673824871125,0.42528718344696803,2.1159937304311836,0.06425992572310602,2.104548350778912,1,-1.8554967670181444,-0.2816207571118161,-0.288774,0.04664754822940331,0.0034476637316336323,-0.11303678599685263,0.007153242888183975,0.2,-0.22114453797856296,-0.028896724545996285
638,21264.5,-0.0009376222685565823,0.4265505687815759,2.121312475335225,0.020322750058448195,2.1174556673509484,1,-1.9973427314611265,-0.4428598540721933,-0.397828,0.046589526943903614,0.004646513662774243,-0.09715051835543731,-0.045031854072193234,0.2,-0.22421456515904492,-0.0287678026793575
639,21297.9,0.03447702728832971,0.4280433130208717,2.2078208211490673,-0.18237707364550915,1.997457113734006,2,-2.3647329309679135,0.9891845869320299,0.624945,-0.18001146565703552,0.017994330532209002,-0.18801989754087867,0.36423958693203007,0.2,-0.2248161437292682,-0.026072827627642018
640,21331.2,0.08527752767545119,0.4272291643352798,2.2516975494753164,-0.07979382462448378,2.042839077859601,2,-2.6091587460185197,0.5745145433813712,0.47697,-0.11005421293034656,0.013884291521164549,-0.16667038189723016,0.09754454338137108,0.2,-0.22255039756899328,-0.025067887413216545
645,21497.8,-0.04480293847372813,0.42712332953713356,2.3536073581799313,0.21355229276974322,2.1274829999187244,2,2.728373325429951,-0.5308614635398854,-0.391737,0.13438000477932865,0.003597227358404176,-0.05721100554680936,-0.1391244635398854,0.2,-0.2111573959296254,-0.025781834118829238
646,21531.2,0.04831854582617806,0.42553271485793337,2.3480482047241034,-0.05335359414845252,2.376233644133249,3,2.475904469150187,0.9652234896894605,0.810053,-0.12719723647992742,-0.001575866060374853,0.043299391358343264,0.15517048968946057,0.2,-0.23165244199499946,-0.025140081323776885
647,21564.5,-0.013517038573644793,0.42851904758223264,2.3616704318849413,0.19939483279964168,2.2341191975504087,2,2.348209126098295,-0.8693576360725999,-0.755652,0.16704781499845245,-0.00389203071288291,-0.03716946542057675,-0.11370563607259987,0.2,-0.24440211727585753,-0.02557845176856242
648,21597.8,0.01320561089407215,0.4235564763210848,2.326883480104401,0.00012683701159153446,2.415480162844998,3,2.1179114391288945,0.588718350162166,0.441297,-0.0624810899386774,-0.0051679751304600785,0.20599928186748873,0.14742135016216595,0.2,-0.24064763539963466,-0.026012139850891697
649,21631.2,0.030217857483663735,0.42442344134352455,2.3200819566172695,0.02248454074140138,2.3749060487675817,3,1.7733837785434332,0.3481761057415582,-0.0977761,-0.03302473328754241,-0.005492376107457009,0.050242837478172486,0.44595220574155814,0.2,-0.23888825495529298,-0.02588794473831922
650,21664.5,0.033600041240499534,0.42232258466737893,2.301021317007774,0.028448823165260755,2.3665480962066705,3,1.5407280210357346,-0.030932386831338476,-0.0274023,-0.005062247240088524,-0.004416606053922578,0.11456900492576283,-0.003530086831338597,0.2,-0.2356651630773434,-0.02599256377889246
651,21697.8,0.01727713526248351,0.4198259572727975,2.2791150819449606,0.0244049172413121,2.338796454243258,3,1.319840519802396,-0.2632535565946075,-0.226617,0.022671740104789784,-0.0030098128010660474,0.09370034157957541,-0.036636556594607406,0.2,-0.23735511526194925,-0.025945199433997743
653,21764.5,0.09739383914783681,0.43041759519465034,2.329719001326083,-0.012724473108117324,2.3065669569069835,3,0.8817511459930927,-0.7118979313795446,-0.673015,0.048380327420015856,-0.00127613762071066,0.11399910838477334,-0.03888293137954468,0.2,-0.22694033545795278,-0.029445077765453596
654,21797.8,0.11794573188982649,0.4339545914098386,2.345379230813853,0.08795429864522974,2.3542918248151685,3,0.6921893435609032,-0.9139811185854967,-0.809561,0.11001646559637557,-8.198569607875683e-05,0.07667551073244594,-0.10442011858549671,0.2,-0.23969766162654482,-0.030255411877068334
655,21831.1,0.11890096925368465,0.43093550966944744,2.334682408047946,0.040276087337633354,2.1792035642686587,0,0.5176045132889118,0.4753806147315971,0.637983,-0.0676874823670035,0.003476446688733592,0.00906259608448412,-0.16260238526840265,0.2,-0.26148305410966044,-0.02933295224636414
656,21864.5,0.11876913035476883,0.43513432847559796,2.367769585198206,0.06934611941561458,2.1550881491238214,0,0.39753733683123427,0.31058181826346853,0.54083,-0.04751644138787148,0.003911335135323046,-0.07283801698233106,-0.2302481817365316,0.2,-0.28201502081112567,-0.028217608684726614
657,21897.8,0.15171678591898413,0.4363718021940719,2.386958087878351,0.08496525942247675,2.1893287912033146,0,0.27991914543386454,0.2142491116685603,0.478252,-0.03342034949654549,0.002244255651815852,-0.036573231517635474,-0.2640028883314396,0.2,-0.2862706180130085,-0.02807197731361212
658,21931.1,0.12815492543044782,0.4363858602026745,2.4027144023027165,0.14236994158351404,2.2062135119683814,0,0.055686362141262435,0.11409861887365036,-0.0959721,0.05130609966425492,-0.00019770270442531768,0.03395534489502605,0.21007071887365036,0.20010990014903776,-0.2808676252163154,-0.028143997690437513
660,21997.8,0.0347619681049834,0.4371012781820155,2.415515212660198,0.20087025465500352,2.2460886719636575,0,-0.35347379628688635,-0.3058369386209625,-0.455012,0.12079484934598916,-0.004919173550542055,0.09715744814016825,0.14917506137903747,0.2,-0.27079362447683814,-0.02848169734916623
661,22031.1,-0.039922930250113606,0.43971785263401997,2.4208044323673934,0.1251261811436654,2.2577408503610554,0,-0.4747154027638034,-0.5429710491011526,-0.396598,0.09074872980115911,-0.005399408194792343,0.0388824578291751,-0.14637304910115256,0.2,-0.266200114574712,-0.028670814392874423
662,22064.5,0.005833442013017068,0.440590491856034,2.3636337184726375,-0.011399771550009569,2.4731884467652208,1,-0.7156153068936848,0.922134324323558,0.701868,-0.106391309425101,-0.014470412971565594,0.22100542085365582,0.22026632432355786,0.2,-0.2741703283741203,-0.027369010809548202
663,22097.8,0.047376578291328755,0.4408383345211587,2.3134342675272035,0.03980436916378226,2.4246095669893077,1,-0.9187763370472783,0.6655786060433946,0.605138,-0.07538575859104091,-0.010263764481991622,0.17925674695653315,0.06044060604339485,0.2,-0.27252107837460726,-0.02704358117320632
664,22131.1,0.054504782994958284,0.43882335661255045,2.2562331036395475,0.07699935284770731,2.373354277953288,1,-1.1679571282112187,0.4586378215200595,0.303864,-0.011662814462196192,-0.007422965049583841,0.19008765270520156,0.15477382152005958,0.2,-0.26685230513773206,-0.027309146771189608
665,22164.4,0.06579251012612843,0.4327920013081749,2.1788024816145786,0.06697649210054558,2.3088818409837506,1,-1.6118588318702878,0.19714106078393412,-0.453597,-0.005523038569225758,-0.004791554196214687,0.23138735907552643,0.6507380607839339,0.2,-0.2611426416908087,-0.02789559871868095
666,22197.8,0.050495563464710416,0.4344670983934381,2.1625897028567778,0.049160368080994506,2.214797752085651,1,-1.7828052197244353,-0.3010364307041318,-0.0570315,0.01775682968355996,-0.0005578488410380444,-0.029233803454003837,-0.24400493070413187,0.2,-0.2640668858121854,-0.027725824273528165
667,22231.1,0.03610901603387368,0.4312590185720946,2.126208439247065,0.021307383477781904,2.198890752451817,1,-1.964707120854965,-0.4510248998298647,-0.293063,0.01496194679665841,0.0015031399924181343,0.05115177758812539,-0.15796189982986464,0.2,-0.26570556594141503,-0.027747514385794817
668,22264.4,-0.005644554642740093,0.4313167998819266,2.1206642888257994,-0.005457288943217231,2.156157719990753,1,-2.1750405320621025,-0.6199327860359101,-0.57624,0.05629078047421343,0.005470669229134639,-0.090264608694679,-0.0436927860359102,0.2,-0.2716642939195203,-0.027518810329676287
670,22331.1,0.035561300911986594,0.43045392108405306,2.224924774805224,-0.12532783351118934,1.906380528800679,2,-2.6085778392398375,0.5203583067500865,0.617471,-0.14642648270654934,0.029819720583044607,-0.22333992499560784,-0.09711269324991356,0.2,-0.2771814835305941,-0.023452419479320114
672,22397.8,0.03839268282267593,0.4106952527483376,2.2004291533909583,0.017688346327579697,2.0309170897362416,2,-3.0259174700623195,0.09351630671383715,0.143487,0.0012767061909211286,0.014104453844019371,0.10097526010238123,-0.04997069328616277,0.20072893600905226,-0.28028072500219253,-0.02056274902893923
675,22497.8,-0.06750686935946715,0.41696017189162743,2.298397467959955,0.14169882859068197,2.022517106309844,2,2.682293412704057,-0.5291026151850904,-0.420926,0.1141129386624149,0.0023991046987918985,-0.21649011710492339,-0.10817661518509025,0.2,-0.2697164330235528,-0.02187809128447021
676,22531.1,-0.08388733735173586,0.42140663123054684,2.3188836444384133,0.0384444278350959,2.1522289197615327,2,2.4306940564152058,-0.6591303846987557,-0.780547,0.09707711147301357,-0.00041009199203578817,-0.12568462513145695,0.12141661530124415,0.2,-0.28448972328903,-0.02222683984731402
677,22564.4,-0.11217689615364675,0.4220199733485157,2.3128273104891215,-0.04961568560724181,2.4009794554654205,3,2.2240481655208733,0.6500245553144239,0.647602,-0.1033730281539289,-0.005294654889433037,0.2332525826425269,0.0024225553144239242,0.2,-0.2849733583919797,-0.023799176927303992
679,22631.1,-0.09533892638030021,0.41978143044033434,2.294111758479997,-0.13068257476593773,2.421976820630344,3,1.711219468690273,0.23485243758458907,-0.0322874,-0.0741414168148169,-0.008747036664945806,0.1725882545562083,0.26713983758458903,0.2,-0.2771723203410782,-0.02381180999436445
680,22664.4,-0.07416985805014126,0.41768944262035046,2.2725910201403092,-0.1111450922153483,2.377472404036646,3,1.563341689510291,-0.09144144301974677,0.122447,-0.041601834847763364,-0.005836333122227089,0.1313526991559768,-0.21388844301974697,0.2,-0.26970413247369507,-0.023949040669592154
681,22697.7,-0.0644066069306398,0.41255822617309024,2.2293967626428315,-0.09281335357780697,2.3423103458300547,3,1.2534135961313648,-0.2197541495218971,-0.476205,-0.009981584803990806,-0.004392656071345424,0.17716028747056756,0.2564508504781031,0.2,-0.26540341692256125,-0.024292339839380554
682,22731.1,-0.06808791091861185,0.4107999743929608,2.212529078451908,-0.09995457448598241,2.279828105529168,3,1.0121214052723078,-0.5525062890473507,-0.567677,0.0044616284237832815,-0.0019451180752492192,0.04162766018848174,0.015170710952649102,0.2,-0.265629088228489,-0.024281789807885437
683,22764.4,0.06149474648950202,0.3969591527935412,2.226779631183178,-0.20988742815186417,2.062852462164154,0,0.8161338316921696,0.7763305337549884,0.997126,-0.03380917669673833,0.02306484128113251,0.2755789712096781,-0.22079546624501134,0.2,-0.25970439801252343,-0.021548555676055903
684,22797.7,0.0963084154424891,0.40524292053695915,2.2519928830536804,0.03327270519536513,2.2574335512733468,3,0.6166661264128228,-0.9804212955948746,-0.898093,0.09365900649583514,-0.0053697281577012035,-0.007991325807343408,-0.08232829559487431,0.2,-0.27194290113259817,-0.02215658277837747
685,22831.0,0.11218776594631263,0.4111808219860417,2.277493438831401,0.042853960916926934,2.0715253229547157,0,0.4563633712955735,0.3974174749820478,0.598474,-0.06102419750659793,-0.0012121513380689564,-0.09720030765136256,-0.20105652501795213,0.2,-0.29145580402567817,-0.021512311190143373
686,22864.4,0.12334116780629018,0.42131921484992857,2.3309442534354097,0.08450457791188097,2.09367837675469,0,0.34947997717730317,0.2519811847292588,0.492459,-0.038103119907067384,1.5551747154063378e-05,-0.1693877350776276,-0.24047781527074097,0.2,-0.3091474992912697,-0.021062866427783655
688,22931.0,0.10017956957224494,0.42886964586894005,2.38472829007638,0.1625817884894455,2.1698822753638187,0,-0.07903897904533475,-0.004633988045063653,-0.239245,0.07882142618097232,-0.0031595057689726147,-0.03228420150998712,0.23461101195493628,0.2,-0.2990247129991536,-0.021860533696705587
690,22997.7,0.040616943526192245,0.44335019626161004,2.4202562902456535,0.20506818035688362,2.2491615037523545,0,-0.5430032928437645,-0.4688508343041726,-0.604661,0.14222459852243752,-0.006921915547292823,0.09453539140141354,0.1358101656958275,0.2,-0.30642257921395827,-0.019682842069602392
691,23031.0,0.07210136503338113,0.4447064041173874,2.380839102023777,0.1121082486177516,2.514197195495395,1,-0.7575537235923635,0.8180869706402323,0.771369,-0.06506943941494425,-0.010911742970656668,0.2274822191449175,0.04671797064023231,0.2,-0.3059186300975632,-0.019487257812217836
692,23064.4,0.10011718660767824,0.44061207258088253,2.3110841277445617,0.1326947823028779,2.480191172477147,1,-0.9350636495883808,0.6012077903170177,0.683821,-0.04456952483826715,-0.008918436542892927,0.3307577565725204,-0.08261320968298236,0.2,-0.298073063747406,-0.020142637662898005
694,23131.0,0.08658406251639142,0.44002097528090955,2.2430918464828897,0.1338030712879675,2.4047900376084623,1,-1.4347488536006152,0.2287561874356845,0.0347117,0.029911118962012928,-0.005816639713903005,0.20847584957974474,0.1940444874356846,0.2,-0.2949052580994326,-0.020420994289147388
695,23164.3,0.06436084348753107,0.43923989661180024,2.2062300997276014,0.0798897714122212,2.3270122568629312,1,-1.6526491762361097,-0.08712706614568333,-0.0686162,0.02672901982315823,-0.0021925405414999766,0.0858750997278599,-0.018510866145683202,0.2,-0.2960695474812559,-0.020445741607427962
696,23197.7,0.03862808475204911,0.43431429851920283,2.1574283700361603,0.03325959632910977,2.283488665667302,1,-1.8871707500257229,-0.30452618109317253,-0.328814,0.029996325852117867,0.0007917728478297192,0.11461871910309407,0.024287818906827408,0.2,-0.29821491731776995,-0.020478007958266438
697,23231.0,0.014243630224278315,0.43365917707029544,2.1415003059555353,-0.018040378219407856,2.2224731812563947,1,-2.006243103314874,-0.5409808797803115,-0.259687,0.01568602476977876,0.0034739366092493285,-0.024820476035283257,-0.2812938797803115,0.2,-0.30025242066029145,-0.02040580806844987
698,23264.3,-0.02899439062427792,0.4312458176305694,2.1354268557250067,-0.05419635880232526,2.2035345697065023,1,-2.268803204774679,-0.6370551396066668,-0.799438,0.0550795642513493,0.0075075902024202,-0.05624158965728299,0.16238286039333305,0.2,-0.3042294316338464,-0.020224712410674285
699,23297.7,0.02990553464623702,0.42865264404723624,2.2129126118613396,-0.16599053519300366,1.960564451065104,2,-2.541620183875638,0.656450683086331,0.61368,-0.17109523691379858,0.024176216679852924,-0.22594039031207824,0.04277068308633103,0.2,-0.3049869806626813,-0.017545399182319846
700,23331.0,0.07611821183655297,0.42658551996108174,2.247906537867778,-0.04510809093799405,2.0257290683700973,2,-2.764890316281916,0.37270963563887305,0.43306,-0.08623030405063892,0.01498101486689718,-0.16804871174174263,-0.06035036436112673,0.2,-0.3044696279866668,-0.01663732082717108
705,23497.6,-0.0687235917758268,0.4284871840555083,2.356238316297651,0.24781470706246378,2.127814986722859,2,2.6199263284451106,-0.7530935134036909,-0.445672,0.16161027692512153,0.0015661970382025991,-0.08393256368667013,-0.30742151340369084,0.2,-0.29160319007980545,-0.017649303659287626
706,23531.0,-0.13833516043573874,0.3916055644702679,2.231537519332192,0.04171799754445682,2.2199296608839902,2,2.2660249989274,-0.7079633444066733,-1.03077,-0.07258592555510379,0.01777938827091985,0.5210541394085266,0.32280665559332666,0.2,-0.2918363140328585,-0.016727010786659335
707,23564.3,-0.1416225015857253,0.40166405819954676,2.258804894887372,-0.12228495688613145,2.3109953454787617,3,2.13244908362962,0.48112790092272917,0.624246,-0.13474590788743823,-0.011347719684571711,0.12181865548367998,-0.1431180990772707,0.2,-0.2937427079875694,-0.016487384311005625
708,23597.6,-0.11456756677543412,0.4030552802452779,2.247212843711918,-0.13188970112343104,2.3493970449164583,3,1.8174928109525457,0.3636591388424435,-0.100044,-0.09975402045174109,-0.01001960307745664,0.026503192654808938,0.4637031388424435,0.2,-0.29646958201882007,-0.01498969186226232
709,23631.0,-0.07473566773451047,0.40329591932724373,2.238313832149905,-0.12695821448044844,2.345643113867552,3,1.5730126061348138,0.018062559454605775,-0.0605135,-0.08968355878461409,-0.008221433670032585,0.06642756625210611,0.07857605945460566,0.2,-0.28897047394188385,-0.014581688051104129
710,23664.3,-0.055788911143449096,0.40135876166935464,2.2212658684961024,-0.09880800829649833,2.325208771935248,3,1.5109008112677706,-0.23032174169854258,0.260098,-0.04466896185522273,-0.0060502023782831316,0.10509602314594613,-0.49041974169854274,0.2,-0.2815931647860457,-0.01457574429237606
712,23731.0,0.0728706251762774,0.4136035094389609,2.2682581398175485,-0.08926154939600214,2.288491852002098,3,0.956548042043357,-0.4400474986247769,-0.695968,0.02038463172438787,-0.003631138435863157,0.07325612174418694,0.25592050137522326,0.2,-0.26360744754224696,-0.01803318189729986
713,23764.3,0.1178424978705802,0.41793033759258125,2.278809228779642,0.04768891733680464,2.31665254204011,3,0.7386529706951874,-0.8419830071251546,-0.816939,0.08935346272863409,-0.00016064363480383648,0.15131645614963762,-0.025044007125154533,0.2,-0.26923581874353425,-0.019997319363830576
714,23797.6,0.135181619940964,0.42103294845824857,2.293324907580191,0.04562417034358786,2.113152665913591,0,0.5619904469327448,0.5134173108585145,0.676408,-0.07232798399582352,0.002684609894125778,-0.12543585227076637,-0.1629906891414854,0.2,-0.2863504267772223,-0.020339003149476727
715,23830.9,0.16493214615858082,0.42791104893568943,2.337735272287622,0.09080774128564037,2.117204959993418,0,0.3227813274872071,0.34888179134896946,0.258009,-0.015377283621802906,0.001867220870387598,-0.1622613367956598,0.09087279134896953,0.2,-0.28310717909880867,-0.02115137440980769
716,23864.3,0.15276482216637913,0.4330959583199099,2.377554765223152,0.16985789754928993,2.155997347536365,0,0.011561397208285307,0.10238958161087863,-0.210824,0.04932861137554756,0.0008230023343185344,-0.07181415304606409,0.31321358161087876,0.2,-0.27645885992306984,-0.021632825985357342
717,23897.6,0.11137401728900026,0.43658748673803516,2.399950898940269,0.2166488678082047,2.203275878318173,0,-0.21818385032557241,-0.23094367422236672,-0.226039,0.09867032066627379,-0.0015689512082062151,0.013164493857873438,-0.004904674222366623,0.2,-0.26960732588741926,-0.021997302535702645
718,23930.9,0.03324822717859484,0.42914401146965964,2.358917141969059,0.20582497951595,2.241270681188291,0,-0.49248578280773225,-0.4564009641283784,-0.605926,0.11720119485498381,-0.003447037460653668,0.26964910377568563,0.1495250358716218,0.2,-0.26364602550881566,-0.021844393065930782
720,23997.6,0.09207150031657185,0.4341372655650777,2.3378132943624315,0.048952637589445555,2.4339300160533623,1,-0.8699845126160493,0.5867064864897946,0.796661,-0.09164212085186474,-0.01220890494555782,0.13013585172230746,-0.20995451351020522,0.2,-0.26771258372901063,-0.020485716098543896
721,24030.9,0.11472780804402574,0.4342766903309007,2.2910183701356845,0.12683370616029144,2.402544893241523,1,-1.0824397151256395,0.4783966018576402,0.495336,-0.026264061130946814,-0.009030841201769668,0.17016881711602627,-0.016939398142359785,0.2,-0.26316168132786677,-0.020410292808042886
722,24064.3,0.11711298511664715,0.43453512974734815,2.257257210150415,0.13838468558199343,2.3487936816916744,1,-1.2990368568801944,0.26718366854173503,0.280005,0.004305413398187685,-0.005274090016323285,0.11134720670807274,-0.012821331458265028,0.2,-0.26032644389973886,-0.02048324979489481
723,24097.6,0.11895589378083175,0.4369997646838198,2.24190170231997,0.1265073337939971,2.30978228204853,1,-1.5949684571760077,0.0523390336108287,-0.150244,0.009182373817966827,-0.002737863811427488,0.023185322305470546,0.20258303361082852,0.2,-0.26047701073848323,-0.02041466275745052
724,24130.9,0.08935750460253991,0.43417515861214234,2.201043480534662,0.10886803319081256,2.2916054207114294,1,-1.8332620052328277,-0.2602522608719644,-0.261133,0.04579041834709452,-0.0009300584355798058,0.10845696864960575,0.0008807391280356569,0.2,-0.26446229744064526,-0.020408422889725684
725,24164.2,0.04281433805196821,0.43310059117950506,2.1803126099586643,0.05810592360251915,2.2445464302933376,1,-2.0234518532939445,-0.4990937895258045,-0.368843,0.06280192084072311,0.0026188012063377286,0.0024021512907856923,-0.1302507895258045,0.2,-0.2719098572283496,-0.020184248613210685
727,24230.9,-0.03053659989868577,0.43112265683831724,2.1680069533769184,-0.03010866477195135,2.197456490836936,1,-2.4283019505613774,-0.9062407080887942,-0.80302,0.06639375963408822,0.008469837989298679,-0.07153306443347685,-0.10322070808879413,0.2,-0.2789410938646854,-0.019846311832046545
728,24264.2,-0.08131225518230323,0.43152319213391943,2.1904764386592026,-0.11760658427923497,2.1949269247304977,1,-2.596837961556574,-1.0740216424739049,-0.962668,0.03931589450240791,0.008236423026295903,-0.12409620446139558,-0.111353642473905,0.2,-0.2803683475473872,-0.019714763245362102
729,24297.6,0.024252642169434194,0.4236467211348529,2.227892911785045,-0.17079698905507684,1.9959780837520056,2,-2.7538594189520493,0.3375167703962312,0.561008,-0.16074382773269935,0.019903620753549678,-0.14622711972009972,-0.223491229603769,0.2,-0.2906033696855458,-0.016574240676123633
731,24364.2,0.026056794269776237,0.40412181029074534,2.1957404325915557,0.021344761059624774,2.0329148480415293,2,-3.0748819977667514,-0.0019219521197051392,0.139676,0.004457378613354379,0.010174525660465061,0.11112591136519767,-0.14159795211970527,0.2006119286932569,-0.2940912400373688,-0.014354212214890883
733,24430.9,-0.05929524160791349,0.407813104256963,2.260049110454237,0.08229894585226812,1.998975647534177,2,2.769666316234561,-0.29515204707312925,-0.456278,0.07883832156526616,0.003153400340528023,-0.17633723095481368,0.16112595292687093,0.2,-0.2858002372835838,-0.015269372029779425
734,24464.2,0.006836144198284488,0.4093399820312904,2.279372437069523,-0.000980119455698425,2.3125621843650026,3,2.555756175803026,1.0045725175487803,0.908865,-0.11270682401806953,-0.0008102412245518664,-0.06495757485129205,0.09570751754878026,0.2,-0.30701050750883124,-0.014145053769352416
735,24497.5,0.054539037392951434,0.40885335277199947,2.2778292194693206,0.08094781474020606,2.3648967354393795,3,2.378501618084538,0.7846658442865788,0.817718,-0.07107945796938964,-0.0038671864250447996,0.022585081348573066,-0.03305215571342135,0.2,-0.3117421221136234,-0.013589440470133485
736,24530.9,-0.0347403948067299,0.41245442600669696,2.276042477206565,0.12520265292152905,2.3780141626893085,3,2.224041489724698,0.6106517882026878,0.664193,-0.0354949813269565,-0.005577143502752513,0.16594810955571138,-0.053541211797312194,0.2,-0.31541839212428185,-0.015207315217419838
737,24564.2,-0.08317612936264723,0.41657893103916904,2.284683080178713,0.007086925671334038,2.387982878777344,3,2.1157566359025264,0.46723240401866484,0.617359,-0.07852206311697563,-0.005310266805738095,0.1888840437450403,-0.15012659598133515,0.2,-0.3124513210138835,-0.017178972108134155
738,24597.5,-0.05603824677468843,0.41821442374342294,2.2849192423724585,-0.05897874769282272,2.3991304214959452,3,1.9159156189454496,0.3779900520330184,0.229627,-0.08442943489579013,-0.005903331328173778,0.04730750670382555,0.14836305203301858,0.2,-0.3097528290455737,-0.01693861913121375
739,24630.9,-0.020232693435936026,0.41968142389804197,2.2789334673295154,-0.04623433996486037,2.401653980396645,3,1.6349379319821056,0.16907188474087675,-0.181394,-0.06680886366671546,-0.005403241147490245,0.06401681111574087,0.3504658847408768,0.2,-0.304219556237678,-0.01703469510481445
740,24664.2,-0.010404538135092642,0.417089934321773,2.254240366101768,-0.03471942553991791,2.3883468507901418,3,1.4083469428641155,-0.13822170204072215,-0.207258,-0.011927317579749186,-0.0034505234525572526,0.1419892287654756,0.06903629795927779,0.2,-0.30021963741039315,-0.01731592826070053
741,24697.5,-0.011235398068339342,0.41082542594809185,2.209351386038508,-0.04503842995094609,2.3485351064182978,3,1.1636250412351332,-0.37056080859242435,-0.465173,0.007865806750726456,-0.0019021854802114824,0.18864042542165693,0.09461219140757571,0.2,-0.29919174234458,-0.017584208365961446
742,24730.9,0.08105201118514191,0.4177271279021527,2.2493762180444556,-0.06811348321788131,2.283203976872536,3,0.891668292181631,-0.6244878789160033,-0.702886,0.029855332632751974,0.0005145690408001613,0.06640415224745233,0.07839812108399657,0.2,-0.28525705436816806,-0.020337459636391046
743,24764.2,0.12066391326012474,0.42158587295434674,2.269378427016817,0.031118159064020434,2.3035716527474417,3,0.7022039417270354,-0.9075753790945065,-0.795026,0.0825194352699441,0.0015230189756354484,0.09843413985251148,-0.11254937909450646,0.2,-0.28969947891190984,-0.02208671707315888
744,24797.5,0.09613121279342607,0.4190220795687173,2.254157473551074,0.06291178181962735,2.3176400225282263,3,0.5349132885380175,-1.0872207830853817,-0.881411,0.10441019569466192,0.0019381704920728993,0.06571012302387924,-0.20580978308538178,0.2,-0.30072107300325257,-0.022183580473899102
745,24830.8,0.13259358056864476,0.4234700915995852,2.294213641819183,0.04388272919061767,2.0693366098670465,0,0.3253887883037012,0.3293791841715348,0.339086,-0.040671795760389706,0.004985594917465974,-0.17094482844549308,-0.00970681582846522,0.2,-0.2995190562567361,-0.022775136967621026
746,24864.2,0.13569120659925885,0.42691700107478786,2.3272053022860324,0.12630164743072023,2.106257186807097,0,0.1454663180987672,0.11844869448412476,0.188987,0.026874249952306695,0.0025966647886050964,-0.09183315400464132,-0.07053830551587525,0.2,-0.2956115139438887,-0.0232140749252468
747,24897.5,0.11596821873042971,0.43000454700290536,2.356752066779431,0.1609787097279736,2.141688854512817,0,-0.0035004760064327733,-0.05389457258268138,0.0697076,0.06289480383741752,0.0010145488277633063,-0.0521528973204739,-0.12360217258268147,0.2,-0.2908434041054734,-0.02358615752775378
749,24964.2,0.13436875065865353,0.43454470186931576,2.337115694858025,0.21603988179750172,2.423526125464426,1,-0.5703573284622987,1.1934309143169255,0.762642,-0.019796212526228985,-0.01293517768771224,0.14014045739799208,0.43078891431692545,0.2,-0.2910637354602125,-0.022206857449254803
750,24997.5,0.1462952181868341,0.43654982756302363,2.2986214771452116,0.20711790982610556,2.4109451129504103,1,-0.8742734469428664,0.7716456892070775,0.584758,-0.007016451553345959,-0.010112148978243418,0.14590831700260365,0.18688768920707766,0.2,-0.287321978814856,-0.021766315005921556
751,25030.8,0.17835543599006323,0.4465195773092641,2.322518040729096,0.19450523049183757,2.378644064903953,1,-0.8415080052916784,0.4517313204460973,1.15945,-0.03798105561328491,-0.007218902445798481,-0.05722955089945092,-0.7077186795539028,0.20072541095728835,-0.28821732793019456,-0.021101765553865275
752,25064.2,0.1735484613957067,0.44313285273988234,2.272216247202829,0.23693409221601575,2.4019064850930123,1,-1.0396013333498684,0.5431161431381559,0.512126,0.020099275611827228,-0.004184790397107729,0.20884108890208086,0.030990143138156068,0.2002869084812612,-0.28446352594098767,-0.021457461778510142
754,25130.8,0.12979663258522744,0.43993929538440646,2.2068309012476686,0.2071995700276628,2.3480964707719116,1,-1.5975044464033494,0.15518189912499736,-0.217861,0.07364363793074391,-0.0022610272073166904,0.17228948007171718,0.37304289912499744,0.2,-0.2875623183728084,-0.021477683715546456
755,25164.1,0.08870063249551835,0.4384836071305933,2.1798395251935285,0.1075895260471996,2.280303427635977,1,-1.745993740215038,-0.25308779653352875,-0.0622262,0.041134294696727025,0.0005521363990763639,0.0401937626429727,-0.19086159653352874,0.2,-0.29245567271579465,-0.02135659834912166
756,25197.5,0.03202561396281117,0.43570136321683695,2.1562754957870065,0.0473799659590752,2.2522933602040847,1,-1.9794011848544641,-0.38614794102168837,-0.437133,0.0665912187107569,0.0034160714735582687,0.015064170510743047,0.05098505897831185,0.2,-0.2990859673845151,-0.021141294515174464
757,25230.8,-0.012762333274515383,0.4364841513129227,2.1595770196181086,-0.04039287830459071,2.2227056594144603,1,-2.155325604952001,-0.6242034709379185,-0.518532,0.039134658349243345,0.0049703934235414415,-0.0822940630653437,-0.10567147093791851,0.2,-0.30288385856375183,-0.02099651614492065
758,25264.1,-0.058825947289799584,0.436229234911169,2.1734274618326808,-0.10537938505407449,2.2207690040372854,1,-2.399374396940978,-0.7918002781583939,-0.89213,0.041088812912637884,0.007684521196273941,-0.10065148050403305,0.10032972184160593,0.2,-0.30528517709450753,-0.02085423014479226
759,25297.5,-0.0971512021768773,0.4379524684536561,2.2010337775247675,-0.17409242235331843,2.2190428672093145,1,-2.5656463007954162,-1.0450605605265304,-0.91419,0.01265413467196641,0.007625659194266277,-0.1376004424904358,-0.13087056052653034,0.20002715461471707,-0.30437688939729646,-0.020827049159594203
764,25464.1,-0.0917767246305258,0.43843553133307567,2.3528720027542938,-0.14319303667643069,2.01036685156871,2,2.6347400551358433,-0.4472139676295246,-0.500706,-0.017074228920129997,0.02260499857972187,-0.23268222481866596,0.053492032370475506,0.2,-0.3315594566919287,-0.019377705592700706
765,25497.4,-0.02744586135817724,0.4294756598973721,2.318830727466235,-0.0018442685778500417,2.4603309588684312,3,2.427432389332049,0.8508823109826462,0.819833,-0.10584460168499632,-9.13898856715889e-05,0.15379996537517826,0.031049310982646183,0.2,-0.3395863907318104,-0.019494790403534516
766,25530.8,-0.08017952336416748,0.42619576063295045,2.308367621426841,0.05785633921054222,2.445265883766326,3,2.240604542872557,0.6437040384227419,0.655593,-0.06405296231440927,-0.0038967345216058824,0.22551562212690657,-0.011888961577258161,0.2,-0.33905205373458025,-0.020869179615641175
767,25564.1,-0.11091734236336238,0.4296789601836554,2.323905576522352,-0.02567583864038977,2.4450082495168597,3,2.098846193864646,0.46357853730598464,0.577173,-0.08818414406911268,-0.00642072753358125,0.24793786687564534,-0.11359446269401552,0.2,-0.3298511855055324,-0.023614248431268022
768,25597.4,-0.08134020061301236,0.4259154589427294,2.297239733915463,-0.08008075139905906,2.4594288515550704,3,1.8870656765746485,0.33782676272403833,0.230672,-0.07565901109139839,-0.00817123179280932,0.21023574494756758,0.10715476272403812,0.2,-0.32199493179186167,-0.02375123802608526
769,25630.8,-0.05236126607516079,0.42368408357034343,2.2734962257273916,-0.07092513146322312,2.4248474521794248,3,1.6211795600089554,0.12010279528003309,-0.112645,-0.04715747998796305,-0.00735094318833962,0.14426955016802712,0.2327477952800332,0.2,-0.31522301001644504,-0.02376926017922255
770,25664.1,-0.035726436156429266,0.41930865753136864,2.241549239017419,-0.06888651244108657,2.388517330249674,3,1.52553799995946,-0.16313484018875002,0.176392,-0.030258437840664953,-0.005642340059407225,0.17096675019015173,-0.3395268401887499,0.2,-0.3087431689106722,-0.023929500617471886
772,25730.8,-0.03774690223768861,0.4147942605499909,2.207970103757183,-0.06932977372979199,2.331194918376937,3,1.082475466998706,-0.41293923899645435,-0.567298,0.020127147575572657,-0.003477397381477232,0.0722359081010886,0.15435876100354573,0.2,-0.3098995118932271,-0.023857376608134032
773,25764.1,0.06891967257270924,0.42528375456756795,2.2774994208686294,-0.10483720688184527,2.2843181090793654,3,0.7966884153066203,-0.6884530863179261,-0.778882,0.02341517004135829,-0.0005385022560675523,0.015178217408203576,0.09042891368207373,0.2,-0.29655032200847486,-0.02667156647088389
774,25797.4,0.10439446532681526,0.4264077650297749,2.293351227048511,-0.020765442922884236,2.1141059437677825,0,0.5925933647369446,0.5794221206319516,0.657358,-0.10328361257179663,0.005296653727072442,-0.13953609581371706,-0.07793587936804824,0.2,-0.30725761985569905,-0.02693480793941094
775,25830.8,0.15329594647377126,0.43051190262800837,2.3317499092084777,0.053360170258389725,2.1151926569906587,0,0.38219035489080166,0.37794760220787804,0.41755,-0.047798152554241025,0.004270689565128993,-0.16070982372213072,-0.039602397792121824,0.2,-0.3061530723704297,-0.0275475837607362
776,25864.1,0.17247785335197718,0.4334344255436553,2.3638441241795087,0.14731082870578485,2.1474422404074747,0,0.19292990707284607,0.16945363372134947,0.238581,0.01898247413277021,0.0024577212645295887,-0.08579863469920568,-0.06912736627865046,0.2,-0.3034311499809733,-0.0279032796980977
777,25897.4,0.1550324387439602,0.43552236158021435,2.3908716536380172,0.2012404732821229,2.1797956795293625,0,-0.04804988188888082,-0.013604372965538403,-0.13774,0.06369654229949662,0.00024413834497094555,-0.024660325465738264,0.12413562703446157,0.2,-0.29809711652476095,-0.02820284040075735
779,25964.1,0.1025190309077769,0.43718408579027823,2.4123312081184,0.2824800243074721,2.2481739615827765,0,-0.34996128254539016,-0.4771880773446133,-0.236075,0.12229177471400288,-0.0054765125394666825,0.0832701059033698,-0.2411130773446133,0.2,-0.29131373394758914,-0.02852209250266898
780,25997.4,0.12513025611674358,0.4405248773539025,2.3700332635149186,0.18241868362598293,2.474705103447765,1,-0.6139093353586547,1.036353635280605,0.821209,-0.04032677560682707,-0.015018027219943164,0.1660092393379058,0.215144635280605,0.2,-0.29184386117031375,-0.026723103599280495
781,26030.7,0.1342503418735018,0.4389445691292175,2.3038821114198296,0.1935705345042789,2.4443745859919828,1,-0.866889470723414,0.7547044203544182,0.616075,-0.010409707141728397,-0.01189375793112557,0.24873351992081716,0.13862942035441828,0.2,-0.2840804171351859,-0.02667470205742228
782,26064.1,0.1385768265289787,0.4394601074697329,2.2613220560503864,0.1803892391339535,2.374510115236694,1,-1.0921463909520175,0.49016525213911466,0.459759,0.001320791221645301,-0.008088689813078531,0.14301432278236836,0.03040625213911463,0.2,-0.2796255586769614,-0.026619500500385293
783,26097.4,0.12346192891301608,0.4374335002387855,2.21357907110271,0.16554520660967625,2.3287975459506267,1,-1.2951967048098447,0.26319092521279686,0.302037,0.025290754006820126,-0.004920559791096846,0.15051748051688252,-0.03884607478720303,0.2,-0.27717402445818845,-0.026832945036737204
784,26130.7,0.10914764864129821,0.4360121485162346,2.1779527272883996,0.1310010342515877,2.275474064411124,1,-1.4345667509082793,0.06313887082273029,0.265472,0.016294497356494908,-0.002078567737719972,0.08297026690115938,-0.20233312917726964,0.2,-0.2770781030763975,-0.026925512675080292
785,26164.0,0.0756040206273936,0.4370211793700916,2.158644910063378,0.10447185615347504,2.2366544962160204,1,-1.6275184519771286,-0.059676222177801996,-0.0472467,0.045393928308305576,-0.0003394351659165018,-0.005489738648658982,-0.01242952217780191,0.2,-0.280914415425059,-0.02679714431941384
786,26197.4,0.03692321430837202,0.43742692456291926,2.144012346134295,0.04959366172521171,2.2188726953028395,1,-1.8349748034853033,-0.25278345796075286,-0.279745,0.04754851615927658,0.0021750085261813545,-0.029319542489185224,0.026961542039247277,0.2,-0.2855049338685378,-0.026641867484905365
788,26264.0,0.014317456321326085,0.4041371475086197,2.131854627451998,-0.14382087962713982,1.9870512115113474,2,-2.238377537301491,0.9098016773266391,0.889187,-0.0018084547577910115,0.03706041031126128,-0.03810097758064179,0.020614677326639352,0.2,-0.2823134513644115,-0.019159875794002034
789,26297.4,-0.043968885452336265,0.4102300163618775,2.158167019560524,-0.06002706840365739,2.171040112324958,1,-2.469927421444191,-0.8680063975331591,-0.930145,0.06328115140421708,-0.00340359501338261,-0.15794321669852573,0.062138602466840887,0.2,-0.29015099359250335,-0.01830275233661495
790,26330.7,0.04278975476604442,0.411970372051209,2.21857793419486,-0.1530637186233289,1.9721096249723322,2,-2.6793155234334733,0.46522119887930735,0.528976,-0.15220481641501094,0.010952211758789243,-0.20700902728383186,-0.06375480112069276,0.2,-0.2890524260198356,-0.018385815054763426
793,26430.7,0.032332788420423385,0.39541291880297996,2.1934512943671236,0.07214438174775037,2.030391546031855,2,-3.1156902787282457,-0.15850863340038934,0.152275,0.02986026853326962,0.0025479832071026998,0.08744500030656965,-0.3107836334003893,0.2,-0.2903638314538955,-0.017850309196374207
794,26464.0,-0.027442143252172646,0.40766314431943523,2.2772684949704023,0.05873279980735441,1.9944141203173684,2,2.9370544936569516,-0.14547600163273877,-0.284591,0.059454339786124244,0.0011303777970477213,-0.24574271504716538,0.13911499836726104,0.2,-0.2844653648930746,-0.018739238255952237
795,26497.3,-0.09493030481417983,0.41442070701587747,2.3218342351587684,0.036429957840260395,2.1018833609303167,2,2.7046888421163473,-0.38612494410117293,-0.518478,0.06756901971232931,-0.0015594947392711944,-0.12051456149039819,0.13235305589882707,0.2,-0.28109792193068556,-0.019053381398161935
796,26530.7,-0.03331292646193815,0.4150686234719027,2.3234616107714965,-0.04981500322224207,2.3840352492843815,3,2.511008090997847,0.9428236708268933,0.870937,-0.13058720585332528,-0.004058523910492884,0.026405889618631218,0.07188667082689326,0.2,-0.30203922200360095,-0.017766500348419055
797,26564.0,-0.13546516740189973,0.42179296516207765,2.3575236801483768,0.10707315796287878,2.201902931444021,2,2.2960302697451667,-0.8244086566907711,-0.905261,0.13729578134905962,-0.0037020620713899,-0.07656366381232527,0.08085234330922875,0.2,-0.3045266285604939,-0.01823481307751048
798,26597.3,-0.08180157538177905,0.4177682984004303,2.314218967065473,-0.10593351532121137,2.465671166652079,3,2.0903337781893647,0.5290835959159814,0.451877,-0.11313105352030162,-0.0077279475531475406,0.23153038942433435,0.07720659591598134,0.2,-0.30034433024020063,-0.01864258734659572
799,26630.7,-0.03173859449013239,0.41872182243145767,2.2988127258585287,-0.059720276559486585,2.4189860861625214,3,1.869797285774892,0.3192890201511158,0.238339,-0.08328982987751088,-0.007176285079944833,0.09632640206884213,0.08095002015111596,0.2,-0.2958793729647023,-0.018409081935322192
800,26664.0,-0.0019224588372965222,0.41808512852762203,2.274737090643429,-0.021445562726820286,2.400150177333848,3,1.6161756273586452,0.09406005420916586,-0.0448538,-0.03508255426382556,-0.00563768515134333,0.11834496547589035,0.1389138542091657,0.2,-0.29038677087936715,-0.018552169059196173
801,26697.3,0.004646431451262583,0.415030455251572,2.2417755321365247,-0.010980508213095517,2.3651171831507316,3,1.3662025487258918,-0.17073972967800444,-0.2593,0.002941812376551667,-0.0031715568709365094,0.13335303503829232,0.08856027032199565,0.2,-0.28820151897503954,-0.01877554299780064
803,26764.0,-0.014126020671960358,0.41044080824428203,2.204216508757043,-0.036397354878400595,2.3039628840545,3,0.9421749809491669,-0.6527398251757006,-0.596797,0.03458709645835922,0.000319286517410422,0.07413422359502997,-0.055942825175700595,0.2,-0.2932514090654953,-0.01868295946503546
804,26797.3,0.07553730529846417,0.42145703141999097,2.2685488111444387,-0.0828655208432931,2.257998868368911,3,0.7325919486848429,-0.8473736541903492,-0.789191,0.03286630711552485,0.0022426936098471906,-0.002170741643705121,-0.0581826541903494,0.2,-0.28896871948983693,-0.021366287496583543
805,26830.6,0.10623199043294201,0.4235676003057084,2.2860160757274395,-0.007553013057107705,2.098878345489854,0,0.5574886875646161,0.5167225243981077,0.654024,-0.09653197943650671,0.005406608479568753,-0.14708164506234,-0.13730147560189243,0.2,-0.3029761642539953,-0.021757976117549722
806,26864.0,0.14904617795579853,0.4270026611884853,2.315280135233628,0.05596052885917978,2.1066814758391437,0,0.3657510725887909,0.350545708958502,0.426032,-0.042349889714012434,0.004039509920360729,-0.11733252585202347,-0.07548629104149818,0.2,-0.30350111003392694,-0.022058724412261803
807,26897.3,0.13962788611371077,0.4287299071180715,2.3472195596987278,0.139564715984778,2.1300807110633606,0,-0.0006243461947459394,0.16332146857187269,-0.371095,0.025565938882265993,0.0024307596641235385,-0.0403890295793401,0.5344164685718726,0.20042986967362175,-0.29719255939203687,-0.022229863625543234
808,26930.6,0.12807827754601317,0.4329844979584521,2.3752266698737197,0.2054088885404749,2.167121045086041,0,-0.12204165278004053,-0.2442138962135494,0.0975412,0.07088599650778926,-0.0007011875006868173,-0.05004172526160833,-0.34175509621354916,0.2,-0.2927335654038239,-0.022717673359799614
809,26964.0,0.07720879308955775,0.4363356790255316,2.398266242193864,0.20504666977576558,2.203379498402366,0,-0.30159076615227587,-0.3352657686871354,-0.267374,0.10358722715520141,-0.001988468010386324,-0.0034985951819792582,-0.06789176868713565,0.2,-0.28672334280999967,-0.023082775649085435
811,27030.6,0.022286048547170978,0.4424426991255681,2.389238475037488,0.20526364633055943,2.2824244004379,0,-0.6468744430135747,-0.7076635579358421,-0.638086,0.14630010489344958,-0.006498486880170962,0.08282631742467217,-0.0695775579358422,0.2,-0.29412776594779405,-0.021686572518432416
812,27064.0,0.056988069702869404,0.4421699503210157,2.3456492308059893,0.07433523367534038,2.472006094222561,1,-0.8273858553091,0.7344252792996699,0.732528,-0.07498124569251541,-0.010028659459466294,0.21553142842661277,0.001897279299670096,0.2,-0.29212617096853716,-0.021584605507310277
814,27130.6,0.08039752640680879,0.44096565551178113,2.284802363557627,0.0847000854281654,2.4404886190014747,1,-1.1721085761175323,0.3682377771664114,0.427948,-0.03442822499073639,-0.007717510530421912,0.23287368986470947,-0.059710222833588844,0.2,-0.28349762611602103,-0.022118554074454944
