frame_id,xc,vxc,yc,vyc,zc,vzc,body_yaw,w,r,err_target_yaw,err_target_pitch,err_distance,err_armor_yaw,obs_armor_yaw
2,0.20444192194835079,-0.002913969329702355,0.44992566720817123,0.00018448099915496953,2.530491036685896,0.0015342762026295785,0.28126969359854836,-0.006680971184445915,0.2599997507717447,0.001064263620883299,-0.0004460087339470675,0.005014229995489394,0.001130693598548227,0.280139
4,0.026314327490957107,-1.1638773091362156,0.44043621388292314,-0.05579142248951178,2.4948356470217496,-0.31702946558246625,-0.043394724214887326,-2.02820122782366,0.2572265009072556,0.01877125919856848,-0.0016271578981763568,0.044058935665945764,0.1639852757851128,-0.20738
6,0.32417600129203195,1.6958885251215916,0.4333041336452179,-0.0914570451886349,2.546314502387219,0.3550217780903916,-0.5413350689104766,-4.633451659131607,0.22165110366941848,-0.060262634921512515,-0.0021909034891893775,0.04706254575591684,0.20148325788442012,0.827978
7,0.40306913485917034,1.8109764074211279,0.4203475127468445,-0.14887124711754715,2.480893364031422,-0.1100262937866176,-0.754780511650603,-4.996408602221694,0.22606686927973893,-0.00576471495049935,-0.001332509408078053,0.06656684174980843,0.04203881514429364,0.773977
8,0.3745848391423697,1.3817675807764687,0.4108450308825494,-0.1732417812502154,2.44550294752829,-0.2580444536069558,-0.9601266767827208,-5.223545458005222,0.2229663402762778,0.0235764783656216,-0.0012552109204055917,0.04923635644744273,0.04617365001217566,0.564496
9,0.30229997652207985,0.8889106165674912,0.4057524603306134,-0.17137181518088793,2.4323976564484346,-0.24086451861100117,-1.1657466973980064,-5.3984939996289105,0.21280356826965827,0.035782234896954535,-0.0014963379521359954,0.022577790685171184,0.047073629396890304,0.357976
10,0.14772777101611814,0.15444064965994675,0.3925111189407388,-0.2052957711582589,2.3722170660057587,-0.40487722384025826,-1.6585006717578246,-7.01804858486022,0.2000022104532374,0.044332153241418926,-0.003569284594595157,0.10585358954486779,0.3513416550370718,-0.439046
11,0.05148519592602942,-0.1650446637759288,0.3982781999402693,-0.15857534840692658,2.37987427943958,-0.2542358255365662,-1.7387865801101294,-6.231891310339901,0.17548363752516372,0.04478339420091748,-0.0028863240495842213,-0.039631703236417515,-0.16045271331523292,-0.00753754
12,-0.05639047278190059,-0.5047197619515165,0.400088527123062,-0.13426342929712629,2.3784760129781537,-0.20086643465634685,-1.9528681229769795,-6.253897911927832,0.16561355296097086,0.04072166935063981,-0.0022233681371046643,-0.015271582918482185,0.014614203817917115,-0.396686
13,-0.15401272927572246,-0.7634440904144177,0.40035686199672177,-0.11902677262612078,2.3650714059847338,-0.20520762470571532,-2.1712952539673998,-6.294141922075812,0.15879756439754886,0.03282527666931667,-0.002078728375795702,-0.0009651869472415697,0.016788072827496947,-0.617287
14,-0.24365277012942269,-0.9641177332649683,0.403828692276951,-0.09550981069800236,2.372165562413926,-0.1513242478633855,-2.391997581187472,-6.3414307435623885,0.15506445533385818,0.026666035948079703,-0.0017065272439902301,-0.02741607558353154,0.013567745607424797,-0.834769
15,-0.0013184855414731245,-0.07148649624517578,0.4185241436113232,-0.041772854423348944,2.3310643388763737,-0.06295404462676245,-2.631929442837208,-6.501419574902156,0.07299427497130138,-0.0906767352732123,-0.009661688739692309,0.042446386529966684,0.00785321075258505,0.50181
20,-0.12461950642680275,-0.45913796605004276,0.4342712629063372,0.03512067132812475,2.3335276131399523,-0.016791937438641873,2.635200740592216,-6.219335054333713,0.06922985339658341,0.0184161935626852,-0.003474188074624962,-0.005370145185994879,-0.020038912997577096,-0.486353
21,0.08291916752140616,0.14011706593959639,0.41212046258255813,-0.0249913938737569,2.324483368250264,0.06999891841568373,2.3759163260822245,-6.409809531775177,0.018669125749994124,-0.06908093017347339,0.007517081310072449,0.010873038804286583,0.045695999287327815,0.759424
22,0.14557320027492465,0.2672908159981776,0.3946204174733708,-0.06237698252808205,2.2714158453422066,-0.04935756695331642,2.1856401874916624,-6.332504820705723,0.014887855716546966,-0.023272419277130307,0.0029201957770950138,0.06323677249594395,-0.0239351393032341,0.638779
23,0.14660581833583608,0.25038035076830445,0.3981257758445779,-0.05037817093654402,2.311672017171114,0.04024730194370915,1.884432017046171,-6.654919711923627,0.013916184240030658,0.0034878573116423617,0.000711749268299755,-0.056782144053916905,0.10863069025127459,0.205005
24,0.13657193106528315,0.21478874201869635,0.394043293649925,-0.05536051631721249,2.2936181335903587,0.0021292596596519525,1.7454726523641746,-6.33322894321923,0.013021318831670028,0.007921482872307983,-0.00043112022487301616,0.0282768005709495,-0.10176167443072215,0.276438
25,-0.0015247661186413297,-0.08485510153718023,0.389021526211839,-0.06181643495178311,2.2770063924927126,-0.016527365206259727,1.2435584452826163,-7.545167445458666,0.0033999321497410855,0.060516839236130604,-0.00022394008109749564,0.030315680170755144,0.3558951184877195,-0.683133
26,0.068075174509393,0.07346491452172349,0.40966728572010125,-0.013199571823074192,2.221043314898791,-0.10791425978250652,0.7689246631423075,-8.528365816156597,0.013008166976923394,-0.04188599654737013,-0.011503772656953792,0.040630230508526655,0.26758066314230744,0.501344
27,0.07523327003643548,0.08569957976045013,0.42277828431235315,0.016958422687221347,2.2149360818363206,-0.11475808561162591,0.8419180846557417,-6.896137331153086,0.013916264259428223,-0.0018004441835577367,-0.005979358181088745,0.0004886782017750058,-0.4193312421391546,-0.309547
29,0.02881480142066891,-0.06897984983494394,0.4322181815523577,0.04072497160986423,2.22234333949882,-0.08196335102927021,0.058899065691360164,-8.512191207999003,0.018435923191233158,0.019011396993261265,-0.0022669678142439587,-0.01455777154795701,0.2704190656913603,-0.21152
31,-0.05628271360641442,-0.3104395329650626,0.43601426631674156,0.044355095670382004,2.2073215640367607,-0.09452432940547648,-0.5281620320072204,-8.60216732816637,0.01162787901364666,0.026725043671344206,-0.0008480987741088519,0.00687789055434207,0.01597696799277948,-0.544139
32,0.09280880487833738,0.09025847906380435,0.4231323609167015,0.008371210620944348,2.2238709828941112,-0.007163597036432587,-0.8045020327518704,-8.559876918090742,0.012714672286998333,-0.0700007649010117,0.009411964750461355,-0.04698734380822911,-0.009916705956973804,0.776211
33,0.15824564772985572,0.2335977241810192,0.4048949550736189,-0.03381596312566424,2.176291788866583,-0.11194584349257444,-0.9945216812617388,-8.169914347526815,0.011140427678462685,-0.026393602608291378,0.004092469394393117,0.062289511526010255,-0.1078563544668425,0.684131
34,0.16110649855904796,0.2226314748920732,0.4010826809339821,-0.039889729209258,2.183195599765618,-0.0880367009606122,-1.1942448712051958,-7.8648297448981905,0.010858834456242859,0.00254106643701002,0.0019696106282687253,-0.013880808963621316,-0.08478354441029934,0.461335
35,0.13295193606949318,0.1422863697885967,0.3986229509011866,-0.04245051406019866,2.1824122819447207,-0.08068407219667699,-1.3712362240299238,-7.49314228611919,0.009250842711845269,0.015564238237175676,0.000541216883072515,-0.000423872898368316,-0.09991289723502739,0.299473
36,0.09424784091534086,0.04197082325208483,0.3985209244166912,-0.03946350802969843,2.185354345540269,-0.06419135373954044,-1.584571401252786,-7.328421821254608,0.006864743249944659,0.018996879600535088,-0.00019191994976708315,-0.007359553800146301,-0.04230227445788959,0.0285272
37,0.03885570418309137,-0.09272794523723525,0.40114017822329523,-0.030332009560245704,2.1965659983124395,-0.027584813343225642,-1.624055608115864,-6.379833618557801,0.003135716803230722,0.025792004185916095,-0.0006497181698841281,-0.021014823041133557,-0.23706628132096697,0.183807
40,-0.08730643204795503,-0.4836800715530138,0.3966041661041175,-0.03516973116416165,2.1904539401701553,-0.017636070593685466,-2.3120515292782926,-6.6178812065078905,0.004329719791839284,0.036700734735790164,0.0008452048410410029,-0.006902471217029138,0.02972479751660373,-0.77098
41,-0.16270434398975872,-0.640647369331195,0.40451693150126566,-0.01214796557809118,2.248603831370774,0.13417260197263006,-2.5295582419964973,-6.604801044868436,0.003080374524778634,0.02279040739627236,0.0007878327569970089,-0.07811930268391354,-0.0029659152016008328,-0.955796
42,-0.006476499195631147,-0.21900372092842502,0.4155972742541669,0.014358048446100582,2.2024015273013275,0.07064369941425848,-2.7026593776343457,-6.416241267763182,0.02754255376095681,-0.07447947540451816,-0.004419185173148321,0.01446061068489346,-0.05206872404455254,0.491002
46,-0.06912177052681948,-0.3215770030502917,0.42893246368521526,0.04780474943374899,2.2397140634551858,0.14887834401647665,2.779907576881076,-6.19277964354704,0.026803656215860568,0.008079907034834743,-0.001481285146509581,-0.024451831936235013,-0.026189076708717174,-0.335496
47,-0.10572444632852725,-0.3817796834329535,0.4397143683009824,0.06926927629817178,2.2853051706137855,0.24421032279961707,2.655030970664715,-5.9008648167023425,0.02620907981788435,0.009975450817571563,-0.0004877558310361074,-0.048907846021945645,-0.07462468292507829,-0.411937
48,0.06617957392000039,-0.001673962272316032,0.4206872505171307,0.026180259126502424,2.30751528096753,0.3279400056991433,2.440539472345213,-5.965074564026931,0.009654217876605798,-0.0809717056953776,0.012186972826766507,-0.03834711440976202,0.020596145550316525,0.849147
49,0.12882280079043468,0.12097349700579976,0.4011197741901368,-0.01398170376280207,2.2695539084083514,0.23784338223141632,2.2260260808065215,-6.024327048113357,0.00502323777120756,-0.028177670285942646,0.0052763538091120665,0.06479062027554283,0.01908675401162485,0.636143
50,0.13788832487774094,0.13088923194129784,0.3967293397546128,-0.021730769936276678,2.2786756807218396,0.24023848718778265,1.983044391251811,-6.193091160911947,0.004961375767838633,-0.002323969236812218,0.0018265944970128345,-0.0011872622073370032,0.0515600644569143,0.360688
51,0.11497201212456133,0.07521576301935042,0.3961823840516595,-0.021384689223805858,2.2912510762696785,0.2509432523315541,1.6523014606029847,-6.722033504893348,0.0038610752838509734,0.011912579512230348,0.00018754537167042784,-0.00479118065562778,0.15033013380808802,-0.068825
52,0.08317921361242164,0.002550272598905029,0.395136820132821,-0.02201158842867977,2.2920087314815447,0.239103848595177,1.4765597379456317,-6.50632868022407,0.0013008042160380711,0.014932000870583106,-0.00040451008003072886,0.010505579299182166,-0.05725608884926503,-0.0369805
53,0.04639124211244901,-0.07884853996408937,0.3917871838153412,-0.027477480877627587,2.2751389675368374,0.1897452029488843,1.3560232699926171,-6.062407958819255,0.00101761132479696,0.01610613227965496,-0.0005299054651990431,0.033456937000375664,-0.11246605680227928,-0.102307
54,-0.023633393564906756,-0.23347600552689213,0.38800904270131825,-0.033730272969936005,2.261068086268627,0.15019831509138276,1.1157622300714447,-6.241935942020223,0.002248324301624058,0.03002878415102117,8.763360981856039e-05,0.02384997912986586,0.043986903276548084,-0.499021
55,-0.08445163258812864,-0.3590045655733237,0.3835619429023183,-0.041179836168222385,2.2397829784474705,0.0962431193685765,0.8876656934177749,-6.33746891968485,0.0011922182388685457,0.023841488556442858,-0.00011906561610608435,0.030678204443458146,0.023024366622878212,-0.706155
56,-0.13369414057823337,-0.44994193271151484,0.38386284744080673,-0.037203126324275,2.247426414460527,0.10937650423932349,0.6977511657467552,-6.234890414840308,0.0006112111665551926,0.01676750610649913,-0.00013335928662971952,-0.012284512158045935,-0.0241391610481414,-0.848906
57,-0.18474967560143324,-0.5394644345371595,0.39614353462954704,-0.00510456240529885,2.3321424629419254,0.29844606685231934,0.511123198968042,-6.13249152921112,0.0022180940437711563,0.01354119070505222,0.00015369054123048898,-0.11937464109533513,-0.023903127826854664,-1.03577
58,-0.014528168623257065,-0.0732622722597579,0.4207577381062826,0.05817143656184675,2.28971041327129,0.22370591364527712,0.3547008560835545,-5.899993207088042,0.028591051357615062,-0.07847749233259638,-0.010867437307580996,0.01799402459707755,-0.054558143916445534,0.409259
59,0.032370217171488774,0.05199378602009083,0.4307206986260592,0.0792197314607225,2.2678002660989587,0.15652757001284887,-0.06136106471133518,-6.965979641975208,0.02605113076179738,-0.020205353329949993,-0.005520611036828882,0.03684346710274555,0.24357193528866494,-0.304933
60,0.028858231280742275,0.03754348750014491,0.42949794378690354,0.07023441321390933,2.219953095083354,0.024995045685440864,-0.03333163801969441,-5.700460876183705,0.02631744025118847,0.0029141261449159295,-0.002588710149526108,0.07591864447558239,-0.29083063801969455,0.257499
61,0.007896718830671199,-0.020577351185657677,0.4358438164256352,0.08045190819267879,2.2312102560648306,0.051301021862622635,-0.2242270716771535,-5.704433665570663,0.026021107557459608,0.00936325041664654,-0.0008360622621257363,-0.015141682259079303,0.0015389283228466333,-0.225766
63,0.15374131456344553,0.4543380619606786,0.43230039841464935,0.04692163247719808,2.297654177546478,0.2775079032247972,-0.6602003839310941,-5.995105152266836,0.008453807753426947,-0.053141919635474544,0.008228794397481476,-0.08085521833565945,0.045813942863802026,0.864782
64,0.2064620688351052,0.5583815209983242,0.4221188598709803,0.014785580520326129,2.2816463805327203,0.21290700483553218,-0.8467758058139507,-5.934892357006974,0.007115290316299556,-0.015950418424069746,0.003044585143440859,0.028937877285943436,-0.012996479019053986,0.737017
65,0.20304659524380153,0.5016713164115536,0.41422684053703296,-0.00641423005616849,2.259677803616033,0.14018269394062077,-1.0500181625533678,-5.958862993653351,0.007218704729120873,0.008083467440855419,0.0010566950089851979,0.04409697168980431,0.00601916424152904,0.514759
66,0.17668613559327664,0.39341426055220524,0.4111966728467537,-0.013332123079243665,2.2542829825448654,0.11908928556420188,-1.2402783475894443,-5.921249894933576,0.00548536852689107,0.017290569505972186,0.00018189111110356038,0.018604932743766067,-0.009236020794547883,0.339754
67,0.11541416496177577,0.2077951502450504,0.40497569282507295,-0.027176029807497122,2.2198164890762477,0.03347598548712717,-1.5005543344961438,-6.206991397934765,0.0018352903157953437,0.028861468785029043,-0.0007984542951184892,0.05938976508257898,0.0727095822987529,-0.00246759
68,0.04757783402632511,0.019842815895582344,0.4030476524650757,-0.029494149595743813,2.2043446229135557,0.004091686615426488,-1.5189681068141605,-5.333012445957369,0.0038873924315832604,0.030837587290135637,-0.00019617398483218196,0.01399165998491414,-0.21679278001926372,0.268621
69,-0.01742327805309951,-0.14679448655657393,0.40288024919643467,-0.027493617333894434,2.2100727044489363,0.022787906308194602,-1.822865150272231,-5.926838533497812,0.0013042521325639053,0.027656039512443886,9.144673222616362e-05,-0.009853766468499447,0.14457117652266538,-0.39664
70,-0.07757521575968915,-0.2890458247374025,0.40716555184262243,-0.014743908753517419,2.2381477520328463,0.09667587073088903,-2.0597066408168607,-6.113891075018806,0.002554890419437201,0.024976529380271728,0.0005416925725048038,-0.05045391289685375,0.044606685978036076,-0.533517
71,-0.13261206203946205,-0.407163955431444,0.4055024143442773,-0.017797699132995132,2.239964284176054,0.09893728173121175,-2.3115876829321866,-6.344846385283483,0.0006501051244431357,0.020295255381691746,0.0008081389513301396,-0.005904699352252241,0.05452564386270975,-0.795317
72,-0.18179696382778887,-0.5004730716825561,0.40966449801270755,-0.006105375833464814,2.276105407756574,0.1821852613091356,-2.529925140210322,-6.377937794099265,0.00033842566040981196,0.015139048238016262,0.0007501900244082371,-0.05192967155079131,0.00769818658457444,-0.966827
78,-0.16396876866004523,-0.13573568643682615,0.425160886696845,0.04960277297381208,2.232766198804935,-0.041803111218891825,2.516831555636921,-6.237308903738294,0.0015282345200164534,-0.013149357078953372,-0.004285711448913432,0.04656319697309286,-0.009699097952871938,-0.615062
79,-0.17712759760202346,-0.15611813602544714,0.4355029666839689,0.0700759762636427,2.2592241140090468,0.02326368057907395,2.3491592685574165,-6.1105738196937605,0.0017302398937552364,0.0019514873545265488,-0.0010949133155109259,-0.029299170512377515,-0.032823385032376695,-0.75961
80,0.014072972628413588,0.20168581644068603,0.40647267837396145,0.008228837820414135,2.2161565967800723,-0.016140786442676955,2.171232721858628,-6.030140372821325,0.03570470033328151,-0.08518651420331125,0.01409098145014731,-0.00358697049115575,-0.02882260493626898,0.629259
81,0.08871193489830508,0.3211848086306753,0.39789102085500194,-0.007499770038282862,2.2486850798227325,0.05309180972435204,1.959956770554233,-6.0650434135831865,0.0298666979108099,-0.029544361325112067,0.006678721223312589,-0.0515432879864659,0.009120443759336183,0.38004
82,0.09803353524131116,0.3182494182963743,0.39647465754376093,-0.009482813451593136,2.2797528051880303,0.10830658679215928,1.7310435273051628,-6.165170695980511,0.029249336060990404,0.0007504421029076447,0.0029369291470890957,-0.042074276764711094,0.03356520051026601,0.126682
83,0.06712114499516242,0.23770354847624814,0.3924070650476698,-0.016630237006524638,2.2809505751432897,0.10644628156495532,1.5651704667191115,-6.00262404820376,0.027276271765242218,0.01901520562827841,0.0014612456871856416,0.005801385681601712,-0.0475563600757849,0.0419305
84,0.009591667620588731,0.10439268718101796,0.38936162768079496,-0.021542676845922037,2.2758470287618495,0.09457307937078391,1.3327762555903195,-6.141374281156024,0.02371035457862858,0.02893828307855406,0.00045457869223719527,0.01268545459459025,0.04078492879542317,-0.278805
85,-0.05251165481853414,-0.03632539891452119,0.39065402680980393,-0.01741512983494188,2.2901826210604503,0.12412103057589235,1.0958895865501752,-6.2855500408079115,0.019174718616001424,0.029432363880945278,0.00018086063106004246,-0.02198123820501685,0.038934259755278866,-0.513841
86,0.0977420960944786,0.2892403569385494,0.41945648685546466,0.04702110169872005,2.2981209803042315,0.16804696401098965,0.8755915909134249,-6.339916071229431,0.006179872244898781,-0.07013806692746227,-0.011235193282315148,-0.038703364679641084,0.012706590913424964,0.862885
87,0.15273378604177962,0.3928588601699597,0.4244161685425705,0.05580275754076377,2.2381508916497546,0.027668919441987155,0.6738933772443922,-6.295300760563929,0.003588172412351104,-0.020777387118751545,-0.006242444847050166,0.08646314050109272,-0.010908622755607666,0.684802
88,0.15755178455462684,0.3733059225673897,0.4324290112860421,0.07050058744519128,2.2303517308278256,0.007754007726795454,0.44693404656286795,-6.377379910399231,0.003668626909450274,0.00326898870752812,-0.003340944663979606,0.011872706507985331,0.019466046562867767,0.427468
89,0.13098293328796184,0.2785939330392352,0.4389976482827491,0.08064111502103836,2.236611671710387,0.02484067017835947,0.0007935474040472457,-7.50422328828736,0.0018166103827180055,0.016205995244241045,-0.001473261385565916,-0.006711919510016706,0.2639215474040473,-0.263128
91,0.05123449718431154,-0.024116902254260775,0.44379793423548974,0.07912163895034154,2.2285438892203184,0.024795123100909346,-0.34769665263722604,-6.7296062161033685,0.010175918633997402,0.037384706207232554,0.0012232587675158335,-0.009487140786004655,-0.12202565263722587,-0.225671
92,-0.021166242443631446,-0.2140514500355993,0.44234627379975305,0.06849100763661634,2.215464499021202,-0.000870425619561771,-0.4944326821367384,-6.373207497954092,0.005208937119000333,0.028550646579537986,0.000588788688729025,0.01562435765639325,-0.07639368213673858,-0.418039
93,-0.08111349384293295,-0.34505218879162575,0.44236422554540555,0.06287242995821071,2.2147121147018267,0.0017547935671033722,-0.6716836484282638,-6.216752364561457,0.002743706327025542,0.022524490921016493,0.001024264496493732,-0.002530523138738694,-0.03851164842826371,-0.633172
94,0.06563166552881101,0.04746505168794479,0.4197014936237488,0.0025522236812380306,2.1801805322623116,-0.03213105637350756,-0.8814007625011349,-6.228479330052875,0.026427702918363303,-0.07485295893891353,0.011835396713539392,-0.000628853664575324,0.0028755642937614567,0.68652
95,0.17435057633476125,0.3108307420536725,0.4256329926124443,0.01541002681026018,2.2685050872914325,0.19203899052900197,-0.836914511416234,-5.082900066645044,0.01840625653906646,-0.0456846035091667,0.005649368960905399,-0.13949946535550461,-0.2930281846213374,1.02691
96,0.152343340910273,0.23062984596083688,0.41566665200961717,-0.010111899213798141,2.257834488103222,0.149334607192823,-1.1382018937960963,-5.693790435641527,0.01983373885051268,0.013618065092105613,0.0027994742272103856,0.03359945842686951,0.15191743299880045,0.280677
97,0.13307917201782452,0.16320216477573846,0.4074545421239044,-0.029249569731346334,2.235122549038109,0.08375196131996457,-1.2848409584776952,-5.490408468759973,0.019536857908285257,0.010811958179739012,0.0010330806597171893,0.04304846247893268,-0.04878863168279901,0.334744
98,0.021822694074665805,-0.13056654604117135,0.40511493420400774,-0.03265180955379862,2.2373981371524527,0.09039213675386665,-1.7053924761277095,-6.6203739834325255,0.015172930157727669,0.04763304833596527,-8.773054935407032e-06,0.009290920516863643,0.272469850667187,-0.407066
99,-0.06369344013103063,-0.33584898511785466,0.4040960810877333,-0.03241937011888151,2.235220427454055,0.09065843535791376,-2.0456381436142164,-7.193360162711414,0.0077737743607490944,0.033232866188381394,-5.783542593773561e-05,-0.0018405645276877713,0.1360501831806804,-0.610892
100,-0.12923852840731243,-0.47531790333969937,0.4043063843562198,-0.029238212610898717,2.243231326533837,0.11160352079912705,-2.324856723159421,-7.383018100013698,0.002848669400032697,0.023345892888994246,0.0002781112163128263,-0.01701394371522502,0.044239603635475966,-0.7983
101,-0.1781261948754404,-0.5619537010037502,0.4108497784657595,-0.010491384466448542,2.2886463708218385,0.21667231999510062,-2.5235789906467834,-7.153239029775805,0.002051190657885456,0.013768704173770185,0.00016248861633672007,-0.06399964208629072,-0.053462663851886916,-0.89932
102,-0.017740955436299582,-0.08963501971577265,0.42136284828002263,0.018751083540852236,2.241073462210004,0.1250520279640378,-2.7335421497587724,-7.016388519904121,0.024519381132361216,-0.07599767137970037,-0.005378853032623532,0.03230362936796061,-0.032105496168979286,0.440156
106,-0.0983433036540666,-0.32691357062591925,0.4341279867001365,0.052929092673632216,2.2706995272362724,0.16696385874713543,2.6296227155573177,-6.9481739775860225,0.022891391172526056,0.015072645749632407,-0.0017250758486277995,-0.010786021288914593,-0.005247938032475474,-0.506722
107,0.08347288105646597,0.18210063417503825,0.41613917331669464,0.0005773043293453364,2.309459524787669,0.3042018858557702,2.3927889712020045,-6.968337476858409,0.0038765520225307465,-0.07004392717209917,0.009854001301705662,-0.03762880202371299,0.00472364440710793,0.817269
108,-0.05803603786975274,-0.1537778439233708,0.42678672911665333,0.024544294096591274,2.290001388501397,0.2690379073270314,2.1839468472830497,-6.881515825638037,0.017646398357479567,0.07196003132003881,-0.004648200414598236,0.013129859301438174,-0.027342806306743572,-0.930303
109,0.038970698236518636,0.06239720062844717,0.41616862058295295,0.0003764166091430564,2.3243519960331387,0.33844299102408104,1.896409899606594,-7.104334206440074,0.007308745845311413,-0.04385392924964249,0.00701545939006154,-0.03217603443669992,0.0669475728116975,0.258666
110,0.0557708998197985,0.09355865753099019,0.4059769566931533,-0.021267910473935444,2.3161954369746156,0.2967378436991503,1.5955272716083702,-7.364531414541542,0.007691149942579139,-0.0068072723586873884,0.002923820155950274,0.029911522356123932,0.07743034481347344,-0.0526994
111,0.035496733936313626,0.042839983658252485,0.3974934627512719,-0.03793149017440722,2.294386541781037,0.23003972565980946,1.4027969143462728,-7.138146820532237,0.00712072830628906,0.010075548441683235,0.0009388539149632891,0.04755680580304933,-0.06302341244862353,-0.104976
113,-0.040006948099650774,-0.1805478627167424,0.39335152221717634,-0.042088012646299064,2.2954025103962694,0.20254983769726487,1.0066615211945802,-6.750460591772477,0.0019607231866271887,0.029251133755137104,-0.0002243081732453689,0.015504953281826328,-0.06836180560031657,-0.495773
114,-0.09575848880598373,-0.3028396199933059,0.3546047768168916,-0.13074215615210577,2.058269552922796,-0.3841490425435431,0.8852051683636004,-6.290703123824352,0.0053464247735112115,0.018186301168413355,-0.0017319167334695074,0.3331180822612576,-0.10815683163639944,0.993362
115,0.05446143263531786,0.07084393697679958,0.3914201194385708,-0.03558049449663246,2.1274242208991097,-0.18334489864398298,0.6764002254911836,-6.287687028643358,0.004202642501417493,-0.06883456424184775,-0.01086857254498419,-0.11679857345011957,-0.001390774508816417,0.677791
116,0.10529513793904641,0.18335296164439951,0.4134057380173287,0.017580778541282274,2.1690236636812203,-0.07554559905419964,0.4392279824380738,-6.40948246774259,0.0036719104996404068,-0.021395228098635144,-0.006287258031510756,-0.07652675796404829,0.03169698243807373,0.407531
117,0.10542605893396448,0.16933329535527525,0.4244194864275637,0.041811116196137116,2.1828777198476654,-0.03789818729365095,0.23408613226430885,-6.371155971070296,0.0031656144270710996,0.002833815620833402,-0.0032231204343080577,-0.025901062035009748,-0.009818867735690961,0.243905
118,0.06854768630076159,0.06777591388152363,0.415709103545693,0.01884602412443233,2.11369960168149,-0.19119377683756167,-0.021398253503166043,-6.570153209363215,0.001917817432189049,0.016338555878018468,-0.0013428154425620953,0.1004925703736772,0.04996914649683415,-0.0713674
119,0.03205879111928036,-0.02667998219465932,0.42433132128080686,0.037626139367219875,2.141867671298094,-0.10628253350116833,-0.2250178613225553,-6.497827668738451,0.000848472568972219,0.017088445423528942,-0.0002967363685173474,-0.05410723163550957,-0.01763786132255518,-0.20738
120,-0.023116408034074262,-0.16166259013767598,0.4257844147121897,0.038179115934384174,2.134696917077147,-0.10924182813792842,-0.46873248166594106,-6.626843521186408,0.002454844267043273,0.024374191140032586,0.00014504307556739704,-0.0025603291434141973,0.030872518334058796,-0.499605
121,-0.07292082661539612,-0.2743919162266139,0.43101408512495265,0.04756811596361217,2.1560976324800127,-0.04538476012466236,-0.6423378373743867,-6.399907311719096,0.0002375645508268828,0.019429899030190878,0.0006094540610881438,-0.04001577620216512,-0.05347583737438644,-0.588862
122,0.07407345384026531,0.12675877057684942,0.4202158151858605,0.014386933071654597,2.1841153469399677,0.07031971262788698,-0.8413248998053477,-6.331074063347309,0.02582658575180525,-0.07901576455555004,0.012111868967322081,-0.09062969717006775,-0.01593657301045104,0.745408
123,0.18050931984269164,0.3927596338733524,0.42947213571116366,0.034398458553189515,2.2902150140482145,0.3369654048654419,-0.7930388751994215,-5.0752243664681345,0.01920507251326099,-0.044775345234850494,0.005688127252935438,-0.15991841098875392,-0.29416254840452494,1.07192
124,0.17086903417928176,0.33327834186964433,0.420607450991967,0.00865018268871975,2.2855472320429895,0.2962168033738303,-1.088614933404061,-5.68875590231711,0.020047234213540932,0.009420089012536437,0.0028203092963821064,0.029593379830607613,0.14211739339083573,0.340064
125,0.11824177571426957,0.16657011203702984,0.4041188439194944,-0.03347333265887427,2.214038907310244,0.09294970060797286,-1.6161439237628923,-7.3310230446333895,0.019864194096637183,0.02286627448325973,0.00010021731510923004,0.1274482290605623,0.3800984030320045,-0.425446
126,0.06356100050280993,0.008280385554503611,0.40651739569680945,-0.024594515796298618,2.2323703430317727,0.1426125982880877,-1.750369138740029,-6.794290992469971,0.013601042609815685,0.025294292305919175,-0.00020908194495694588,-0.024387444060260943,-0.12254131194513285,-0.0570315
127,0.005410333556657487,-0.14668696772646073,0.4078882590954155,-0.01892760938166835,2.2438318210139365,0.16668567523565883,-1.8863559666764502,-6.352941522102788,0.009778773765149865,0.025571462592473893,-0.0003648297961542646,-0.0119758487120456,-0.10104763988155341,-0.214512
128,-0.05451681848150769,-0.2934093818758223,0.4074780855733529,-0.01826292236747349,2.2464467867269784,0.1638460398618118,-2.0744647656809985,-6.2370216495737765,0.00725772970288748,0.023851575585184026,-0.00021549921966590446,0.0008008064912963242,-0.026320438886101805,-0.477348
130,-0.1277691762969821,-0.4726452435655113,0.40166488468690936,-0.03192976603997479,2.2276468580423336,0.08194846058742257,-2.407612137260058,-5.813436353928599,0.00391440671603396,0.019342467944031494,-5.7589477489905505e-05,0.029833932460493262,-0.06587181046516122,-0.770944
131,-0.1702212575173821,-0.54810859192552,0.40588092974303047,-0.01763380077675509,2.2564520817398015,0.1519480991564871,-2.502754615421029,-5.359546813453904,0.0038529670210758165,0.010169442842638432,-0.00015230729328497006,-0.036256029901843956,-0.09822428862613286,-0.833734
132,0.014951807873979261,-0.025643551469458847,0.4186745346953217,0.01683020826807944,2.2309378202235215,0.13536291472764034,-2.60977876109704,-5.0418876599841465,0.03031859400750841,-0.08538570697596137,-0.003867556013613438,-0.011054005620521057,-0.07909710750724663,0.610911
136,-0.08544341770745127,-0.3453891502924306,0.43842130334847995,0.07126454161329329,2.3024292068458525,0.2932101139219256,2.780093531093465,-5.977769891545732,0.030076489115074594,0.02237830034880739,-0.001972212741795598,-0.038953389928654936,0.10289987750367224,-0.464399
137,0.08649488113587273,0.11318441095219633,0.41818173702122885,0.014177923043525824,2.3287330807634086,0.3729995323924601,2.4745201868594755,-6.370139431591684,0.00820880482044489,-0.06936340141259079,0.009352893789719818,-0.008909424742534977,0.09585286006457894,0.807871
138,0.14272788858602217,0.22632080997524695,0.39826865922659316,-0.030703949788848064,2.2759399374666365,0.2306750446158315,2.239839601098458,-6.451062228814621,0.006936259327759193,-0.022425556402808855,0.0035992308297685405,0.08363709789373219,0.025503274303561696,0.64354
139,0.14783653332134675,0.22091789086742844,0.4005908865163113,-0.023629849158897535,2.3152131629806245,0.2972926394794611,1.9296858369560832,-6.8092038643497945,0.006327895447009397,0.0013582967162566462,0.0009363565485918102,-0.04388496873739145,0.1137375101611866,0.245152
140,0.12096806356576971,0.14990023078198111,0.3996941071954851,-0.023841994885271982,2.320232763169689,0.28980649903359545,1.609601268770759,-7.1836949683260345,0.0044599050824133376,0.014540562348337449,-0.00041123792490882494,0.008788420696263177,0.11333434197586234,-0.0745294
141,0.08125779703245285,0.055062664584776266,0.39525003004859954,-0.031369924371370005,2.2978035353394968,0.22776415746528036,1.4490952341396763,-6.8464020552772205,0.0011912638470148464,0.018740894806247077,-0.0007917858490018581,0.04636559586456812,-0.0949096926552202,-0.0267914
142,0.030790196013251815,-0.0596674954025212,0.3903941106684344,-0.039374633826775814,2.2725315903407264,0.16275631324425627,1.2715091318246925,-6.620029954940544,0.0020981392559392266,0.02278287793604905,-0.000439025452362074,0.04275851937446706,-0.060080194970204115,-0.239207
143,-0.023692682238175243,-0.17886414568415077,0.38170989767303154,-0.05539356918630896,2.2248082449373405,0.05157997293358192,1.0536764501630218,-6.606905844002286,0.0011687942712407346,0.022604733280077838,-0.0004364008899488958,0.07268276485686931,-0.0031398766318746496,-0.51398
144,-0.07985118264192201,-0.2969980896619655,0.3803327867767397,-0.054228549514123314,2.222120401379023,0.045928743553757256,0.8609120249316318,-6.47756363738196,0.001620331126026614,0.022778917090227058,-0.00015157997509396282,-0.0009001072021694867,-0.03158630186326494,-0.678298
145,-0.13065998680679758,-0.39611689906097025,0.381241734062304,-0.047883974543232934,2.234579030864221,0.07323480569301521,0.6810483192102028,-6.305580633783799,0.00011448028308552304,0.017945731979412738,-0.00019793649760657672,-0.02049601879769991,-0.041050007584694015,-0.848698
146,0.029518352002702475,0.02026490594144953,0.40822042044525636,0.022427564276751945,2.218166075987085,0.0725998955315949,0.5277090312946937,-6.032530939207098,0.02844386695953351,-0.07854778253818706,-0.009503236571867468,-0.03471566389150116,-0.06423596870530623,0.591945
147,0.09634791384398515,0.1849593506607097,0.4244250607107045,0.06092086253048395,2.2340604710487204,0.11190060751385297,0.3639931558026799,-5.852023235847433,0.023970383564019895,-0.02798532384245389,-0.005242394370668091,-0.03009188422858111,-0.04526584419732016,0.409259
148,0.09229288495382182,0.15936904290528892,0.4313843335879981,0.0735805497005403,2.2330416461819507,0.09976964865660737,-0.04447787756883903,-6.886960800753384,0.02419671713919399,0.0035008892855223905,-0.002618953488010778,0.0075945287087453295,0.2401711224311609,-0.284649
150,0.025942552044852435,-0.0909589478765882,0.43638874975210107,0.07442674907429797,2.2247396848911083,0.07074325808643041,-0.38460613099143703,-6.276909191876782,0.017543356837926707,0.0269720441255612,-0.0010366422974832368,0.017204619658542253,-0.09375913099143718,-0.290847
152,-0.056580239043656534,-0.3369639323923568,0.4390044820998841,0.06762331752968125,2.2148259718470835,0.0389399878626882,-0.6545811277068498,-5.582546837213409,0.012763374092317724,0.025557259976065172,-0.00018670717891877686,0.014133441989742757,-0.10798312770684992,-0.546598
153,0.09683392060609049,0.09475958167569443,0.42411219265047745,0.021967894159290936,2.224711712668783,0.10710831960571471,-0.8212050781169089,-5.503476299816468,0.012833528554624312,-0.06721092700191544,0.009446673713279896,-0.03297068188204655,-0.019327751322012254,0.768919
155,0.1323336397690454,0.17950160849804125,0.4152047327281236,-0.008133694355188195,2.2366837332224256,0.12244695602639302,-1.19129006466398,-5.5180942710985965,0.011875324395963553,-0.010311508562288907,0.004054890750821105,-0.006067093709060778,0.0024192621309166995,0.377087
156,0.12164672660176715,0.13869023992039695,0.4072070798764272,-0.026803526719388827,2.220792401878009,0.07464144028962216,-1.3240811718889882,-5.309763360796742,0.01196126644344199,0.006432634814371063,0.001501051615326876,0.028854065926131156,-0.05348984509409149,0.300205
157,0.07868994602834158,0.0306265404265752,0.4040218237696394,-0.03196737984638033,2.213189712243936,0.0537700771853442,-1.6358924714294854,-5.857954143232184,0.010844340506994876,0.01929389240595558,-1.7326763872560491e-06,0.01736751930630831,0.15505585536541133,-0.220152
158,0.025551051856315204,-0.09042080928962686,0.40253320072347537,-0.03284915006176311,2.204774811866462,0.036614430690412675,-1.8382140479415898,-5.887228144023062,0.0073875678067905045,0.02290415045026073,-0.0005636711553460572,0.012760037490899823,0.008833278853306759,-0.276251
160,-0.05924600442710028,-0.31831958642064323,0.4035029807164949,-0.02448057225772469,2.221529233788311,0.08573904663785611,-2.1763536610647414,-5.627807704269445,0.0019049576577027296,0.029566807835153863,-4.508433265026923e-05,-0.02257489227019427,-0.04706933426984472,-0.558488
161,-0.12156117197308902,-0.4467154100474461,0.40190249456918525,-0.026389272385668586,2.222031570148329,0.0845512490329226,-2.354547101194925,-5.586436475627121,0.0006128001333981239,0.022118548391786952,0.0004415021446155798,-0.0032445655535862095,-0.009993774400028244,-0.773757
162,-0.17298973214858782,-0.5322305327679425,0.41024188369558884,-0.005436043847799284,2.280251015558019,0.21015351086056122,-2.5018988255656933,-5.419445528221907,0.0006742646986388231,0.01481920795558711,0.00046180665750750194,-0.08148543814488907,-0.04377849877079676,-0.887324
168,-0.16804548668638575,-0.20839064130176932,0.43507324931346364,0.0720703861053458,2.2943973829355566,0.14194454380971588,2.6631257688958154,-5.53989963141811,0.0027999957449963394,-0.015767425062557905,-0.004995404559289263,0.01752374871435025,0.009570115306022142,-0.488037
169,0.05323921874998119,0.26829966105293535,0.415250832526167,0.02238859418308143,2.3091757450745893,0.21249376835992306,2.4362652319820874,-5.66992365428811,0.03149803074851158,-0.09267092774380359,0.010828132271248236,-0.047495269392832995,0.035022905187190645,0.830446
170,0.16018143119915906,0.44581483599042104,0.4056132687660788,0.0029997232921340246,2.3239873833442757,0.2331034510195911,2.300897854202961,-5.504866078271214,0.025932427309987936,-0.04102268909854789,0.00509535545503681,-0.018105699160702926,-0.06394447259193559,0.794046
171,0.1795127453956298,0.45409554652240297,0.3967808857061506,-0.01295425903500477,2.303622902467902,0.18184317108352976,2.103552500731972,-5.551603824296672,0.026315372753536532,-0.002513958839271968,0.0017202588280547104,0.04109212235489412,0.01671817393707542,0.516038
172,0.1498232338265686,0.37346551255149396,0.39842080945550373,-0.009158125655080203,2.3258644894032674,0.21278152583561674,1.7201924670613788,-6.290486693367978,0.02473367443308564,0.019346358885288684,-4.367912332270407e-06,-0.017153250403683096,0.2501931402664823,-0.100797
173,0.10659824617701089,0.2673476755473951,0.39467267855270627,-0.015426183446948918,2.3078915699131572,0.17187499264891679,1.5215765916851725,-6.244612997234,0.020555376149401526,0.023619829172916162,-0.00044051096080988117,0.03862382230559813,-0.012051235109724168,-0.0371685
174,0.06098153791047932,0.1571408473542666,0.3897804384395515,-0.023739892669063553,2.281481614708659,0.11589409784026408,1.548799295895856,-5.221938699693764,0.01648157760359936,0.02454534053693358,-0.000515277100079814,0.04772615926586132,-0.2833140308990405,0.261317
176,-0.036071120617450284,-0.13311235942165206,0.38460022566544405,-0.032249345693385854,2.2600822695684744,0.05607830577396399,1.0623821204355828,-5.896287853742938,0.010827664483787297,0.038920831103876896,-0.0005473697218660867,0.03650678665735008,0.12020779364068623,-0.628622
177,-0.10532566221396605,-0.28782463371556544,0.38497264649109864,-0.028813440930311237,2.2623039495101156,0.06447438660115348,0.8233458844852968,-6.085171785998016,0.006314611025386377,0.026919309797077684,-0.00026161901649190966,-0.008602817960181586,0.04379155769040022,-0.791242
178,0.05029603448495576,0.0766600017844517,0.4134091594523285,0.03712961934706095,2.254461108546874,0.07854561978075517,0.6396630339764902,-6.003531796909518,0.018458304969344724,-0.07622533767491557,-0.010550686720007363,-0.030024005814837995,-0.021307966023509817,0.660971
179,0.11257352668577411,0.21009505951250818,0.4277254533004946,0.06650002205860628,2.252728730356768,0.07331488594986976,0.44702458190821304,-5.971016175504543,0.015444761167614922,-0.02597907816165579,-0.005722658240398637,-0.0034171871285750832,-0.010155418091787105,0.45718
180,0.11056472683432671,0.18979088900562546,0.43668110924014153,0.08187796217494772,2.256670604232713,0.07655032044572499,-0.003229332623872594,-7.107027834923499,0.0154165010382553,0.0032325314759318324,-0.0029161613167181244,-0.0020433878113470527,0.29095666737612724,-0.294186
181,0.09108944525240122,0.12869722830992664,0.43888558877295875,0.08091670802306727,2.2405147659990017,0.03786235155046759,-0.027319324662401723,-6.123410631717079,0.01335322795088632,0.01136907147110744,-0.001294619479277337,0.026229594313255333,-0.24493832466240173,0.217619
182,0.03911377200160046,-0.0066478278158835225,0.43926049896070524,0.07562318665461962,2.227321211835834,0.008519533264098211,-0.21787481047225077,-6.059022973252918,0.011153865294290709,0.02392815433550588,-0.00031295082700255605,0.02228049014858957,-0.014836810472250939,-0.203038
183,-0.014056255771952741,-0.1364602773970585,0.42617394546196224,0.03902451372543442,2.148129576371069,-0.17223975684848358,-0.4852055376834281,-6.369565567188424,0.00833412375315568,0.020916106554280667,4.501756570007842e-05,0.11375945991580272,0.0751944623165719,-0.5604
184,-0.0651206375693215,-0.25351646918037135,0.43067488367771783,0.046592545608161756,2.1610767660202836,-0.12361461720048555,-0.6296752723022494,-6.043414433442275,0.005855939394738904,0.019989349706829085,0.00035521693874729365,-0.03065381239166598,-0.07683427230224948,-0.552841
185,0.08916267953961102,0.1533611373851117,0.4260073715923628,0.028661293805002472,2.221122032235674,0.07908077447245773,-0.7901903391904028,-5.847592906436933,0.02232764288531283,-0.08069633267277565,0.012026182769225624,-0.1364800547531968,-0.04557901239550599,0.826185
186,0.1565671842371542,0.31342127231005923,0.41701281060026624,0.0027251586284112485,2.2348593593169683,0.11365206713444151,-0.9666132073737197,-5.758504886410233,0.018144624869248328,-0.027402400725847098,0.005634274850410126,-0.0219643857791465,-0.022503880578823132,0.626687
187,0.17098696510094355,0.3237331036027459,0.4123893628161645,-0.009653089911928823,2.243988484279424,0.12715774866356566,-1.1371997318458997,-5.654910655346295,0.0180439258457153,-0.0015249226583442521,0.0024819302925731535,-0.006899710433402095,-0.024006405051003377,0.457603
188,0.14198630045313937,0.21921463320946594,0.4061680528571133,-0.024626180431431274,2.2285512231159013,0.07983556972713143,-1.3074901906077772,-5.566042057132622,0.01726507058523212,0.016220877646604404,0.000742684464069221,0.03285350268457421,-0.019688863812880708,0.282995
189,0.17200885340590036,0.28015682082197074,0.3622208373097636,-0.13242414874898323,1.9751678448889698,-0.570285150183363,-1.3572380079078465,-4.90707718048157,0.02152001024431309,-0.01415445347370392,-0.0014935405011979874,0.3685455947200118,-0.1521226811129499,0.365681
190,0.0886492894774864,0.03343548656536299,0.38002663303066075,-0.07640792228133433,2.0875990200546664,-0.23124004444017093,-1.5655772235512737,-5.123078164467216,0.017956529061515136,0.041480641469568535,0.0001131751991998442,-0.17565378612302363,0.05246580324362293,-0.0472467
191,0.01711870154449216,-0.1618989645108065,0.39143493295028386,-0.040865580551158076,2.155260378976542,-0.03203531012269231,-1.7903101752163926,-5.384259062819018,0.013942039106572365,0.03382181539305851,-0.00013885234983446182,-0.10922592672255327,0.061094151578504174,-0.280608
192,-0.05508244919333596,-0.3421221558382545,0.3972906803223344,-0.022400303799807373,2.1927901864497565,0.07400267482037867,-2.025910589905513,-5.656308046547304,0.009993699553368905,0.029924477948897188,0.00010764072760638399,-0.06083313038843041,0.06301973688938345,-0.518134
193,-0.10159655386151176,-0.43613397886511035,0.37770871103807785,-0.07028065889162045,2.0813806709023708,-0.2186035197655091,-2.244447409254218,-5.8017663989758255,0.011174977441637046,0.014925371411132815,-0.0007326952188466684,0.1607200850675572,0.03195124433557517,0.865194
194,-0.15735033821023475,-0.5473777504328051,0.39021250280429537,-0.03241555261198163,2.1617241810842716,0.014927482180823959,-2.4318112747286436,-5.771950442748505,0.006079651848272594,0.015270087958008549,0.0008325928885772882,-0.13322516791033134,-0.0077919479337471564,-0.853223
195,-0.0032834464844969657,-0.07915332394555424,0.4079186126955625,0.017785895875584386,2.1748475334094985,0.08410886611788648,-2.6196033301931605,-5.75112118886737,0.014655886221075148,-0.07999551882272238,-0.005619008314882823,-0.03672779831201067,-0.005502676603367451,0.527492
196,0.06593291829150938,0.11600586988223388,0.41763318584610676,0.042403950710113616,2.182509500798871,0.10095865646466926,-2.7782071251498746,-5.590500769610059,0.012329355266213718,-0.030681850408450728,-0.003439805217194447,-0.012452881041180586,-0.03852447156008143,0.40191
201,0.20174825567155105,0.5126913208529225,0.40248897756297775,-0.03649722620038087,2.27331488657692,0.3346475441020522,2.4649263751401396,-6.024166001451147,0.009876976978553302,-0.021872390628074445,0.006692683442218961,-0.04361768857800952,0.034581048345243115,0.859549
202,0.22709363673068655,0.5335004807136101,0.3944931929329028,-0.05361802108844597,2.280462369782586,0.32440850796078297,2.3049205410780047,-5.883058567638211,0.009999118931913034,-0.002912306158201705,0.0021619984285217164,0.004141168866159006,-0.03408278571689172,0.768207
203,0.20067043739518503,0.4397545534465067,0.3869540013095114,-0.06630697273788935,2.257253703803359,0.25133096552837014,2.090311497490406,-5.945587494014221,0.00928414621437099,0.0163864481016196,-0.00036501320241377755,0.04965387072064109,0.020634170695509546,0.498881
204,0.16086807379247026,0.33234215865269046,0.38857622580791507,-0.05874470696295303,2.2710021925556525,0.26662147634450245,1.8353885029927177,-6.148568630258805,0.006428915319709321,0.022833346581634384,-0.001508394415611125,-0.0035830707585078336,0.06887317619782118,0.195719
205,0.11004130894740563,0.21052460188104433,0.3892620419104527,-0.053608421844088754,2.2748634102796963,0.26296554854366383,1.5875592826000542,-6.314735863633862,0.00221888382559345,0.026356117929656087,-0.00167218562459448,0.008153143725411649,0.05301985580515778,-0.0362569
206,0.0546106986426718,0.08402947224365584,0.38836467490078835,-0.05181880590084697,2.2696092530838103,0.24193886482488783,1.3991540547263543,-6.222299052116218,0.002487775150866376,0.027457248254519673,-0.0010564258665906046,0.013479323351676786,-0.02704327206854229,-0.144599
208,-0.031869903142542406,-0.16613839832346242,0.3882415754394612,-0.04266742807088192,2.278683308488418,0.24044471217044028,1.0063526882942204,-6.116174012044659,0.005220732432391544,0.03719976719569251,-0.0008941927565007113,-0.005763965508811086,-0.019179638500676166,-0.545264
209,-0.10277536862937961,-0.3214199729557431,0.3881878609216858,-0.03937819532810732,2.282145939065319,0.23730048694753503,0.7905970940007521,-6.168416546486411,0.0011430507202497215,0.02766181011789781,-0.0006359352169598154,-0.0008398969944347634,0.012718767205855741,-0.792918
210,0.0455601195416801,0.04013955798138835,0.40881288394414367,0.010057085687016076,2.225232667179329,0.13299124942183524,0.6206327606270383,-6.014556127999626,0.023594768667713865,-0.07241433071847148,-0.010295920281555127,0.03848388878665965,-0.03998523937296161,0.660618
212,0.06980559498795204,0.10127086361129035,0.42204894530966197,0.04603645510240716,2.2169010510643865,0.08842732131850231,-0.08981263739123779,-7.47859842397671,0.023278632834852906,-0.007710554871612985,-0.005544945579845528,0.017712891542394082,0.2617923626087624,-0.351605
214,0.021755273338134998,-0.057468840206135866,0.4330352826901009,0.0684762559276629,2.226582164640182,0.10770255189198871,-0.4098470422633782,-6.679305806348564,0.01850652086661395,0.01922456420856067,-0.0024038310483822656,-0.0061002954655138275,-0.13666104226337827,-0.273186
215,-0.01564762447684827,-0.14261626370477526,0.43823833994521444,0.07544857370277404,2.229192606120497,0.10815220959358532,-0.4595574717074413,-5.975505590905125,0.016844847540411205,0.015242582324683784,-0.0012938566732918488,0.0005840811188830841,-0.17572847170744144,-0.283829
216,-0.07463297108527622,-0.2629360433561033,0.43592355507830016,0.06478515152941267,2.2036037051915875,0.04576848881100213,-0.6452087406782736,-5.920377928669175,0.015551576361191359,0.02318085904098366,-0.00034913271674996693,0.0392035315079684,-0.014641740678273507,-0.630567
217,0.08326313753994194,0.10388573122612699,0.4263269042406759,0.03864485575150295,2.2325492416309203,0.14977877352062932,-0.8280120221120653,-5.862187999868578,0.0143338820821894,-0.07502780376902551,0.010090990210818607,-0.06980374482188001,-0.017304695317168495,0.760089
219,0.12390931935468871,0.1995936470632793,0.4173111353515726,0.005954521001207261,2.2437089783135686,0.15595526937149748,-1.1943836172879492,-5.747669156567285,0.0130765602697003,-0.012555524293709208,0.0045011278489002216,-0.0022156259013477175,-0.021711290493052537,0.398124
220,0.11557940977133005,0.16267235589952722,0.40812884147517775,-0.016494203202787057,2.2236970100907683,0.09642544954936705,-1.321748565960589,-5.468854979569243,0.013343334440255823,0.005816691548059527,0.0017915524722735832,0.03707464257287629,-0.06694723916569245,0.315995
221,0.07262070111515999,0.05129462139785308,0.4047055301911566,-0.023000084417250394,2.2163513167187032,0.07412623718141723,-1.6509813840767973,-6.097348359814206,0.012431165774769246,0.01963717376942853,0.00018840350217663726,0.018668295713041072,0.1664689427180992,-0.246654
222,0.020785231419147288,-0.07068422283058329,0.404891770745075,-0.020834528477363674,2.2188149669118324,0.07953790829538127,-1.840911638598657,-6.038765083164643,0.008892367408694406,0.023018330276281862,-0.0003409503471920594,-0.002085865646842766,-0.014894311803760107,-0.255221
225,-0.0948998415343773,-0.4192107362655633,0.39892534789983536,-0.03226901239850141,2.2076988653664547,0.044944758283522075,-2.383196206161875,-5.750799976096816,0.0006115446995524649,0.03246686608486771,0.00023863789126110646,0.014865771095294633,-0.03785587936697832,-0.774544
226,-0.16393471891582054,-0.5595922520484677,0.40614402113278797,-0.011941852779346538,2.259773736332081,0.1710434700986606,-2.5476827957200587,-5.639409276550083,0.0004366258182514234,0.02155301877567739,0.0005405268998495139,-0.06884919315545357,-0.02589846892516201,-0.950988
231,-0.14143933351593527,-0.22784722683954056,0.42416721299782145,0.04822968810777485,2.2383228867633247,0.04773640563534902,2.7281310677128854,-5.881879245384539,0.004103725754110553,-0.01944125922749329,-0.005465376778472475,0.03383838451930776,0.025570414123092355,-0.439032
232,0.060019324600360247,0.21145998755780632,0.40918579901382046,0.011384401872788052,2.276291439554276,0.17329639830582733,2.470040460689491,-6.078875598559704,0.02804054114393162,-0.08977991039946476,0.01074105321716523,-0.07411732801795301,0.054494133894594565,0.84475
233,0.14796635745729583,0.35981031410889086,0.39505788337156755,-0.016000511484033222,2.2614416063152456,0.13847253957186792,2.2702783308010757,-6.069855805988323,0.023712173734256638,-0.034136586189086326,0.004654395630638408,0.021070136083473745,-0.006647995993820821,0.70613
234,0.15933849209526776,0.35858020943358987,0.3925028211392851,-0.019534128666637784,2.2742003559492443,0.15339015701159503,2.0223614048175964,-6.2274517122249415,0.023573543178236175,0.0002494847136067513,0.0014962926965442769,-0.010603955393112319,0.05629007802270003,0.395275
235,0.13506326718927517,0.29201313615646396,0.3957209523180997,-0.012464855210232351,2.3057790060485166,0.20380181897944627,1.6635348035396964,-6.802684895796324,0.02151672665387732,0.016089620708705343,0.0001550249094046663,-0.035607187370735094,0.18975447674479984,-0.097016
236,0.09650196233767552,0.19868056099405648,0.3939857589008812,-0.01487170184990752,2.3003103705662586,0.1858893448828951,1.4814081260983212,-6.617730392884169,0.017665701953812646,0.021324012932919967,-0.0003560862458313885,0.018301122852575347,-0.05376110069657525,-0.0356271
238,0.01907860294732397,-0.039989073054189084,0.3903795158664514,-0.020742841532350842,2.2851823536693723,0.13573915637388625,1.1465179606877713,-6.106106233337471,0.009403137501090387,0.034366716671112574,-0.0007612328438266758,0.0336843947235792,-0.0925083661071251,-0.33177
239,-0.026179858716176292,-0.14133685564573492,0.383563960452346,-0.034093508381751604,2.2422091703037283,0.03577808310315336,1.0300852590228047,-5.722331622155886,0.006510078225445185,0.01815344951617659,-0.0007177053659823684,0.06307339638980247,-0.09092506777209186,-0.449786
240,0.08973952111863236,0.12165585929430653,0.4086638434889878,0.023482185861421215,2.2191934223507106,0.011857681732413132,0.7661629354624555,-6.040470996583837,0.013344774992164219,-0.05616166640991738,-0.010452020745741475,-0.006157857181298798,0.08233693546245568,0.683826
241,0.12174301481891568,0.18316059563450635,0.4237623593968394,0.05491622627475094,2.222925314841212,0.020804481172660646,0.4981924337882795,-6.333569311421334,0.011908681134814065,-0.012248231243467078,-0.00571447063733066,-0.012011494989612626,0.07661143378827973,0.421581
242,0.10212319755995156,0.12546708334507883,0.43093897519916113,0.066996973097906,2.219923929667932,0.013192850643407014,0.02417152175214854,-7.518052075365614,0.011614474948982515,0.010511826144292247,-0.002797610809815776,0.007041281312399672,0.30566552175214845,-0.281494
243,0.05257759114405846,0.0013482885754201174,0.4367874421742651,0.0752755815224768,2.2224466087981862,0.024851811921548044,-0.2259429498641934,-7.515420425533007,0.0069740330418793465,0.022859365948212584,-0.0013180786463466987,-0.005268082828639997,4.005013580643535e-05,-0.225983
244,-0.0014988319212362738,-0.1271364541743309,0.4385393128015581,0.07371681334723011,2.2093061836590016,-0.00010887537862835223,-0.4249811457218806,-7.273263045982398,0.0027553389376450254,0.023414400684701242,-0.000706411769215709,0.01670781917149,-0.05891714572188045,-0.366064
245,-0.05036999178356107,-0.23604883911217606,0.44155755230248833,0.07498626190088313,2.2130895213515402,0.012961330919917625,-0.5633804393728203,-6.778022186871737,7.398477258576232e-05,0.01984639703978308,0.0002236346936341782,-0.008950527713003975,-0.11865643937282044,-0.444724
246,0.09515152043712516,0.14342407926606565,0.42927505002704586,0.03726370616219653,2.237164701498993,0.10761770315278518,-0.7712994687173218,-6.6925685638348735,0.024414058476097192,-0.07807165192855248,0.012280567518574426,-0.07891053839848361,-0.01985014192242529,0.819347
247,0.1631045944311667,0.3031431552463244,0.4096578154901856,-0.014332294727674139,2.1959257835918455,0.005617117422616377,-0.9499920537692237,-6.478555575405147,0.02111093517176758,-0.02729270376224857,0.005379400818373181,0.06058675473805408,-0.05331172697432729,0.674116
248,0.17250992999548406,0.30130433821344976,0.40744633502190813,-0.019288860653259347,2.218913677569636,0.06175781246452398,-1.1469169230968694,-6.386424836214243,0.02078563902281934,0.0009278046180942745,0.0025552746814794247,-0.03169019688264196,-0.021206596301972525,0.445086
249,0.1464086936199195,0.2075548162089682,0.4040690933295593,-0.02632102180208795,2.2196902719260247,0.06069123999973853,-1.3223104542511683,-6.204031187707071,0.019739889776276873,0.015426313981632855,0.0008889707608665809,0.005760471644365328,-0.0412671274562717,0.289753
250,0.08745644153975424,0.03610281410012667,0.40239085360219223,-0.028227944247574143,2.2153319458952203,0.049653676409575104,-1.6644322758942152,-6.860821546535348,0.017144982816482742,0.026739143951046263,-0.00041598640450324353,0.01321122546178044,0.15301805090068132,-0.246654
251,0.034505747234719185,-0.10686332267196058,0.40237140812172434,-0.025724300063296898,2.2129394851544175,0.047356917930201324,-1.622472103848307,-5.543242886422826,0.012942081586373496,0.024163462914639222,-0.0006750749328583439,0.0035344261636827135,-0.3025657770534105,0.25089
253,-0.05889429827358301,-0.39049882561532434,0.4018890494731068,-0.02186545884899908,2.220689425175896,0.06976929913979647,-2.0721827359436444,-5.951107399134131,0.009652280377042667,0.029977330925194945,-0.00013839074903154724,-0.007451597188654624,0.06467159085125207,-0.566058
254,-0.12457011302627877,-0.5372228355291608,0.3986254614521042,-0.028640012038761757,2.209340929088722,0.03906198101601703,-2.309303789530987,-6.128728976841802,0.006794342794776956,0.021080433302894885,0.000282166589843591,0.011661842348729579,0.038716537263909334,-0.777224
255,-0.18236254163211163,-0.6404390104875259,0.40663507736364934,-0.00615611547341759,2.265466701910711,0.17672060206710904,-2.5190590723743047,-6.1528803322952745,0.006624215117191947,0.0158599202396581,0.0005417297195564608,-0.07909481523392126,0.005743254420591981,-0.954006
256,-0.019041259781103825,-0.1778488956483235,0.4209578285284954,0.030210783043933962,2.240343011113508,0.1512498814824888,-2.717361749185346,-6.123722102381777,0.02264875469387731,-0.07860566965679139,-0.0054965835359501725,0.0013638958911497134,-0.008825095595553112,0.433056
260,-0.09107604252487156,-0.3391089664617592,0.43253783696251347,0.055090139481348374,2.2587039824068023,0.14553774677677897,2.711024483484767,-6.288482848589085,0.021958773589115067,0.010989295229510532,-0.0017719816537051791,0.00042163494427338577,0.018253829894973705,-0.448822
261,0.08931984607766155,0.1486099433646232,0.41211255115135065,-0.0017461055124939756,2.286249114630214,0.24977590248977677,2.4788031787281133,-6.373520860135802,0.003558103124555869,-0.07093933848527323,0.009998043220412534,-0.025937406370922123,0.02062785193321659,0.887379
262,0.1536357759120853,0.27817141508367194,0.39542461575614973,-0.03851931995993146,2.2535730665658122,0.1626358707697138,2.277831601552835,-6.33226927843954,0.000923905200396822,-0.025117129052942833,0.003982970861324819,0.0489937398292688,-0.01188172524206177,0.718917
263,0.16450881246335305,0.28142519884599565,0.3929119675500544,-0.04102424102376916,2.2670982531468757,0.17977977006089996,2.042019161673249,-6.426071494672647,0.0008015029588313494,-0.000560921962897698,0.0011472027223380366,-0.011080043573129306,0.02950683487835226,0.441716
265,0.11347807954841373,0.0984347054951503,0.3901751515752787,-0.04062081779445481,2.2657827749812474,0.15511562565439527,1.5704263904125977,-6.619582126900636,0.0034453397044445413,0.025150319577176727,-0.000542886592103109,0.013619728792256591,0.03923736361770125,-0.0396073
266,0.05525304503255173,-0.04183698476244624,0.38652975870636574,-0.045644458770392624,2.2478811296175225,0.11017248191286257,1.5424858065345894,-5.813531433566861,0.000719548726857585,0.0247434991231672,-0.0005894354639512933,0.02934249517865517,-0.20641352026030724,0.178103
267,0.002481351673746683,-0.15377036730942562,0.3859505453822744,-0.04353318022592088,2.248045914245693,0.10549435571670178,1.3050384855755919,-5.99590136622008,0.0011079768055856018,0.02220131331535491,-0.0004996658154006184,0.0016038574763630464,0.05008715878069525,-0.315845
268,-0.05507576880014568,-0.2677189164204614,0.383640952990523,-0.04528784082235465,2.238753633718986,0.08229352992199795,1.0540414787849848,-6.215627905003067,0.001692805457940854,0.023600903286650876,-0.00019123247747332428,0.011264160348600782,0.06004715199008803,-0.576802
269,-0.10014612836931583,-0.3480271932184581,0.38033106035106734,-0.04910348356744245,2.223517195739152,0.0469886360325006,0.8451543684439717,-6.223228182505172,0.0007346853179049317,0.016570574996105147,-0.00024190318172445657,0.01998948719163174,0.0020910416490753647,-0.727733
270,0.053966644328996644,0.03268221203470012,0.40916655230283006,0.020384662200451466,2.223649867933899,0.08332408630477513,0.6710318364398695,-6.071165842149523,0.02650693136673432,-0.08091945907897191,-0.009368044154579813,-0.05951905327122686,-0.03874116356013069,0.709773
271,0.12131161111261808,0.18930637024156843,0.42686637348769385,0.06001841209353157,2.252511474894372,0.14846399365643212,0.4698173522551272,-6.065920104334022,0.02223255226889058,-0.02900304334785675,-0.005012831978286059,-0.049551703876916875,-0.003831647744872768,0.473649
272,0.11968087372142985,0.1701053011460456,0.435463911286398,0.07596712938810168,2.2568974070039163,0.14699610554772813,0.24444656989658498,-6.17587684750265,0.022250893578528698,0.0033799895632276034,-0.0029531202699253356,-7.391402928558222e-05,0.02670056989658498,0.217746
273,0.08722621837468775,0.07586301669079301,0.4399446095587466,0.08088921547446803,2.2555702724724425,0.134616465913276,0.0670078606186082,-6.0392013620708065,0.0208894917467152,0.016357081443177268,-0.0014391663465920246,0.009987885223903703,-0.031294239381391975,0.0983021
274,0.03269219172663295,-0.06718385535913468,0.4420216720641298,0.07952189878312095,2.2512706096547217,0.11806929887527094,-0.17499310955860503,-6.2344702290518725,0.01831941258513168,0.023977573811122088,-0.0005169426116098386,0.012847991935216907,0.04712089044139489,-0.222114
276,-0.055920388988196804,-0.3339396742204731,0.4385072028111187,0.05408872639023342,2.2101262621253017,-0.007453819870268566,-0.6020287329353375,-6.290275554563171,0.011557958657801199,0.028625733929093844,-8.549373802990701e-05,0.053948217882589855,0.010541267064662296,-0.61257
277,0.09690133708236479,0.1165545455653097,0.4267371605465985,0.01584462794194405,2.2385761232022,0.1100898069589106,-0.8048171248292517,-6.2616173863647,0.011286543782896188,-0.06981927406012911,0.009550530666966761,-0.0580761116950983,-0.006229798034355305,0.772209
278,0.15539383478717447,0.2550729030353624,0.4146486274698414,-0.01589187891780945,2.227837462732835,0.0791279789748417,-0.9796125967657581,-6.1116030613229135,0.008768349431100494,-0.023192343692523654,0.004361646959928134,0.015557958500412195,-0.03768426997086127,0.628868
279,0.15903063274858298,0.2430828697343099,0.4104745240013387,-0.024906668022757286,2.234295340408851,0.08845277740981644,-1.1859065503721502,-6.123131433538433,0.008704481678658968,0.002162963477636115,0.0018124659995084613,-0.003774236233833328,0.0029887764227463087,0.381901
280,0.13008540741606323,0.15213706944304778,0.40487600248013234,-0.036349618195132716,2.217786223946664,0.04414928772796459,-1.3498908577055146,-5.940591689211239,0.007689571685880443,0.015146314335920064,0.000346475099997523,0.031205322954700243,-0.04585353091061828,0.266759
281,0.08960941871201755,0.039426555082542614,0.40466796988967113,-0.03386071552583743,2.219713905445621,0.04904322266460003,-1.4876405472462584,-5.661003406642259,0.005661779641064462,0.019405451001967222,-0.0004865499208333013,0.0005431302056746468,-0.06898522045136168,0.152141
282,0.04084671427579494,-0.08591487009798596,0.40272533526927695,-0.035654451179924634,2.2084850619872567,0.021989488235127495,-1.7348919972499455,-5.93644249541728,0.00360113072673155,0.020839806629438407,-0.0006880549846099981,0.018271924637808468,0.06717732954495093,-0.231273
283,-0.01811799750034916,-0.22812541194260044,0.40313197771501613,-0.03165166271721001,2.2114177338852956,0.03364576736698171,-1.9351007924473231,-5.9472530223200355,0.0001647141802381762,0.0240201185506681,-0.0003818909916795121,-0.006846813341342628,0.0026845343475736527,-0.366989
284,-0.07107413860247616,-0.34492727591805206,0.4074258929954527,-0.018433703052849894,2.23857397065411,0.1016405457047847,-2.0999852942599024,-5.7869097255877255,0.002112738217552108,0.020817432123346524,0.00018818587787094998,-0.0453584999354848,-0.037890967465005865,-0.491298
285,-0.1231354899617037,-0.45036469801913737,0.401552226144079,-0.03158830775200738,2.216082222828567,0.04163382647333322,-2.3093943984623984,-5.866621504076245,0.00020316721509301174,0.01812106451479778,0.0005084411626219421,0.03168746142081913,0.018753928332498226,-0.757352
286,-0.175516669283401,-0.5484783449190751,0.4070105744431794,-0.015470052216902164,2.2610246343338605,0.15041390856123993,-2.5052869437445304,-5.8683146762496845,1.6720979537797922e-05,0.015206489134461876,0.0007339415039853137,-0.0657799888454984,0.00037638305036624686,-0.934867
291,-0.12789247700164671,-0.09452980914268044,0.4224202804005665,0.04774588093342494,2.2195783986280015,-0.037754078587202644,2.7312679899528547,-6.142304278127799,0.005202767882327522,-0.01954963078932792,-0.004766159509701495,0.04183849737273038,0.0219223363630614,-0.432247
292,-0.1317032232227687,-0.0961521501373729,0.4338181316638536,0.07224799051853822,2.248118145408295,0.035870740553696184,2.5956924583337955,-5.903042669093274,0.005338979370936973,-0.0005410677971240396,-0.0014123186365693208,-0.032523382543040213,-0.05786319525599781,-0.488037
293,0.04646547931375081,0.2554140634566966,0.4086554568423338,0.01438095802599186,2.230539530532587,0.043545324656348576,2.3667174639402493,-6.012089045074839,0.02995140443675037,-0.08590574841546861,0.013777748384220523,-0.02736348460889282,0.034978137145352584,0.760943
294,0.13020928960834405,0.3991255475349608,0.39415546541622115,-0.015065541907618052,2.2315567909182668,0.04870685036712642,2.180676046556191,-5.960878110993001,0.02483109911301172,-0.032562246849049625,0.006595939164098397,-0.004869719106636694,-0.020526280238705397,0.630406
296,0.12282319273106057,0.3125811753231561,0.3909998991918796,-0.02105308254620718,2.2550105281583526,0.09935105402908392,1.7758302054946817,-5.992639268384782,0.023256951834839144,0.01314247025079096,0.002099863826883208,-0.02146959670035775,0.007924878699784976,0.197109
297,0.08177806219634157,0.19798694442755646,0.3900725755649634,-0.02162243210378055,2.268728245150118,0.12624276590008868,1.5989301965511808,-5.898039785330198,0.020226396834364977,0.021910857185925448,0.0008031872352645131,-0.012531498569863686,-0.023781030243715584,0.0519149
298,0.023546529306725586,0.060252619659739104,0.386126462438916,-0.028286377277488544,2.2557811924630387,0.0958530201089425,1.3442316702727108,-6.136991630053251,0.01647437587610502,0.027337702063987113,0.00011829414854691578,0.02397133313201838,0.06843634347781435,-0.295001
300,-0.05946711029536752,-0.1766195686231317,0.3824549222612092,-0.032446043002985224,2.241718325615414,0.06058223871835115,0.9194181182629562,-6.207476845313309,0.008349386851309827,0.03209887017016699,-0.0003418224567175443,0.018186811670069414,0.014444791468059659,-0.665823
301,-0.11661234548704366,-0.2975324729316164,0.3840676663564673,-0.026252621711303017,2.2539044191594755,0.08899964000244243,0.7399011094699013,-6.090246128751513,0.005051031862799142,0.02180635475461079,-0.00015574159131226395,-0.020325031807766347,-0.028827217324995047,-0.802068
302,0.04030562065561158,0.0692187226089348,0.407664059917729,0.028244796383776558,2.215379259075776,0.03893966198454441,0.5817250097911768,-5.900411997788315,0.022283328322392295,-0.07441427573199544,-0.010010908509290317,0.007243359738713373,-0.051576990208823226,0.633302
303,0.09910625366335435,0.19376551746727852,0.42423504804698914,0.06267773055716,2.2296206643317236,0.07224000106405457,0.3897615293870347,-5.881271279731686,0.018506399769045254,-0.0242851856834152,-0.005411860428007564,-0.02897171086899064,-0.007042470612965257,0.396804
304,0.10072910225455708,0.18282594608722968,0.4315892462856801,0.0745948598640827,2.2280616373489073,0.0634589741172403,0.2188240502388612,-5.7701058195063,0.018565175111563234,0.002138486829320385,-0.0026207417191077553,0.004613770920956384,-0.029017949761138695,0.247842
305,0.06643976893141416,0.08898195660964194,0.4323861315583738,0.07101760407904928,2.2098087937453084,0.019939970984393367,0.11823553856072522,-5.350004731531665,0.017568022056460818,0.01735710887190134,-0.0010701023026524759,0.03142193592405684,-0.10550046143927494,0.223736
306,0.021631512593110663,-0.024809260526788487,0.43716207029829474,0.07653787951418489,2.220801801970998,0.04602244951845251,-0.10575465749446389,-5.561209377571411,0.016011519605873343,0.020573444859152357,-0.00020887791785817456,-0.014918910591308787,0.052885342505536226,-0.15864
307,-0.04040224861285545,-0.17376204437014414,0.4382739086084969,0.07324629074796897,2.211986928319088,0.02772213199410957,-0.39331360136438276,-6.046056052840678,0.012699456859896414,0.025840242766491883,-0.00011134070558815878,0.011514311989867743,0.11770639863561705,-0.51102
308,0.10450157161368333,0.20039221674832902,0.43181995112026494,0.049457328785630555,2.267096279533582,0.19046710960120938,-0.656164645981069,-6.343403267250092,0.008427406305519887,-0.07262528906005672,0.010272873122225246,-0.09674868690688632,0.07120468081382736,0.843427
309,0.1646658476339839,0.33609517510253706,0.4124852429665063,-0.0021131929980432312,2.2119049370939527,0.04716579767534046,-0.878340674546549,-6.3938905639402535,0.00583324969219421,-0.02421789343234959,0.0041669126034236115,0.08463361307353834,0.011185652248347555,0.68127
310,0.17149422457730962,0.32495615058100263,0.4090280942493358,-0.01091592460494816,2.2205923281662834,0.064881356961165,-1.1076257366784938,-6.47306578532819,0.005664234718340553,0.0019883883060778373,0.0019524144190845583,-0.008607384239078364,0.01843759011640289,0.444733
311,0.1446721181960776,0.2279384734142436,0.4061246689802404,-0.017382237466239764,2.2189805319017237,0.058879779139462414,-1.3157639450543652,-6.4368395228651165,0.003990425257813667,0.015566539286167913,0.0006313682725513914,0.008709145409001806,-0.008139618259468406,0.263172
312,0.17009396464428098,0.2749002433126006,0.3608723609406227,-0.1279402473124352,1.9553144175604604,-0.6108688744951045,-1.3762265275318177,-5.686344581651361,0.00951322900339011,-0.012951554319616143,-0.0016214848985569574,0.3852878994542548,-0.1729522007369213,0.367522
313,0.09006299772264266,0.04046016231105967,0.3748379097528749,-0.08241527276581698,2.0450413367795215,-0.3268314075035186,-1.6662152619527753,-6.175198669393217,0.005215694707305487,0.038687962621526406,0.0002393336594921358,-0.14742071269803247,0.11398706484212129,-0.209406
314,0.019161189925190933,-0.15184806939244386,0.38815823913239333,-0.04184137329176645,2.121828889228508,-0.09574305173195533,-1.8515773502753303,-6.075968329861791,8.370036647905015e-05,0.03442483406585817,2.5511783676712696e-05,-0.12871308006042792,-0.022845023480433824,-0.257936
315,-0.04644533263218939,-0.3143170671575656,0.3945245339268671,-0.02213776143608994,2.16159605987761,0.019529415585908635,-2.062007491066833,-6.115003990164036,0.0032611203045432927,0.029054262253964236,0.0006603266326856705,-0.07211479172062552,0.00871683572806381,-0.499928
316,-0.09961804984187733,-0.42932363260129364,0.37550782294253127,-0.06855834794375132,2.061606666846167,-0.24415439718768323,-2.261416481771964,-6.091311197546052,0.007709947212872534,0.017279625297508705,-0.0002861347949800752,0.14701733068493428,-0.005698828182171045,0.885875
317,-0.159378232510901,-0.5516626449080905,0.3938723897934638,-0.016163333340086176,2.179581815918458,0.08591981784642033,-2.4559678625432255,-6.050782508545027,0.0030128802169490003,0.016988854463576786,0.0013752336563066514,-0.18794752070200182,-0.010151535748328833,-0.87502
318,-0.0050903125110161596,-0.08183687950976859,0.4079873262925584,0.02335895933158281,2.1708467519751964,0.09439126218888853,-2.6262737371915903,-5.899478746566718,0.01841818029818727,-0.08076087614413652,-0.005138941217087911,-0.009990328600870235,-0.035146083601797606,0.550465
324,0.1855177548258017,0.5800648088709222,0.4111176185601819,0.010861516265225211,2.355353437993506,0.5902945304770926,2.4555345840101017,-5.9774646514617675,0.012637980035854458,-0.036444294556695844,0.004776545699547441,-0.07485158008979109,0.00519225721520522,0.879546
325,0.2168046339504746,0.6078700188640006,0.3949772247778145,-0.028291902810166816,2.297742750398527,0.4062033492660315,2.288370828341022,-5.876896403867508,0.01333174197829084,-0.005163261555005683,0.0009721265324520445,0.07706784881524475,-0.026050498453874305,0.743625
326,0.16437138399951362,0.4641235913414855,0.3967428553991394,-0.023000976545830533,2.318459936213623,0.4242988965526646,1.8061620365481783,-6.77113639492517,0.011396099599053286,0.028453421220535624,-0.001224466303578975,0.003146921241415246,0.31715090975328186,-0.0817852
327,0.1316031447813409,0.375117907030235,0.3966961724285659,-0.02189463264651928,2.318829704773069,0.403604300277867,1.5461525400917342,-6.887819447409914,0.0073805665210157885,0.01956981030672278,-0.0014060245281668493,0.019755001776874614,0.04281761329683764,-0.0674614
328,0.05559249512868113,0.21169329020722602,0.3925952744001616,-0.028337090571430378,2.2950893331321955,0.34422570495091065,1.3342132197035106,-6.821884498128211,0.000160403659415608,0.037471048312790245,-0.0012994605356562161,0.05297646454679317,-0.02142210709138581,-0.215161
329,-0.010328866871533199,0.07164606851245045,0.3866496642610839,-0.037891826697351944,2.2592485989601077,0.2621472348613699,1.0913706010816888,-6.882498976843988,0.005595420805641843,0.033526860311378304,-0.0004271030379192631,0.05541541890549384,0.017947274286792325,-0.497373
330,-0.06984564941603652,-0.053494424808971375,0.38324864476069953,-0.04205969619307594,2.243679995355969,0.22122821387143327,0.8734919917808304,-6.833043140034147,0.0007257315677716945,0.027462745179507753,-0.0006044350041469748,0.029335494394746142,-0.013187335014066104,-0.684117
331,-0.11755502474890692,-0.1513157002603076,0.38407342685810847,-0.03739798987401056,2.253979478530447,0.23095716562384008,0.6940705811745653,-6.614711017481362,0.001921303918233249,0.022126000259453438,-0.000349293160363473,-0.012917374643459212,-0.05697774562033109,-0.819748
332,0.0350271047293047,0.18665134944437484,0.4077377268587601,0.017696636633730806,2.2211142436236067,0.17901873984700978,0.5286655241612332,-6.356299326877407,0.022507226007231467,-0.07105821688216984,-0.010431072855991097,0.007671831867687384,-0.06476547583876702,0.593431
333,0.09066980001640393,0.29895208416497915,0.42471992865611785,0.05507391467886446,2.238114793610616,0.20778781339721508,0.3201712813473332,-6.341375452865209,0.019371535584759885,-0.021257394898930748,-0.0059540952858880836,-0.025802977258032822,-0.0054767186526669676,0.325648
334,0.08984283829838513,0.2732929771739075,0.4319906647295221,0.06813187055150445,2.2344027696997184,0.1834405544513905,0.1458697795485535,-6.164574521738356,0.019493088288848742,0.004655370199321052,-0.00324383428336672,0.014653539542631044,-0.04164222045144639,0.187512
336,0.03486331943988512,0.04698620682146498,0.4374125334547631,0.07134890048658153,2.233758193074477,0.15615000643283913,-0.2369714995516481,-6.018550986288176,0.015538617934777486,0.025930723280100487,-0.0012957641689919086,0.016979111396949964,-0.021493499551648032,-0.215478
338,0.1715436799626085,0.4578463569449169,0.4333027784723779,0.040399188123074754,2.308540964933084,0.3623855647775832,-0.6710343751624501,-6.176386660809679,0.0039146572865805356,-0.04597732221985451,0.007815738298319275,-0.07491817243988486,0.025294951632446327,0.874467
339,0.21316030824056184,0.5251402063363355,0.4227268448462917,0.010303126192592986,2.2879535296436444,0.28229423828155975,-0.8648905975461472,-6.124582791665537,0.0032482410654559907,-0.011574026197918474,0.0024830396651207565,0.03954960277890507,-0.012138270751250513,0.718044
340,0.2591222256661006,0.591340540717445,0.4328408890997579,0.03291064689860172,2.3543827754112336,0.4141957066396802,-0.7842354643361413,-4.955561789047028,0.0028974689562641007,-0.009747682099253474,0.0005896468274602107,-0.08356758086131277,-0.3182791375412446,1.10484
341,0.2059744854104438,0.4258601446849043,0.4225891333038538,0.007425132093532988,2.3149265293281616,0.2952743151183481,-1.0928288227559442,-5.559452378994701,0.0031475886819155815,0.029112409280462437,-3.095970429534134e-05,0.09011466048584538,0.16761750403895226,0.31035
342,0.13831434726205433,0.23920907601129426,0.40685179434727686,-0.02824324059895548,2.226733505887092,0.08031070775490642,-1.6100852349120713,-7.007022497554574,0.001154411021416407,0.02888912096495888,-0.001267277695557567,0.15094878755017316,0.3902110918828252,-0.4295
343,0.16830197191413154,0.2921718725242826,0.36380338163985715,-0.12309027070622047,1.9728972887794225,-0.5087002264535287,-1.5521352779163962,-5.693174524996138,0.0076374794171094485,-0.014484251703328344,-0.0018067610174532511,0.37921230450107046,-0.34041395112149964,0.359075
344,0.06229664827013699,0.015918939074855032,0.3778343819656415,-0.08153042773535255,2.0643434904126843,-0.24911976461926777,-1.7921066800945966,-5.926146992850767,0.0014398309835372217,0.05021740259850738,-4.7818869083560145e-05,-0.14550136116097034,0.059653646700299934,-0.280964
345,-0.03996709240436375,-0.23668627076217852,0.36418384834123596,-0.10676101413838476,2.007684754229837,-0.38261735674793484,-2.121775736789801,-6.549582090691403,0.015119616641091635,0.04130100653789093,-0.00047572087497949056,0.09128703819255013,0.1512069167999921,0.86861
346,-0.11406125362715792,-0.402349468752609,0.379041399554859,-0.06317989513722555,2.0980707134314844,-0.11755829110205501,-2.3563407286211038,-6.624806726501571,0.0030926808594949565,0.026799021604273943,0.0007565251149261876,-0.16521058005846312,0.01746259817379281,-0.803007
347,-0.15872422481377935,-0.4828316128101826,0.39141288250773754,-0.02826132008235884,2.1731880836385544,0.07596893595290116,-2.505855910479327,-6.282813247808602,0.0011238660246166393,0.01314519042155693,0.0001014041850391223,-0.11968700627514517,-0.0806095836844305,-0.85445
348,-0.0014704488164473117,-0.03429773728024005,0.408580123715052,0.01799038366129093,2.1785721351850165,0.11970051202766649,-2.6594574724847275,-6.014692772643218,0.02224844147480785,-0.08095140741771445,-0.005041636259002669,-0.03762527641441871,-0.06245281889493448,0.544588
352,0.1647635640128715,0.5615340613321933,0.4016086514706619,-0.0201660524925885,2.2868161153251934,0.432334545369913,2.5612521382674585,-7.163096300019401,0.01232288166430212,-0.04211526732513393,0.005763464741872504,-0.06630450429650159,0.11054381147256187,0.879912
353,-0.01453131478536382,0.026832692384738177,0.4210572764086535,0.03199883224118408,2.283131390259663,0.430599767216925,2.3524655956320943,-7.049255424298154,0.014980823999207837,0.07604359672620742,-0.0079383127621373,0.017508281150931282,-0.02412905795769893,-0.764998
354,0.07868354646009473,0.23199102897290938,0.39923319771530563,-0.01985527249058261,2.252112694221206,0.33516525162704813,2.102705634381212,-7.104692272330114,0.00976060550330336,-0.03754982108264571,0.00581511269423407,0.06536511850179316,0.014589307586315492,0.51732
355,0.09776270595999356,0.25605374233685513,0.3898040674343442,-0.038539558680177194,2.2387372896244586,0.2817989821078385,1.8851893732592275,-7.031973183624396,0.010296862340854489,-0.005037178205452797,0.0018473420479390157,0.03538915252990771,-0.022685953535669157,0.337079
356,0.05434724542012883,0.14611968662577468,0.3860351371277617,-0.043787482746413336,2.2406057322056605,0.2677664805275703,1.6963468228532985,-6.844771715741378,0.00901789476038358,0.02243412371156328,0.00035950080526969685,0.014156309957256141,-0.05503150394159784,0.180582
357,0.010847849954036835,0.04137621944921911,0.3855942282339844,-0.041616496527718184,2.2503892860853894,0.27238214894813473,1.3982929836582239,-7.14511264489235,0.007111787164038221,0.020993482948752362,-0.000386963067465107,-0.0018080545985648122,0.08451865686332738,-0.257022
358,-0.07387859455584304,-0.1513196180222406,0.38537514150144764,-0.039105106892642204,2.260659711829469,0.2824403406542671,0.9931082649615384,-7.893306832685025,0.001952696294421713,0.03747052410457208,-0.00020196096558544596,-0.0076441472511068476,0.19811293816664177,-0.775801
359,0.05937795655216008,0.16454979390076946,0.4098876722306062,0.020151927073851994,2.2396079714944284,0.23570204636561665,0.6916910116950175,-8.069002052615405,0.013646240934518545,-0.0669998288887883,-0.011462842782311355,0.011376376034408331,0.04444301169501763,0.647248
360,0.1123450797721817,0.27703414368425827,0.4218016564870577,0.047044711138321954,2.2246378928447657,0.18462522116683244,0.4441459947427062,-7.969620295801063,0.012893478299872365,-0.020523515091657618,-0.00640079218518963,0.026275251935817145,-0.025510005257293855,0.469656
361,0.10366940664153369,0.2338648706764629,0.4300451582825451,0.06333945392807723,2.2241631323264492,0.1695978536482969,-0.049346539908940557,-9.057946809473119,0.01258194073528489,0.00700878638937974,-0.0034725178471335383,0.00960218929654566,0.2602004600910597,-0.309547
363,0.04377718984930008,-0.0012669359415622417,0.4374730531402425,0.07335455875544873,2.227811972258029,0.1646304789802485,-0.397514327133091,-7.755949498880163,0.004872752256440659,0.027104079736681275,-0.001667167299074901,0.007750367486134557,-0.2067763271330909,-0.190738
365,0.17718798914613326,0.4143199950627961,0.44032458119923396,0.061601393341615185,2.3410316060871135,0.47805754560317837,-0.7630013206256683,-7.054698061404686,0.005899099778485308,-0.04792602773235677,0.008868570273789178,-0.12541554257450294,-0.11024599383077183,0.918041
366,0.22692327368913023,0.5068540039284045,0.4329691990803226,0.03747987817700289,2.3428591302521165,0.4445925596908235,-0.896584467577668,-6.627356393362174,0.004674362590927634,-0.015167986588735083,0.0030298919364768473,0.01418279878208173,-0.10151114078277157,0.775723
367,0.23265392821840414,0.4808032685150015,0.4176121579993597,-0.0012368525500389208,2.2781541667194065,0.2588301885507466,-0.994455024775525,-6.122933589917422,0.005327408823935689,0.0017896964283470318,0.0006868169236557975,0.11198985617254431,-0.13744569798062845,0.713787
368,0.229010455329978,0.43612775040410534,0.40457049808006507,-0.03057677443277226,2.2171952126281815,0.10161655527672672,-1.059153128339915,-5.537316784883994,0.005753125915663991,0.0052523500340786455,-2.772495666025776e-05,0.10237592257372707,-0.16249580154501864,0.674139
369,0.151469062364618,0.22515099016430185,0.395258541448534,-0.04908703622087288,2.1686779796367226,-0.01257922110792678,-1.6027808218470991,-7.1029018391819765,0.004860234118887264,0.034644537354617366,-0.0012703955098758435,0.08985405196425233,0.4223505049477976,-0.454335
370,0.085774409886903,0.05509247024764399,0.39696889481879527,-0.04135355440655565,2.1738971125920776,0.011446992422917274,-1.8269590293991664,-7.046832259307188,0.002018788669006139,0.030695198519091527,-0.0006785202328898343,-0.013911174341954435,-0.014206702604269594,-0.241956
371,0.02409991282506689,-0.09647485106048725,0.39858739570773577,-0.03430070198485924,2.181693881043018,0.03661787924074144,-1.981963174605844,-6.677789171345081,0.002790265578621132,0.028862339322153208,-0.00023896121973443485,-0.01917727442589845,-0.09238584781094739,-0.318781
372,-0.036774457965086084,-0.2380469319368635,0.40183878867751327,-0.023957180233670772,2.2063856687667798,0.09636261550076991,-2.107915064108719,-6.219665866566996,3.637693187708837e-05,0.025879356063876813,1.5875081883720554e-05,-0.037329887915449333,-0.11124373731382242,-0.425875
373,-0.09514793606918803,-0.36440477804284066,0.4039207685847021,-0.01709425879668895,2.225900190792865,0.13765194437961756,-2.2698149681954236,-6.003764688788875,0.0015179903798437238,0.023248656837531634,0.0003481364618704852,-0.029761222579139712,-0.05155664140052707,-0.647462
374,-0.14233864640942526,-0.45358536166442476,0.4049693996169404,-0.013251087759763747,2.2422978048441116,0.16721933949285617,-2.411661449613142,-5.724401535781608,0.0007402509871763042,0.015327306126742712,0.000370194641225563,-0.02050360312812005,-0.06571012281824551,-0.775155
375,-0.18748321311872812,-0.53066587797796,0.40940165450161337,-0.0014122356805195968,2.278923110517382,0.24261249379306027,-2.5736447417972603,-5.583138533923328,0.0008225438854374688,0.012285935901087175,0.00043772991675794515,-0.04756688482464577,-0.03291541500236361,-0.969933
380,-0.13752327364085773,-0.08439697495781007,0.4280237948279974,0.06399421423942836,2.255471486372882,0.062191206539497806,2.7336324619493286,-5.765681795023914,0.004196643617472786,-0.020294081984845835,-0.005171490686061375,0.043004091284452706,0.01457180835953542,-0.422532
381,-0.132825632498477,-0.06556906398568729,0.43553449295390656,0.07747346173809785,2.2591352106929317,0.06608184519532297,2.591422741880761,-5.593420350542022,0.004204508891084885,-0.0025256127997401734,-0.0016955018965267854,-0.0023930694649676454,-0.04165891170903224,-0.508511
382,0.05925482605056018,0.30567790772567033,0.4219937113931387,0.04448714702916911,2.310297235449105,0.210510210989851,2.431283661060606,-5.503371617473949,0.02919687208617414,-0.09481219048374623,0.01404404590754682,-0.1082490585150726,-0.029268665734290877,0.889756
383,0.1325434056869397,0.42526723377100656,0.40062459672919926,-0.0007870740019719213,2.2678759584516635,0.11529425602538165,2.215606499764572,-5.6195463785864055,0.025005448476236765,-0.027567222390572077,0.006098037884031626,0.0652343374036306,0.03545417296967557,0.609356
384,0.15378609812359556,0.4386166933718911,0.4018410295651395,0.0017881287263552047,2.3136389445197234,0.1986820803297366,1.9672603723457263,-5.857054759575918,0.024347071251095365,-0.002716110211939071,0.0028123268928426093,-0.06089116797914462,0.07549404555082972,0.32097
385,0.13275546437510935,0.36560618061668304,0.4004781725235872,-0.0010572627361024123,2.3250703442134193,0.2101768370723569,1.645043584071022,-6.386915931366352,0.022771324222198297,0.015347821806290796,0.0008503250921316763,-0.0030652060821236837,0.15603245727612558,-0.0817852
386,0.10674907221718756,0.28363429248516225,0.3942216583808648,-0.013835075581627148,2.297329519305382,0.14200729098952877,1.4044137896038666,-6.506681360527101,0.020211745878964734,0.015436007334445723,6.429385208317484e-05,0.05232602690363297,0.03378846280897019,-0.200171
387,0.035120522506288526,0.10212152266403587,0.39066856672964767,-0.02029805146562433,2.2814468871927036,0.10728771257438047,1.2337562100059358,-6.2947650092897165,0.013668382595369795,0.03493991808898089,-0.00017337821863883107,0.029261728559258682,-0.052626116788960786,-0.284414
388,-0.021215398692018474,-0.036068646639208224,0.3856339811898141,-0.029713985870938188,2.2528520094424156,0.04295459964411946,1.0622995847288266,-6.114906022123302,0.009493098352329248,0.025842752191855833,-0.00036744645652975194,0.04350708434999806,-0.04366574206606977,-0.464831
389,-0.07889412882491878,-0.170841847191019,0.38116055220509665,-0.03747705450370927,2.2294244049383187,-0.007917183563162261,0.8617565272282652,-6.096330695215753,0.006032422831312852,0.024617751304180313,-0.00013162129425348112,0.031194478502561296,-0.0040637995666310545,-0.704976
390,0.0697581107912708,0.18918588314698978,0.40998147019228276,0.034823018623394535,2.2280583425576266,0.024873741706987154,0.680691721519056,-5.992968305197905,0.019110609757732315,-0.07176574119476165,-0.009898007352660887,-0.048680145730559676,-0.02492527848094417,0.705617
391,0.13788664813704432,0.3407001970079597,0.4184974259697157,0.053456281427483966,2.2016878005937093,-0.034692830784451956,0.5570550341993279,-5.626805322363006,0.0158555107667536,-0.02629044747155529,-0.004880803410539425,0.029029449021650056,-0.08771096580067184,0.644766
392,0.10761548038483648,0.23608070373805834,0.43057082424726273,0.07895828933529071,2.222114736050316,0.016869505178625906,0.09573775862078593,-6.95167057995941,0.015979218292544006,0.017567702145556918,-0.002999462145969911,-0.02629609299840663,0.3080837586207861,-0.212346
394,0.03812350939855079,-0.03745621784195419,0.44118141844638004,0.09502605762923716,2.237933957059144,0.07768603941353813,-0.27097457757592913,-6.458130852838922,0.0076896004599461415,0.03026635058513083,-0.000861677950596107,-0.019307399307170403,-0.07626257757592914,-0.194712
396,-0.05128433736092679,-0.3129907231729904,0.4391739613224361,0.07057066493918226,2.202045675331833,-0.02599744733177045,-0.6479991064932404,-6.206058970079415,0.0009837861895129092,0.02803872089788717,0.00018164629120898113,0.04114594739581001,-0.03920810649324036,-0.608791
397,0.095061290835577,0.10104724619358324,0.42407466411166383,0.024334101014601192,2.2136632276528756,0.04375263706509264,-0.8294317245948553,-6.101713174718105,0.020917453958459124,-0.0702280776337747,0.010900824401720577,-0.049920164945205237,-0.02402839779995869,0.765393
398,0.1294950179353169,0.1752016830154962,0.4153140218359139,0.0014929049961048858,2.2290179063573445,0.07906683541969214,-1.1090384316871034,-6.41589545136139,0.019225987953932842,-0.013109859748108743,0.005257712509772361,-0.020023503083490102,0.08467089510779324,0.377087
399,0.12172618546011804,0.14374051195452958,0.40744408795458625,-0.016732830045325817,2.2191887859587953,0.05084161310149145,-1.2988504234262952,-6.3127206518488235,0.019192661272096578,0.0056631325940750266,0.002299248985826008,0.020445059247244934,-0.028259096631398695,0.300205
400,0.16097937902422066,0.22353573275591293,0.3577845790224662,-0.12769590258359642,1.946126583747981,-0.5777139442618692,-1.3511972553029092,-5.6249609517472,0.024444632407746296,-0.01759377778486071,-0.0008954921474617628,0.40078786283639456,-0.18595992850801313,0.405559
401,0.1055150441010355,0.07480128551460163,0.3746721938859765,-0.07970351383458094,2.056402057558466,-0.27845371529725427,-1.482425841491192,-5.370551607023508,0.021737777380659174,0.030036655777367027,0.0007476101133319091,-0.1804209620127355,-0.06377051469629524,0.152141
403,-0.002937437750587843,-0.2817345493054457,0.38716586266297615,-0.03067453832298092,2.140735577433981,0.0211486101456706,-1.9221548382149864,-5.770048232759685,0.01593678480096429,0.04526432660992086,5.5709079181731624e-05,-0.12326653121693942,0.06954448857991036,-0.420903
404,0.08358845904009189,-0.0239550824380661,0.4053954769059936,0.019008486872489266,2.1583273552146087,0.0874786573682456,-2.348073944265125,-6.824045870536925,0.001672719543903467,-0.04181089243657965,-0.0062832964130055124,-0.03316718764862436,0.2393367093246681,0.554182
408,-0.033321884663978424,-0.38900600163983895,0.419254155443383,0.05536742879017104,2.1739927923367466,0.11016625506491426,2.778013938095598,-7.844740529822071,0.0038068286565194863,0.02654347507767607,-0.0021253671891128256,-0.008082064804428857,0.1117012845058043,-0.47528
409,-0.07587880156062365,-0.4602631672146067,0.4245671477774042,0.0638433841616534,2.1838855286542067,0.1292302879402972,2.5898820300148984,-7.577624870381296,0.001367804458880849,0.010903752322597438,-0.000652123736106347,-0.011330883582907791,-0.06602462357489491,-0.485686
410,-0.10995187849229383,-0.4993375710047404,0.43371285886276695,0.07889780151397266,2.2256969477057633,0.2101282261233986,2.4869656849567434,-7.048667079478619,0.0008604096360698651,0.007721986487649435,0.00017514942672658407,-0.05173911451286539,-0.16658996863304987,-0.488037
412,-0.007712332179257403,-0.15444987412310252,0.41394284443853835,0.015907575697722887,2.245415853622344,0.2553663884045949,1.9073801613069143,-7.504877581467562,0.01741416614045348,-0.054404887543395564,0.01258755601249284,-0.03303041715828847,0.10075883451201761,0.235825
414,-0.05340498495064374,-0.24723470138292147,0.3936427040739705,-0.038570253515750115,2.2315240215953773,0.180326151763743,1.2265522153235917,-8.263431105207708,0.017457633157639176,0.01269957026601043,0.005384847721197961,0.040637428557699806,0.15185988852869503,-0.496104
415,-0.1030045691669553,-0.33765459941683507,0.38652328545501397,-0.05133684043642804,2.234214464600612,0.1765831797686796,0.9172818522413468,-8.395809128327103,0.014861712303341233,0.016968715832975434,0.0023292432209900404,0.0016030996898397376,0.03669652544645041,-0.690211
416,0.058885208420001264,0.019567326760856762,0.41179129008241855,0.004252230858652138,2.2369955702642237,0.20283380799306508,0.6837878530198802,-8.213108089123295,0.00931383391245124,-0.07641366449143039,-0.010386684728663997,-0.022619355042171385,-0.05571514698011981,0.739503
417,0.13720136118781295,0.1786185756066994,0.42415773769314347,0.02930773912141704,2.2371445763827067,0.19400627776805685,0.5353550638413749,-7.702141933201747,0.0060647722065766425,-0.03404104630330229,-0.005593772949666231,-0.002160763772954155,-0.14973993615862513,0.685095
418,0.1430610758631646,0.17846960093023512,0.43660783678307585,0.053214205631129385,2.258512829218438,0.22452383884127536,0.3021766449957122,-7.602044364714206,0.005892507725988913,0.0003841718133834604,-0.0038361251626439774,-0.024778979566611348,-0.027818355004287643,0.329995
419,0.12132995220250598,0.11816341269351908,0.4385284239475307,0.05384855512109589,2.2430805714646715,0.17750771346173155,0.12902616929428135,-7.2404524964584045,0.005196774800046819,0.011697490769752683,-0.0020815370202535988,0.03489763842672433,-0.09508483070571883,0.224111
420,0.07495203770251113,0.00503477470830048,0.4388481329647635,0.05091265022247191,2.2276208683581142,0.13449614481570257,-0.12802402068843843,-7.313573386774184,0.003216012346684387,0.021173357497991763,-0.0012637343926780176,0.032779293019275624,0.018803979311561747,-0.146828
421,0.021774657518612413,-0.11890073899798842,0.4412161928983283,0.05257905276094226,2.2277595686897307,0.12998490887648712,-0.28963444634272895,-6.928001990100595,6.117418606111074e-06,0.023283539036604406,-0.0006071114814103495,0.0043802286729945905,-0.09423344634272901,-0.195401
422,-0.020130277427546812,-0.20920659347953002,0.4276885067825873,0.017708515586733545,2.1496964034833637,-0.05370226827217048,-0.5339813791754482,-6.989575303786495,0.002557282728606474,0.016660069565072266,0.00013940850974147878,0.11349051027556767,0.01458962082455173,-0.548571
423,0.1175636484638864,0.1466469879568919,0.42212814524402287,0.0007560157493921825,2.2147717407435996,0.13716117879138523,-0.7246475129050105,-6.787687930562221,0.01916138126251529,-0.07193662214128071,0.011560593116163975,-0.13702016099831216,-0.04774818611011389,0.893897
424,0.17033276890887614,0.2670689009432472,0.4132277758454514,-0.021736179813560744,2.2247037852960925,0.15449730499561906,-0.9423057207692596,-6.7473289226237725,0.016440772646669453,-0.021089582183946742,0.004632968302762386,-0.01257844979699918,-0.01073539397436285,0.639226
425,0.18978568926317338,0.2938839447967102,0.40765258426985207,-0.0339805230157961,2.226304390896452,0.14595131485980875,-1.0826504627469515,-6.338609528144915,0.016500782435870012,-0.004429882581293398,0.0018653678841387134,0.004641070340370312,-0.09508013595205522,0.583226
426,0.1506182145113208,0.16767874871032154,0.4026547742042527,-0.04352178541252187,2.2153555809889665,0.10930074141094691,-1.27973483002741,-6.267069779255507,0.01555200535668291,0.02012767692176043,0.00010721509708311316,0.02877410484385523,-0.01559050323251343,0.306652
427,0.0853559131735796,-0.015526384761411771,0.40144446334334827,-0.04268387257697227,2.211965206840173,0.09754274629129957,-1.6416120714021556,-7.010996315214496,0.012599869778660112,0.028602448096037403,-0.0009142481792134838,0.01398649524666995,0.17279625539274113,-0.243612
428,0.043974838428091245,-0.12226804587342999,0.40506862151425316,-0.029785197815094006,2.229650228527273,0.14003236117532053,-1.7549380276792892,-6.425858748849955,0.009114808803094773,0.018086126192273344,-0.0009361622436925288,-0.02387774356099559,-0.13442060088439245,-0.0497211
429,0.012609668120564809,-0.1948600690021749,0.40537213904623315,-0.026220942429197296,2.2286776611853294,0.12865932988098328,-1.695208803888221,-5.089576817217024,0.007633895928863424,0.012526406281341718,-0.000985770255234275,0.006762561473096618,-0.3069374770933244,0.182525
430,-0.045173761943381734,-0.331081844466372,0.406216169303804,-0.021778420301341295,2.2400537623750827,0.147379138562832,-1.927368711448295,-5.394126932899041,0.007288223826453288,0.02186375647462091,-0.00021452360030815854,-0.01053169033484469,0.07041161534660167,-0.426984
431,-0.12771788508269122,-0.5215955973581301,0.4097483471992431,-0.011082303175717298,2.274509672367601,0.2264197156569338,-2.2531562005900594,-6.105088277641343,0.005010297792068302,0.03075945901090904,0.0006916946696517989,-0.047484397075102436,0.16387112620483713,-0.846231
432,-0.1843529101119064,-0.6266538947902202,0.4141939642376873,0.0011579296559078387,2.310591200445862,0.3011712704416217,-2.5026459619314165,-6.326874390527321,0.0037352671104814985,0.016719342360000056,0.00038550102109802253,-0.04608936746842929,0.05087836486347985,-0.982728
434,-0.07510698871834623,-0.1400974560162585,0.4051778066995079,-0.019651542040788082,2.142347594377752,-0.23308636724277138,-2.9677957190809767,-6.551144812594544,0.010154043031511593,-0.042072359540830995,-0.006562614386280252,0.20674063815824995,0.03412093450881626,0.139676
436,-0.08486503945959752,-0.14076879548195956,0.41713263985410315,0.0213175934889102,2.1657738010124277,-0.11676224907685409,2.797512277896516,-6.928743158665798,0.009916972653881103,-0.0005149645239304057,-0.0017800173630115879,-0.043445890628633244,0.05883862430672249,-0.402919
437,-0.10849723741498557,-0.19060277089971087,0.43073538328639266,0.05493465158821162,2.222975926835203,0.041974811132441725,2.6179474185620517,-6.714116527229128,0.009605875749834757,0.0066934166715331145,-0.00040426259843506784,-0.07856242242597622,-0.050907235027741304,-0.472738
438,0.06153671109298764,0.2197611391622378,0.41581898414609336,0.014752018362978458,2.267340938404292,0.1959830279036494,2.4063952633722794,-6.665513972975716,0.021031418667690534,-0.087506357449596,0.013929919965792958,-0.09478803488760734,-0.013128063422617409,0.848727
439,0.13130409749469524,0.36418556942186964,0.3986654650350341,-0.026370198070082895,2.252432871794269,0.1525158714002142,2.1797762584440727,-6.682664945127346,0.01728717816333174,-0.02758085946856559,0.006143596807377083,0.02603000941258804,0.002760931649176346,0.606219
440,0.15900025983594032,0.40063934823188313,0.38908331761292886,-0.046575324983250066,2.2414781473928747,0.11544405273265157,2.0226953282470737,-6.397195814449497,0.017623181812447663,-0.0067655128573904655,0.0025472182536399046,0.022888356990594882,-0.07732799854782302,0.529227
441,0.16255556688793976,0.37710475374114266,0.39455634212336765,-0.030541988231622134,2.293914787144278,0.22884727703316043,1.8297183843706701,-6.306370611213533,0.016510444315570406,0.005670167339439036,0.0006530922805532136,-0.07016276547553302,-0.023212942424226668,0.282135
442,0.1077286114419878,0.21338902426596373,0.39197557250260306,-0.03406371839220663,2.287307767902217,0.20136200533773754,1.5833800745713305,-6.4708002586020985,0.01327335303210514,0.028604845337368623,-0.000612232440267757,0.02474611219316536,0.04242904777643375,-0.0298453
443,0.07155345866707002,0.10654942098192882,0.3903984205165694,-0.03490134617312067,2.2801365722362914,0.17376329664567658,1.3794806503440604,-6.415577177537855,0.010357222888671478,0.01820927218650903,-0.0008086758668177652,0.01880798770854719,-0.012816676450836173,-0.178499
444,0.009736129529060403,-0.05740911402629589,0.388140365431765,-0.03730471420532291,2.2680495344378935,0.13897042803331539,1.1993506318385547,-6.254750411038652,0.005896280179538957,0.02792189929929645,-0.0007564943073390396,0.022907328346383427,-0.03774069495634169,-0.333705
445,-0.0648500426813297,-0.2421848122269167,0.3841065982282087,-0.043912020946051164,2.247482996914527,0.08598384614984134,0.9367228311518048,-6.515234917949107,0.001386302862713385,0.030952257657932858,-0.00042805987211735896,0.03035808724399436,0.061523504356908454,-0.695597
446,-0.10652412349881571,-0.3291255512245582,0.3828687440428094,-0.043162955074639596,2.241247755027887,0.06757091101121741,0.7793549764357577,-6.2236032419438985,0.0009087265200746768,0.015377649768826274,-0.0004595818633634785,0.006719960596148322,-0.06801035035913872,-0.723431
447,0.04867947529313767,0.09468382293591282,0.4071320244731999,0.02371738470729421,2.207481622382272,0.02862650097940283,0.6189767921430618,-5.997229379239995,0.02850959556194432,-0.07616755285540577,-0.00898272050036697,-0.014816829021789157,-0.05259620785693819,0.671573
449,0.051678860817813,0.08409545831088691,0.42519841515434426,0.07630507418631266,2.22525973233966,0.07508785375701114,0.13991190481025217,-6.401045991473037,0.028363427480532565,0.0011412522855107632,-0.004626271653096481,-0.021843563701182234,0.06356340481025224,0.0763485
450,0.007385337919917259,-0.046823361387942075,0.4346457789249661,0.09516745856471534,2.237550553052685,0.10367701910670271,-0.13374406927294125,-6.678871169354775,0.02673947003579005,0.018461579168497888,-0.0020204230526212896,-0.013357349551422981,0.06165693072705869,-0.195401
451,-0.026904766196423655,-0.13127271621066097,0.4369022244672348,0.09299204263806533,2.223680310084672,0.06391167225695882,-0.3502777489833564,-6.652327682131136,0.02468502823166261,0.013585539706464367,-0.0008963418428491465,0.02101360678837505,-0.005563748983356209,-0.344714
453,0.11188787680190444,0.32010012982252334,0.42496090333069736,0.03579312482032937,2.2434600125974593,0.14408084632519183,-0.8487246634856862,-6.918665047064107,0.007731274960906229,-0.05251554906279399,0.007825855902359624,-0.01958487689122901,0.04495666330921022,0.677115
454,0.20516011921255572,0.535281867569326,0.43409486731231944,0.05532976793210893,2.328920372739868,0.3511905729719559,-0.783895212764472,-5.6342955587135,0.005753468704305215,-0.03245698233877903,0.0036380040053725082,-0.11522898909502999,-0.3029488859695757,1.08985
455,0.16798053150213402,0.40177544109160046,0.4210493102496377,0.01956432916613062,2.288290820865364,0.22552198265111645,-1.1277256847439503,-6.301981718636908,0.006641851669868513,0.021767736440355456,0.0016379582582080054,0.08435155163231745,0.17505164205094648,0.268019
456,0.13600368257667958,0.2933207361970764,0.41449961637514826,0.002735618185054998,2.264181999592082,0.1552431925883354,-1.333548347001277,-6.281333014672124,0.004880461517742388,0.017748388884959443,0.0003997694210573499,0.048589180250743436,-0.005110020206380295,0.242358
457,0.09360321875122793,0.16850635462944547,0.41097049004782205,-0.005615445226531408,2.2472333236249846,0.10955039908381886,-1.4850916404455363,-6.02316236169993,0.001827003598563717,0.021154664425187875,-0.00024908884123586716,0.03266441332825032,-0.06689631365063953,0.152601
458,0.05929234751725539,0.07197827436348864,0.406896290868664,-0.014595716080257417,2.2238364078203308,0.050424810713596765,-1.745307784256778,-6.296697982495905,0.00030938231703262495,0.016092066426440343,-0.0003861307287094107,0.03782414909839771,0.06910054253811859,-0.243612
459,0.032743093748073535,0.0006251505507515465,0.4043114495164458,-0.019460067066200022,2.2079630608540977,0.013032840484497155,-1.8984485378764506,-6.028847755345749,0.001947328698596249,0.012653567492991069,-7.655269628648043e-05,0.019540292581106566,-0.06574521108155418,-0.261907
460,-0.051144903747269065,-0.21004972261865756,0.4044967620972097,-0.017599956426740025,2.219778027372612,0.04895173501341994,-2.135302129017092,-6.200032471686978,0.0028848899530708213,0.03774261942920054,0.0010399734564821017,-0.02477050277185766,0.041351197777804494,-0.605857
461,-0.10050310559460587,-0.3166295691893499,0.3820760849733899,-0.07039878709418591,2.0997077308127086,-0.2527549156030875,-2.3133320722214266,-6.06372824193275,0.007228472516417658,0.01705486909538534,-0.00036801995195867576,0.179446864320155,-0.032569418631632985,0.86083
462,-0.14997136412168216,-0.4173866933576313,0.39277928853977934,-0.03859388995832187,2.171121328143426,-0.0502099072896835,-2.458849567232429,-5.788595895587395,0.0031990434934618993,0.014782726273928848,0.0009300686384698942,-0.1221132276853929,-0.06481624043753254,-0.823237
466,-0.11795722893159,-0.11226702835569013,0.41656275369872847,0.05967242108346654,2.1974104968635504,0.058941050809548826,2.880483152351724,-6.548931343922906,1.4107387858115165e-05,-0.020664113901347037,-0.005636210900812788,-0.02182927647677113,0.07281849876193114,-0.333928
467,0.07123945190937041,0.38418366390629405,0.41065621155807747,0.03792474946674987,2.286379226314692,0.3223781680869461,2.585902248334639,-6.841017004891276,0.023312915162629417,-0.09207324346485635,0.01072910319571907,-0.12102575990675346,0.06705892153974258,0.948047
468,0.16422063075409027,0.5625166763640622,0.40214402869005433,0.01594730801884218,2.3026638073678467,0.33890231982055824,2.3468178893481886,-6.882580984518848,0.02022782334800954,-0.034934032544685856,0.0047758590506714604,-0.013363688096128534,0.010124562553292193,0.765897
469,0.18919348415082907,0.5763629752666298,0.3901710944087822,-0.010838083251836876,2.265193883125572,0.2326712966861993,2.1592781468228033,-6.720969815790631,0.021334641183612984,-0.003395976254266575,0.0016537130558136326,0.06946875959614163,-0.05063117997209332,0.639113
471,0.15848021107871646,0.39263806804803614,0.39409481958955017,0.001069158892827984,2.3010975745796656,0.2928651499322797,1.59292564396584,-7.253054159003676,0.01621087934121403,0.024814338116284418,-0.0006974877389787082,-0.019166556586859507,0.10893901717094323,-0.0868097
472,0.1148389788540799,0.2608550260443904,0.3933380625632627,-0.0005871861901702148,2.295432627287172,0.2652701710075346,1.4352488972710518,-6.898048618003752,0.011340789547678788,0.022978562311523287,-0.0008022405707386326,0.02098434221531642,-0.08985662952384477,-0.0456908
473,0.08725210323507836,0.1809650017959868,0.3918481796584879,-0.0037037562131769447,2.2852437866494406,0.22750611197655563,1.358449167794519,-6.258466586638277,0.008947940021686472,0.01574495095117845,-0.000788638155301058,0.026663831073011846,-0.17517865900037766,-0.0371685
475,-0.02035201075778101,-0.1509127371831661,0.3869273758724614,-0.015391622512653268,2.266917484554522,0.15608100719668577,0.9437722630916117,-6.2433311854586755,0.0017697174550106555,0.04365463147882487,-0.0005318926467943186,0.042380164488950545,-0.0019420637032849797,-0.625082
476,-0.08935858109904005,-0.30314085224873755,0.35593732583545223,-0.08600285190955981,2.0735378152824593,-0.3147197989534882,0.8681437099596536,-5.674802755407135,0.008190829112280994,0.02175693817466895,-0.0016644004846502192,0.2760355478838312,-0.1395862900403464,1.00773
477,0.0528974185768689,0.0416992071321286,0.3880587214870857,-0.007205275732641125,2.1059379675335452,-0.20557017932527738,0.6753818336831503,-5.691747858842946,0.0020618080689753914,-0.06350984727193199,-0.011178633407850302,-0.06073717917508814,0.0032898336831501673,0.672092
478,0.10446805392322417,0.15496549668578036,0.4067565691654338,0.03519660136172101,2.1280843642801397,-0.14161965810363347,0.49340824208991707,-5.659226748846585,0.0015722342190172794,-0.021788516235202948,-0.005817494056763461,-0.049308260474133725,-0.008710757910082911,0.502119
479,0.1280704115562946,0.19732772299846152,0.42042932577585673,0.06338413841444811,2.158538447903092,-0.06409818065541154,0.3528866987197805,-5.442714808189626,0.0015810658140975235,-0.0075240413334864975,-0.00250673331897433,-0.05490753841884466,-0.05661830128021972,0.409505
480,0.08046650619185652,0.07008618694906299,0.429945596805434,0.08032302542526876,2.181195009473013,-0.0047375937485091835,0.13383622315391497,-5.615869196843353,0.0007740903141363385,0.02418215095785703,-0.0011823310384802,-0.035454663502387795,0.04394472315391518,0.0898915
481,0.03581323774500312,-0.04259201950472416,0.43513156041033646,0.08613143558566624,2.1918386677326476,0.024509918156353137,-0.14798389984055804,-6.0592992876044525,0.001983160948378552,0.02073248618267831,0.00020357381317559486,-0.020898771959420692,0.1091211001594421,-0.257105
482,0.006996562045920585,-0.10962298552361266,0.4377034033740595,0.08525893346120315,2.197647787763132,0.03959750448156849,-0.2955522364176906,-5.79899963179731,6.46112652039608e-05,0.011978781685393347,0.0006818457140207457,-0.009397269281030685,-0.062467236417690586,-0.233085
483,-0.06279896227206991,-0.2747639159414059,0.4399257080065315,0.08364391833302949,2.2013098639099455,0.05132446147979912,-0.5607674905658802,-6.144463566133937,0.0035637424814780484,0.03041730474407167,0.0012046809892742871,-0.013683768498478521,0.08169150943411996,-0.642459
484,0.07774808759408339,0.10852065207311473,0.425965319068274,0.040379777837867066,2.214366825757835,0.11865604627557245,-0.8069845446007133,-6.345154010065037,0.020440742086793265,-0.07476438111044903,0.011558624528479555,-0.05519714675751208,0.04650878219418342,0.717303
485,0.12985279861517646,0.23375807990884215,0.4148977918955394,0.008451451962804661,2.22063176128559,0.1285847689166144,-1.055155664192375,-6.523723785408746,0.018060919447680655,-0.0210215143764394,0.005659499030390869,-0.005427294498914215,0.04002866260252169,0.475612
486,0.13260798991941736,0.22059759636619777,0.40883021945720627,-0.008025097552998725,2.2250307090635366,0.1291857746262964,-1.2566346938377806,-6.443993992811886,0.017963127425551315,0.002200241615781362,0.002673742710915583,0.0018597167463618725,-0.018315367042883945,0.332477
487,0.16998923502297447,0.298815919029155,0.3637705016931607,-0.11921446698085103,1.9770506166262025,-0.5071494781749646,-1.3525297458380126,-5.868569342238459,0.02285068900894171,-0.0158835820152472,-0.0009080771118039621,0.3646901362383852,-0.13337741904311562,0.351644
488,0.09475228214300986,0.07441154153708959,0.38097660621449725,-0.0663833047608845,2.0887453293717115,-0.1771225372398333,-1.5900474961479292,-6.0715409693258335,0.018781095486724304,0.03832814343781532,0.0005029636907263324,-0.1734869586871799,0.04936503064696751,-0.0686162
489,0.03350472724477295,-0.09519065266708004,0.38528378285484033,-0.049804112140962586,2.116067738216379,-0.08587198311579,-1.8421523018480417,-6.310268884628703,0.014981320786895756,0.02828931248194788,-0.00022280185520529017,-0.048861606192771134,0.05589102494685472,-0.327247
490,-0.007157096113391877,-0.19667494074963227,0.39503881151787273,-0.02074481949432913,2.17343348246234,0.0707192485046958,-1.9502331739823344,-5.81269850404577,0.012931963997661418,0.01796772762300458,-0.00013926514752204966,-0.08826370032513076,-0.1145288471874375,-0.264908
491,-0.07510003000807561,-0.36250069640686255,0.40271518894203634,0.0005518679792026054,2.2242498981129457,0.19780729683770756,-2.12513294299973,-5.720857160552124,0.010919405876433239,0.02782145635091826,0.0002787374203010451,-0.07205406638926526,-0.020819616204833302,-0.533517
492,-0.14316248904437595,-0.5136864707086441,0.4071997805119905,0.011847510714777557,2.2610118402856125,0.2775486497516937,-2.367373122218587,-5.969381243919865,0.009372772037077096,0.024584159317841525,0.0006566061627810704,-0.04811157505759356,0.05726220457630937,-0.853839
493,0.017909754756003926,-0.036140514894090925,0.41674211470007116,0.03706468122714896,2.2155521270566334,0.19557096852151434,-2.563121835434511,-5.956341731521333,0.022621353836296123,-0.0776921825969965,-0.00448844444955121,0.027490928182335228,-0.0048171818447184656,0.583288
497,-0.049283428808667075,-0.25383540444337904,0.4315050705580266,0.07033098326880691,2.2521862785127515,0.2294624014980451,2.8407279130796272,-6.332790749317725,0.02161629910986695,0.013413953868571138,-0.001751349352117959,-0.0078981845037438,0.03701725948983414,-0.337882
498,-0.09641691306887028,-0.3568589820753772,0.43900633511171927,0.08391494448366017,2.2769645512660865,0.2769540743996943,2.651307667216896,-6.250747547989974,0.019974176041315076,0.01404145782531252,-0.0005380802071179858,-0.022126638479916583,-0.01835498637289712,-0.47193
499,0.07347655407788464,0.058108061534148325,0.4203200499921294,0.03561297297711263,2.308279991044661,0.37601438461529535,2.437121161095641,-6.271908139869137,0.009429357381113977,-0.07966063355890185,0.012288118935981807,-0.0434425137512906,0.0067158343007447385,0.859609
500,-0.05112769646366355,-0.21120884428546355,0.43039132230490357,0.054661811918406605,2.2901018721425217,0.33793852884912096,2.284378807029567,-6.056333535988192,0.010023645563996292,0.06032542729804824,-0.004782020274566534,0.021234134697015516,-0.06676684656022625,-0.790447
501,0.07028117537934093,0.06149550782341423,0.3690886447460487,-0.07980366932037111,2.05403600470103,-0.19487931415492016,2.1082049164859926,-5.954013368078797,0.015243545444273528,-0.04888184570257659,0.005640037280059573,0.3780643296286643,-0.028127737103800676,-1.00526
502,-0.07265256572822805,-0.2538306050121899,0.39943026251114216,-0.008700363442820797,2.1589648645963972,0.04849644984150378,2.0383867401622258,-5.399338020894637,0.011154347111500316,0.06323509357920454,-0.006163863680121118,-0.1508833175418891,-0.15609891342756743,-0.947107
503,0.018766275089470638,-0.03434517101599635,0.3973797113155445,-0.013315920941612054,2.2174636811081156,0.19772317398460917,1.8034484288017598,-5.6473216393719845,0.007413606580725785,-0.041655925289716844,0.0068518524517728885,-0.0969671650226287,0.06454110200686314,0.168111
504,0.016995874441008058,-0.03583979249953189,0.39183573512159925,-0.0253257590417783,2.2338287904908665,0.22013052918221926,1.5450854815362565,-5.971917223595072,0.00708262010934101,0.00017553365834421797,0.003079343814120783,-0.013063848516667864,0.08191715474135997,-0.107628
505,-0.012623080002030551,-0.10395463710320199,0.3884955274458086,-0.0313209065629818,2.243350463567881,0.22588781117407225,1.3184724893092623,-6.102404451575763,0.006533096772254058,0.012554042010857636,0.00126318518471491,-0.002485472173584302,0.032090162514365694,-0.284414
506,-0.03328028928781905,-0.14629651578859762,0.3834654931386972,-0.04063290885511367,2.22924251513038,0.1763315276467852,1.148732817555289,-5.939519363572645,0.005893929725098325,0.007579111463812183,0.00014270713997666107,0.030745566950563852,-0.03864850923960761,-0.383415
507,-0.0743196067329509,-0.2370079581072198,0.38346969684203225,-0.037348490816881394,2.23929436862381,0.18828267312437375,0.9773324195342763,-5.812339950731243,0.004448257078892645,0.015818383845124906,-0.000165846538269232,-0.008626628718932938,-0.029756907260620302,-0.563707
508,0.06321732161416733,0.1210998507258228,0.407610892860855,0.027117157771244058,2.2144111288608586,0.14907194168575386,0.7370391105600129,-6.0391372268769965,0.01930203673224623,-0.06916201344365858,-0.010079113281014962,-0.004137243446888927,0.052447110560013055,0.684592
509,0.12656890621353376,0.27241272798533256,0.42324219773026994,0.06459703745020524,2.230763138833548,0.18147052582306522,0.5183304684048817,-6.121892026024551,0.016219362980883865,-0.02538647670686167,-0.005094961375440299,-0.026090637224693847,0.01758546840488151,0.500745
510,0.1559083790933677,0.3249377648082135,0.43581287274439123,0.0911316602915044,2.258232486020824,0.23447606365002338,0.37247105820332616,-5.840276201030667,0.016049475019132224,-0.008209981736508443,-0.0026282274714510834,-0.03499282792075986,-0.06537294179667397,0.437844
511,0.11110719102622679,0.17950091500201953,0.44021215554350457,0.09493096840210795,2.255428067663979,0.21029470607379408,0.021424763652380996,-6.6009338670498385,0.014721224951037483,0.02284071975077273,-0.0017724525162692295,0.020189180136351403,0.17644576365238107,-0.155021
512,0.08266549338313271,0.08813981110976757,0.4435832861558885,0.09559463762967096,2.255763867105972,0.19790911753768484,-0.05152917436082527,-5.882395619846523,0.012260659860497724,0.014870377752405073,-0.0006140317435630038,0.008557649741435469,-0.16468617436082544,0.113157
513,0.0020055268450748787,-0.13310549538180377,0.44328526663697704,0.08696170030152509,2.238202934882193,0.14344393059199836,-0.3288633639279328,-6.2777067629947325,0.008762795632423355,0.034446526152080104,-0.0006419701714772685,0.034888470153098705,0.09201963607206709,-0.420883
514,-0.0644849974905025,-0.2982241278592136,0.44208692703126823,0.07656037268681687,2.2220475659496564,0.097478732537985,-0.5730248138871676,-6.447831824712096,0.004798856494060228,0.02597898975738655,0.00021764424405512628,0.024330232451756917,0.03955318611283243,-0.612578
515,0.09389221221487402,0.14866779804056152,0.4351740217631761,0.04955965073557893,2.2801232823341455,0.27701539394164726,-0.7527991862523904,-6.276426673986131,0.018885275220588457,-0.0822484754277486,0.011652526117875706,-0.11043232929871794,-0.039007859457493854,0.857005
516,0.18623992867820677,0.3826024568957584,0.42686146272911324,0.022669527324647294,2.298017736984168,0.3069372130080838,-0.8537353682280839,-5.750866275915572,0.014349064147323547,-0.038128333982935914,0.005471221186412745,-0.02023760474292402,-0.12296604143318746,0.840027
517,0.16501833039370387,0.2916454457173399,0.41890731926470115,-0.00014188444930378352,2.2868012703148066,0.2513984154244466,-1.165145476574207,-6.334401853963939,0.01487438259947856,0.013699914248776146,0.001678270869314602,0.03782365009559685,0.13454285022068957,0.271108
518,0.18637252263067403,0.32335101707559505,0.3724471901668338,-0.11883946565651801,2.025915317130686,-0.44784527627890597,-1.3229255998978464,-6.076819391699326,0.020114074317624322,-0.010547517645496995,-0.0013263082703609541,0.3865514868082822,-0.059591273102950204,0.307462
519,0.10488778320546438,0.07566793210937425,0.3818968323706208,-0.08448514514617803,2.0934229696057507,-0.22588922377005638,-1.6321327979812856,-6.592961929380004,0.014781305550539204,0.03783410729235692,0.00014681255353377054,-0.10701408263368917,0.12096452881361053,-0.182301
520,0.027972280742425457,-0.13920771065756,0.39238169930353584,-0.050135529849105145,2.1559061785942117,-0.033940580790513264,-1.8424197929323964,-6.546344085131571,0.008518368625439702,0.03631049794172059,-0.0002219786816830549,-0.1021706476704285,-0.010191466137499994,-0.261432
521,-0.01820482732416978,-0.25264382817787234,0.39941684095089847,-0.02748155704070109,2.19532782970167,0.07516985510555486,-1.970428498997429,-6.107453284596329,0.006056080752228412,0.01936102483790947,-0.0004910494007077659,-0.06117527016533142,-0.10097917220253283,-0.298653
522,-0.09525550743322582,-0.43933527335406136,0.3990386724263325,-0.02614916038169923,2.2043366722101574,0.09738253817942003,-2.2401768920936544,-6.426968268415056,0.0031634516836395827,0.029976849291696972,0.0004621763915153565,-0.01433380663643602,0.07353343470124196,-0.742914
523,-0.16291760378792491,-0.5838519794769359,0.40569687677680555,-0.006851605577361693,2.2562534487402455,0.22500667413989225,-2.494987793799474,-6.625234261605829,0.0019285945741822647,0.022600319683317327,0.000777079351609089,-0.07460011911809383,0.045470532995422364,-0.969662
524,-0.009248374048751784,-0.11786619552592531,0.41787685812167635,0.02728834050658926,2.2184375813879362,0.15598728455456073,-2.693461497064275,-6.5182526116571005,0.025253929804991415,-0.07505898477315398,-0.004958936821401139,0.01368949469126779,-0.02493284347448199,0.473064
528,-0.09218637289444424,-0.3529326336572464,0.43860329662756264,0.08347109295444097,2.2921332523457005,0.32465677817221406,2.7277681761052026,-6.4875119048896135,0.02375759612814009,0.014890915374307756,-0.0016031735766772748,-0.04144526845103336,-0.0018874774845905051,-0.411937
529,0.08657668772393706,0.15378304881110821,0.4184064816678179,0.02203426646578603,2.32102167706459,0.42283342264792523,2.4551628593524653,-6.701045270673493,0.002386896994397633,-0.0700377829353287,0.009894163511757537,-0.01826337774498965,0.04905053255756897,0.835316
530,0.14565669412794008,0.2763000188250491,0.3992711353708418,-0.023829902596502132,2.2757217788681836,0.2885051664794904,2.2323762549476243,-6.7000568964191425,0.00032872094758755856,-0.022757397638117016,0.0038521033146943218,0.073541007216543,0.0005989281527276624,0.660981
531,0.1646159912012809,0.29732340058353857,0.39286663964582524,-0.03598312947161365,2.267930437539773,0.25009593160072113,2.045048224147692,-6.5634703794931815,0.0007200091100676249,-0.004402100081697835,0.0010983581135284304,0.024112580630413216,-0.04227510264720458,0.516527
533,0.08745815677931508,0.038063649778356634,0.38927613809785916,-0.038568984744069675,2.2631328815600344,0.20706764205293837,1.6712397595252106,-6.2754571331568485,0.004889910126742582,0.03411510632113757,-0.0005093429290985441,0.02300304769166228,-0.05791556726968583,0.158359
534,0.012224313669011291,-0.13995661145757676,0.3871632686577646,-0.04035154998527854,2.256175795178129,0.1821180163787041,1.3503978029919521,-6.743774875868782,0.0008966169148254223,0.030377616746188885,-0.0006595504644395511,0.017715077912138,0.12035847619705553,-0.340757
535,-0.0503694926866612,-0.26736529711706103,0.38566183008210303,-0.04061972570178961,2.2505316082606823,0.1633337639038746,1.0697977386716326,-6.977830543494073,0.003577745862384852,0.02596949430199258,-6.131016155652702e-05,0.003792979491509918,0.064166411876736,-0.565165
536,-0.09145117929143606,-0.33801810700022883,0.38524391872010755,-0.03851831672706445,2.2524093369470126,0.1591933128761157,0.8848371458130666,-6.770923755721935,0.0011141723395274561,0.014298606680149373,-0.00046497708557824424,0.00012918177862264457,-0.05625418098182999,-0.629705
537,0.055074657855695056,0.018645456838007002,0.41283817774327725,0.026250251422772736,2.2463315812770284,0.17044791853365612,0.6633649837832634,-6.753522671523324,0.0241648237862197,-0.07723843631959726,-0.009811802388597801,-0.04063431604424039,-0.004618016216736631,0.667983
538,0.13727134213012665,0.20732435001782648,0.42236079472773186,0.04643493784524853,2.2313586633580167,0.13059953727011755,0.553192909172032,-6.229049947110976,0.020067494632059042,-0.035039639931313094,-0.005007051728705303,0.019135072931828034,-0.13715809082796815,0.690351
539,0.13812663753380708,0.19301848647016706,0.4356806893835776,0.07391473395902881,2.2596466937097164,0.18500379249807725,0.2957476188216992,-6.459870360102039,0.019880444490938166,0.002946834979756119,-0.00317973617100753,-0.03641276768257695,0.057159618821699176,0.238588
540,0.09737750104100446,0.0785540749659834,0.4409875888103624,0.08089282314353528,2.2614225780763433,0.17761427992544407,0.09629002715107138,-6.384930535708212,0.01820114278181436,0.02036179969897356,-0.001750411864858581,0.00832848766608274,-0.016866972848928796,0.113157
541,0.05192436442582261,-0.039763228423694175,0.43949035448552565,0.07112573676657472,2.238345458429211,0.11287825850231732,-0.19884299292223861,-6.779488656004589,0.01607916128053256,0.019413551226335812,-0.0006783109116708097,0.04244850524010335,0.0945920070777615,-0.293435
542,0.023748702246543924,-0.1074424664581271,0.43920035507983174,0.06473430599228276,2.2268265815463852,0.07975333562692526,-0.324742154432772,-6.294104374033296,0.014053477949512113,0.011613997066101334,-7.032273287554958e-05,0.020426301453206452,-0.1130471544327718,-0.211695
543,-0.05034612928810514,-0.28746689774744016,0.4416920139317874,0.06562458690522126,2.228011729987381,0.08217498911342216,-0.5365388428308138,-6.303599304777081,0.010640284422260105,0.030383063019656653,-0.00017373161783851288,-0.0007628072853926859,0.0030661571691861234,-0.539605
544,0.09454526841571312,0.1131437424952918,0.4281838748381467,0.02428413842579924,2.240987030249791,0.151614772562577,-0.7657481420607772,-6.399554995966248,0.015262918648790515,-0.0726162363387215,0.010369199550829489,-0.0475767684922932,0.021878184734119177,0.78317
546,0.15859576800480427,0.2966768581730074,0.41480987187952606,-0.023262710051289902,2.2358939649326177,0.10996306822278067,-1.0709777710498978,-5.778902251654816,0.014264686101144033,-0.01975305753619372,0.004320626998828292,0.016494053362112737,-0.09837844425500109,0.598197
547,0.14794115433501268,0.23985005107061383,0.4108448764049598,-0.03220938013177279,2.2453529160311563,0.12553475750919318,-1.2779607003579614,-5.8455878418172045,0.014170248284891237,0.008240561703712679,0.0015580084950768125,-0.004238568110604746,0.014764626436935213,0.278071
548,0.09214654400032359,0.07685383457817588,0.406125759078913,-0.04128180931867404,2.229398404833392,0.07891534218858667,-1.6382046765504183,-6.581236056390582,0.0122221311625269,0.024993446708822198,-0.00031063396203911964,0.0327286946803369,0.1822706502444782,-0.249679
549,0.05768767864349538,-0.014919529270697687,0.40337897318978083,-0.04448645602542061,2.215845429650387,0.04465712315541003,-1.8381411205266611,-6.492067301827669,0.009343975015050946,0.01508035997813062,-0.0005911728926459858,0.02082297072214212,-0.02220979373176446,-0.245135
550,-0.0034351295919703706,-0.16501675429640433,0.4032544154355024,-0.04110819312514219,2.217723430442777,0.052642710473601334,-1.9695071586986745,-6.105744780088617,0.005222363205550539,0.02636709294142836,-0.00046180592697142586,-0.003536790575362936,-0.09739883190377796,-0.301312
551,-0.07644593481683491,-0.3337675994246559,0.379856035682473,-0.09399569393060611,2.093588375222148,-0.2599449278720888,-2.227490156172917,-6.358279867275209,0.011467151230325698,0.025964978142507533,-0.0007713149099228822,0.18794541001178944,0.06159449741687606,0.852508
552,-0.11077953865062287,-0.39259907396448024,0.3675556194820786,-0.11607068673361921,2.0263891673071197,-0.40366718323576545,-2.3449349448078523,-5.9109630719997615,0.012728870682868113,0.009906344605860262,-0.0005523559592033322,0.08324963264388496,-0.10879229121805878,0.90545
553,-0.14916137270402705,-0.45704263514963683,0.3791466611840799,-0.07833290809842457,2.1009368839969973,-0.18370667036051874,-2.448655286452376,-5.466997575514784,0.009671184962587365,0.008528779162311206,0.00043746367190466984,-0.1318830488134699,-0.1073729596574795,-0.770486
557,-0.15654987598643708,-0.2657398669933489,0.4069144401313169,0.04932222000016899,2.1590154221669318,0.07728200775265431,2.729502649000181,-7.124599781257501,0.00672704733597378,-0.015054627776015739,-0.005810242464542981,-0.06407469084470252,0.16071199541038883,-0.572802
558,0.035847846421259544,0.2586078954790502,0.398664761994434,0.02277485734732559,2.2263581975059323,0.2765817162526011,2.4085704798643484,-7.443909970088909,0.014434624852679167,-0.08947601917001125,0.008997662157254283,-0.07979632967895878,0.07402015306945176,0.763754
559,0.11961740013066252,0.4261429457880357,0.38968822198578196,0.000896801368533328,2.230585331683963,0.2664264269221305,2.170007848422607,-7.407082126954039,0.013014482049595898,-0.03209669985783803,0.0037719345048596864,0.0024281303924462705,-0.012249478372289957,0.611461
561,0.14464555536452472,0.41711279463498563,0.3920847330669078,0.006403538588811467,2.2736439728036406,0.330695345908355,1.7984882913027729,-6.891620599481099,0.012321642663657241,0.0018118663407560298,0.0008307104524383213,-0.030585019701310223,-0.11005403549212378,0.337746
562,0.10032894818988153,0.2857669557790279,0.3922200471834482,0.006270619700201704,2.2818800916519155,0.3279628061205129,1.5539190146068727,-6.948493042209376,0.009743964582772694,0.024161163966071264,-0.000339690457642039,0.007580755769198255,0.01622958781197603,-0.0331069
563,0.05748504487639303,0.17446344253950286,0.3880578197743399,-0.0029477822599759135,2.261374086817967,0.2652907292093485,1.5250897831235584,-6.131929287330851,0.006778988224974981,0.02256270440890029,-0.0004768663086447411,0.044684234305324644,-0.235473543671338,0.189767
564,-0.03352991649760355,-0.03107422624260922,0.3845741367190962,-0.009967146480785009,2.2494323965429044,0.22563298066124957,1.1368679500593428,-6.902597235567936,0.003930316700811282,0.041237916086376725,-0.00020714200742188993,0.031047971580073774,0.2189916232644462,-0.65292
565,-0.08703181726853336,-0.1452121613181277,0.38250649996974195,-0.013541747090973931,2.2394332997375623,0.1936569000591075,0.878263448438827,-7.024945665709816,2.3020333592387553e-05,0.023109872716013502,-0.00024235721773147034,0.01827387789454482,0.03318812164393048,-0.725721
566,-0.12498164047191937,-0.2197910941443098,0.3833797779798336,-0.01056844551022884,2.24670239267678,0.1980044721644067,0.7002199364971542,-6.771620010290683,0.0019440044065559764,0.01619653330825299,-0.00012165771684369275,-0.008831886769999908,-0.06564439029774238,-0.804932
567,0.007536200820299349,0.09980585989728918,0.41385281230074195,0.060783424143414005,2.2441679193775923,0.2065285864915145,0.42779874813472984,-6.990063858574587,0.019308912323687467,-0.06316979044645743,-0.01112140070140466,-0.034326474291449305,0.054096748134729644,0.373702
568,0.06480189328972044,0.2279113910500401,0.4316206290424397,0.09797013824438766,2.2665856632580135,0.2453921487317539,0.19445862404937042,-6.992884696283966,0.01685456868234462,-0.02350888053137945,-0.00545125262645918,-0.030200441457466365,-0.0011523759506295583,0.195611
569,0.03887904216552654,0.1459374949530503,0.43641757710103024,0.10215257754251003,2.2486496017666537,0.18457047196757215,-0.1215573827898222,-7.387043861323494,0.01670570165677328,0.014016086570463493,-0.0028757941723975833,0.038919399548957845,0.09442661721017798,-0.215984
570,-0.00018199261578829423,0.0359684375185166,0.441468240324317,0.10638661426026116,2.246407600439937,0.1684053246921363,-0.3113668481081677,-7.115930882047799,0.014199160478435339,0.01898626417638516,-0.0013162295504400845,0.010038335087581896,-0.06278884810816754,-0.248578
571,-0.03150838773246727,-0.0467946972908935,0.42991437477285893,0.06990551531384212,2.1725206533534998,-0.01924149222379326,-0.5440996957636344,-7.094945436347518,0.01184122163150196,0.013396775819205065,-7.876910811965843e-05,0.1124678819549425,-0.0038366957636344345,-0.540263
572,0.11407271094563935,0.3259290154291117,0.4245899984864416,0.04873351508256543,2.2287759913561063,0.1540716250003011,-0.7676891446018459,-7.03221787851425,0.009469268285228056,-0.06626221101017737,0.010014615456598985,-0.10597997464669184,-0.01438181780694947,0.817489
573,0.16210644767683652,0.4223154643172118,0.4171674503542378,0.025183222809418662,2.2383246112867963,0.16805149574693817,-1.0042249809126806,-7.044119936871711,0.007681303871916905,-0.016277544598419347,0.0045059796241884165,-0.009503823323768312,0.0024473458822158456,0.564124
574,0.16475011175764478,0.3923066096386979,0.41284906523084197,0.011746975857158094,2.242654793137154,0.1653046422081048,-1.2074627910153188,-6.891655067711531,0.00754645403918242,0.004917628338358071,0.002032485485961022,0.004351392149741784,-0.035058464220421914,0.398392
575,0.1551254758716778,0.3322002960706756,0.40996371069092663,0.0032671771100617024,2.2421196914273755,0.15174747532981142,-1.350757562625105,-6.468527068283247,0.006738969012437433,0.009543218089076433,0.0008295348816922399,0.010800842461562432,-0.09710423583020855,0.317143
576,0.09077604548970399,0.1328140729803561,0.40645643631146067,-0.005751542757283035,2.225115354664195,0.10163523791523046,-1.6830557800890122,-7.036979420780339,0.0039030208200416952,0.030449523777119847,-0.00048086966077232063,0.03655019174586993,0.13135254670588425,-0.243612
577,0.03427525463018403,-0.029144637495274378,0.404189057514776,-0.01085069420376544,2.210077327339909,0.06341359959113169,-1.6049928049299609,-5.515887364300719,0.0006297920918742596,0.02598103946092234,-0.00039433282120215907,0.022665992990878348,-0.34978647813506436,0.31559
578,-0.04012600792764946,-0.22512193440016817,0.40174473002288846,-0.016160037047818297,2.204768987923059,0.04710378066226257,-1.9419253054534589,-6.2616379913219,0.00048802142777255083,0.030736178437141604,0.00028422515809145565,0.00971099233745587,0.17139202134143794,-0.542521
579,-0.09749693554712087,-0.35823752246673546,0.3801046250019657,-0.06998506770238494,2.086031938638809,-0.26328443426304077,-2.209281134472235,-6.545099465478148,0.0025121487502296285,0.019960236011675292,-0.0003982878757051722,0.17168202357350681,0.06497751911755811,0.867334
580,-0.15753521437285822,-0.48747934606303855,0.39658669863846446,-0.022050447199409053,2.1920897447509784,0.04109079886138661,-2.447475112948433,-6.643593050381706,0.003495682084198801,0.01989705736029279,0.0017102921855647324,-0.17796421936699813,0.02244121384646336,-0.89912
581,-0.19424525940375814,-0.5428187458474056,0.40380403635509704,-0.0018000864543401968,2.2445738723294584,0.17298366521439001,-2.6017865903584916,-6.3177398704555925,0.002978296459494838,0.007692148711676339,0.0006888724099165522,-0.075192134222545,-0.07507326356359512,-0.955917
585,-0.13621344875536187,-0.08715687080360901,0.4231701725927541,0.06938466702858911,2.236940212190989,0.08538892305355224,2.7639213368625573,-6.6506614638506445,0.0008156070601566014,-0.02672342517437709,-0.006046336251733564,0.03317446541546021,0.031371683272764184,-0.409043
586,0.053558100742073345,0.41116512096124375,0.4032171903330576,0.009650767777513392,2.2414007512661374,0.12974733924093207,2.412679447753197,-7.1436219562309695,0.025267643747710393,-0.08134610918637764,0.010121046621335505,-0.03234506363398282,0.11212212095830054,0.729761
587,0.13764275741054977,0.5704762703842452,0.3916687310701138,-0.0175847442721315,2.2406281655026734,0.12060212351004337,2.185729014477909,-7.103392546194734,0.02293051885643812,-0.028659120959683815,0.004501688298715223,0.00248293157966728,-0.014531312316987677,0.629464
588,0.14468694650817773,0.5442331107875067,0.3931753097469064,-0.012918896392638417,2.274968148800821,0.18737575612046675,1.9050906240573688,-7.2716577435619465,0.022150589647562065,0.0054874015774890594,0.0013738726283269997,-0.04064926756063292,0.05270029726247216,0.281594
589,0.11651425960218317,0.44379611118096585,0.39435966558836927,-0.009403254782481954,2.2953777512973947,0.22086620243270402,1.5959809004166576,-7.539771171993628,0.019461940717916404,0.020255881793200814,0.0002499526385544293,-0.01729227849968895,0.08098667362176126,-0.0558021
590,0.07408477409617631,0.31721131883659104,0.3913419145676044,-0.015094066922803288,2.2829425986400276,0.18396259845111834,1.3979539027457548,-7.311249962838838,0.015313311160878435,0.024700508019999567,-0.00031842191453312907,0.028853177258051144,-0.06258042404914166,-0.110262
591,0.022090209914904513,0.17511145898600344,0.38899711486674377,-0.01898003784924167,2.2725087756431903,0.15366519810101617,1.2143597226790446,-7.041941275863804,0.011132748819583125,0.02737283996326445,-0.00039898811319449834,0.02259593080727118,-0.07016360411585199,-0.286273
592,-0.028456422598019827,0.04317096714577906,0.3850846216409315,-0.02615854691825543,2.251392360720364,0.1000736956063687,1.0330930771075604,-6.791819600714387,0.007687175720073708,0.024673465094613878,-0.00041764136015354225,0.035162284974015634,-0.06244224968733603,-0.475261
593,-0.075428276498551,-0.07319064843183616,0.38147312332112265,-0.0322909527843778,2.2319954333093315,0.05211149212260629,0.8552828352517343,-6.563291599157336,0.004988021439946548,0.021350219693911043,-0.00033690813461095814,0.029050226288610315,-0.055501491543162196,-0.660012
594,0.053258189421710886,0.2353108365814769,0.40896334893032227,0.03707065898885545,2.2215702565215336,0.05162764566974801,0.5904866087523937,-6.785199123428537,0.015343354104713653,-0.05946972447246823,-0.010500134312264375,-0.02553929181687442,0.05252060875239373,0.537966
595,0.09658326048142585,0.32287607161935933,0.42574687467700956,0.07546412386141846,2.2325348183766636,0.0756540719163178,0.33862109162204224,-6.9101384262535825,0.013719920724136326,-0.015264139037665547,-0.005748664556191052,-0.020860146327752904,0.028598091622042077,0.310023
596,0.08797085663332078,0.2738149288060683,0.4342244966301193,0.09052249224838138,2.2348074002978615,0.0754292250582435,-0.01942886578660552,-7.5255040209001525,0.013396019744377275,0.007984980341966708,-0.0026422714766072275,0.0003744737667226161,0.14364313421339459,-0.163072
597,0.07732281938280405,0.22262009476052058,0.4399382356954174,0.09734599317436579,2.241087106381872,0.08673091894389506,-0.2537890869856998,-7.446526979831577,0.012054251250425774,0.008536884051086435,-0.000813282658977954,-0.006308291719995918,-0.018037086985699613,-0.235752
598,0.03212011702367308,0.08482076311217177,0.4406241814864239,0.09103647599007302,2.229305316115107,0.056415651833702646,-0.3676344486142442,-6.794374045096008,0.008509320575092155,0.022825757520482437,-0.0001322546227742194,0.020496735908239305,-0.15003144861424422,-0.217603
599,-0.0011001443861425528,-0.010547545042670733,0.4432692523945593,0.0899673725829147,2.233585126439504,0.06497276224826191,-0.41249900763678804,-5.9082054913236774,0.006968497090407359,0.016062982866210884,0.0003400650687952478,-0.0035657251069061147,-0.20387300763678784,-0.208626
600,0.13203199050425485,0.33357187655210063,0.4354431440797379,0.06005796434657651,2.281272374368909,0.21382594455489617,-0.6559206638425028,-6.136687074183373,0.014320865230049433,-0.06458494595639319,0.011167200658898313,-0.09640494183414372,0.05297066295239361,0.861905
601,0.2050933960839021,0.4967727749066532,0.4295635135763885,0.03877642012925388,2.3056657697538028,0.2633554725665266,-0.8177503558983448,-5.93015439458892,0.01065049242775717,-0.027094604981790393,0.005321183998985735,-0.03149472924029517,-0.04838002910344841,0.801426
602,0.18569547909173587,0.40122043022671267,0.4203297121056394,0.011485418035808555,2.286654423597258,0.19219661016189382,-1.1109465578361144,-6.393251207479579,0.011243166535579533,0.014380561717084017,0.0019131843608071186,0.047599151072570844,0.10664976895878198,0.3532
603,0.1306074337900044,0.21955318433471238,0.407154971851359,-0.023046970226837375,2.2241469423471227,0.01920375748536754,-1.6367566042775055,-7.916457068339257,0.010048208459667586,0.024656708588832732,-0.0001633792274304824,0.10741915147515524,0.35107572251739105,-0.417036
604,0.16692902907623963,0.29814583451049803,0.36523687832622037,-0.12779973984293683,1.9832647088766302,-0.6066494758677309,-1.5983445666719172,-6.447076044000806,0.015680007724687098,-0.01588443169227327,-0.001259289655037854,0.34735839426330783,-0.33669023987702085,0.309142
605,0.04237188344488002,-0.06314316338133308,0.37849637870195135,-0.0832154579834577,2.0787845647501424,-0.29884328067321564,-1.8859125941159094,-6.800506300281435,0.009486953133319105,0.05725601740180464,0.0005223799252509487,-0.14722431770302924,0.08367973267898687,-0.398796
606,-0.04455347470577401,-0.29413308774220914,0.3907992568011242,-0.04443548935640042,2.154547629214214,-0.0703840857640371,-2.1165594558431766,-6.8165455107860335,0.0050115653561931634,0.039564257961134164,0.0002809633789149224,-0.12690894999000646,0.0035998709517199856,-0.549363
607,-0.11148124432410272,-0.45007852449613084,0.39417790509185907,-0.03197081471486576,2.1820814855862443,0.010822780026165907,-2.341032989480024,-6.80370098379123,0.0025635757709138005,0.025676501280863295,0.00045920469394378216,-0.04876829982292907,-0.003065662685127535,-0.767171
608,-0.16415229022412248,-0.5529722424972748,0.40475968149560604,-0.00199068314821391,2.249524151459117,0.1825838737904625,-2.5070929248817193,-6.508950555616909,0.002965429942591481,0.015443490492363043,0.0002936797955475079,-0.09828997852974153,-0.06788359808682287,-0.868413
609,-0.19936694359592363,-0.5984325015985765,0.410030377408182,0.011785103487475529,2.285695553234724,0.2590346953355176,-2.62359128575746,-6.017384443462097,0.0034788838617979927,0.006361546539909835,7.667714986192564e-05,-0.04401162283833848,-0.11292995896256386,-0.939865
610,-0.023058883035432715,-0.08102554796103545,0.4227660750516237,0.04584820285754123,2.250082327008872,0.19432948947907167,-2.7762007014168506,-5.785207620568252,0.02655052014475513,-0.07937560933862464,-0.005350140372018419,0.019371568396582717,-0.054373047827057874,0.419765
613,-0.07454781640474765,-0.23370117313428954,0.43149377920576804,0.06089193756732059,2.2569077824524735,0.15115701862309885,2.7889840388496037,-6.460157795548918,0.027150467020154993,0.011647119635728398,-0.0017868212118878901,0.01236830762108676,0.0811953852598104,-0.433804
614,-0.10340901976187807,-0.2927813126936837,0.4352866473320406,0.06577122072051539,2.261407233262543,0.15077863538082295,2.632635461603936,-6.212654298636752,0.026312746942814623,0.008132765597489655,-0.0006075434195085272,-0.0011014989863045166,-0.053472191985857176,-0.455485
615,0.06415015622041591,0.12819048865411853,0.4090916157353213,-0.003602702024437243,2.2489642177079148,0.1494414137212342,2.3786470091994536,-6.4020161297899305,0.0014242231220839008,-0.0699144127798852,0.010631550643607657,0.021742138838646508,0.04958268240455688,0.758268
616,-0.06421585257770013,-0.18851626838497626,0.42405964728457257,0.031611241585974906,2.262071224697242,0.19263736440609158,2.191553485015854,-6.292950001251876,0.01691146562030407,0.06785019032574446,-0.0037814472282464706,-0.03839579337707022,-0.032659168573939024,-0.91738
617,0.06701004763232925,0.12399199858577908,0.40179689661072043,-0.02208504112306408,2.242511745203408,0.15001612404423914,2.0907562243639983,-5.829472673262785,0.004395277181057014,-0.05668824869813838,0.007814408260285788,0.04291205960548217,-0.13157610243089835,0.651536
618,0.10444056801696161,0.20152651251907044,0.3942623645724854,-0.037983083281317415,2.247875748863834,0.15249255598292072,1.9205728414023966,-5.7235446595474935,0.0032026103606808253,-0.014408303775370612,0.0030790582784230303,-0.00227239984148353,-0.02804448539249993,0.377821
619,0.05276762501081127,0.06168917699853438,0.3879886333811518,-0.04972486971318688,2.239293485773222,0.12153717098027411,1.7453245305001985,-5.650108782011542,0.0029392130023121665,0.025029922808209815,0.0008623711896453834,0.025916603520016235,-0.018535796294698148,0.193064
620,0.014679895181571874,-0.0364029332408341,0.3850682292918092,-0.052666795517956916,2.235957240460666,0.10604621292453745,1.4616369952268569,-6.097071586358288,0.0018043603891075538,0.016974930755284667,-2.7048110646354928e-05,0.010783706624708511,0.11017466843196022,-0.219334
621,-0.05318279209491263,-0.20261491288782418,0.3821658983182854,-0.05530250137244285,2.2275435851887733,0.08369166218895686,1.1064775167906804,-6.819401655578325,0.0020907733699041513,0.028860143434909613,8.57055922929284e-05,0.008850587606013427,0.17379118999578402,-0.63811
622,-0.10237457820204973,-0.30947463632856653,0.3574008661933406,-0.11022447273749786,2.0777236458000266,-0.2839677951815301,0.9290162310067647,-6.57796431153038,0.0023345272347917753,0.01779414271915769,-0.0011843809421261398,0.21789892561087454,-0.057369768993235315,0.986386
623,0.056430485042040957,0.12324140645775422,0.39389016706085933,-0.009264352572364742,2.147585494199087,-0.08216229627220967,0.7237484413853297,-6.511839111115736,0.004053345305203605,-0.0751223849048146,-0.011366849294143222,-0.10963652084983266,-0.015754558614670344,0.739503
624,0.10843648606642378,0.2478299427886605,0.41074089214281123,0.0350029720890859,2.1568986215815964,-0.05351805804632378,0.5028783690078593,-6.531407646336109,0.0044503065067031215,-0.020573038319571246,-0.00639398765780852,-0.023985332563261075,0.004295369007859318,0.498583
625,0.10886500454989703,0.22755316301505332,0.4260824295887882,0.07128104579508612,2.192513906945813,0.040557654229729824,0.012455393127633663,-7.856073398986459,0.0035951267149582204,0.0035919438204250476,-0.003096158367084545,-0.05546357191298856,0.3066413931276335,-0.294186
627,0.04793179853964041,-0.018902621149979093,0.43353051062585024,0.08001387606761315,2.191762170952987,0.049111684044661034,-0.3401092377647448,-6.979461394108616,0.005012100071439662,0.027872316986168322,-0.0002865626329793258,-0.007496319749357827,-0.13707123776474495,-0.203038
628,0.0015523994725668774,-0.145362506999072,0.43847630257187625,0.0861193714137971,2.2034326033470264,0.08087307405372615,-0.4371106239814382,-6.356660521192696,0.0023063593299242,0.018709423489396748,-8.356579854185142e-05,-0.014881113914870792,-0.1347566239814384,-0.302354
629,-0.0529754803586617,-0.2727592252806281,0.44175588668875765,0.08708286530452915,2.212534014312389,0.09954359170127117,-0.5752759230512452,-6.026707306763399,0.0007141221315250478,0.02126029147322006,0.0004089578535841909,-0.010550984991106738,-0.08119192305124523,-0.494084
630,0.09616588304983824,0.1334097325052378,0.43044937590842824,0.05094395278849923,2.2428117026277756,0.20740329955072284,-0.7620968265050614,-5.965221994692262,0.025884041611102943,-0.07937588512463023,0.012441782512336186,-0.08462079489448371,-0.01550249971016493,0.824202
631,0.16157516354987866,0.28680740890576834,0.4183136473987598,0.01661824040728368,2.2435961285577855,0.19924421757225444,-0.9487583010206806,-5.910855586528088,0.021808551153140024,-0.02648764470577225,0.005749024465859787,0.0036760040159209417,-0.016284974225784232,0.638323
632,0.16873131818278791,0.28074111659983886,0.41324341517357305,0.002512151354334361,2.252030789897842,0.2036401929768597,-1.1581096298148477,-5.966135647319446,0.0218047760239013,0.0010565439058347614,0.0025172331609564225,-0.00065089406754959,0.013778696980048633,0.398908
634,0.1876093084661683,0.2815490882334475,0.3611211571894958,-0.14659321146958626,1.9660081085590138,-0.6657590015786676,-1.371214705594724,-5.046499169575442,0.026095932304920945,-0.006192967337577571,-0.0010371816772569709,0.3634905747556345,-0.15069937879982742,0.350281
635,0.09879654092560584,0.01708881146331076,0.3800301135713317,-0.08533611913380312,2.089336086123556,-0.2832522870407383,-1.5845719418588415,-5.249562226281205,0.02288114705057879,0.04191257716908359,0.00034574926156238917,-0.17748258904793035,0.04845058493605503,-0.0622262
636,0.05138190418630469,-0.10290768419002966,0.3915871315622109,-0.05006593157817193,2.1575379209621492,-0.08948952685334602,-1.6923195405828915,-4.950579253993142,0.02052728866542232,0.02392000389468274,-0.00015978491715618048,-0.10835162046854752,-0.07427651378799505,-0.0472467
637,0.0038132001904669297,-0.21114258963731847,0.3966867822935678,-0.03384827418189642,2.188265492194189,-0.006890345275421636,-1.8580843752830525,-4.953700172787058,0.019136596325361632,0.020379382324526407,-0.00029398227526922227,-0.04904585801501904,0.0014859515118441635,-0.288774
638,-0.04604674322152446,-0.31630175993343956,0.3988755618858829,-0.02594110078030605,2.2048274762225035,0.035148372843882524,-1.9975925388157387,-4.837519632802422,0.017700965558114054,0.019303508251387047,-5.692050465588849e-05,-0.026339689879465222,-0.0289682120208421,-0.397828
639,0.07222761319589971,0.011812356615680808,0.4121134694687151,0.008851511713541607,2.193786362749028,0.04293697877888278,-2.325361172436591,-5.609189032527874,0.005752316572813457,-0.05790014569570978,-0.0055714437845733045,-0.009294355841109603,0.19128648115320246,0.624945
640,0.11598054394747495,0.12188284758674518,0.42142593181683563,0.03135738476030945,2.200697890363278,0.05947411703984759,-2.583166895636052,-5.943913332370711,0.0035252116110427345,-0.019136886062070424,-0.0032376524161108478,-0.014713215605268726,0.08145575795374116,0.47697
645,-0.015329452611633959,-0.36878256906048773,0.42835651019234017,0.03711357576731157,2.203313983804962,0.05722240096712149,2.7401027390992976,-5.822191302602091,0.0052698499528679235,0.028301217357495023,-0.00026680538417211963,0.0025950408990960128,-0.009752914490495534,-0.391737
646,0.1155840007594268,0.0007379973736897916,0.411586536216949,-0.007520882024988199,2.2635652941154443,0.2251246996670455,2.456162051528837,-6.131336970148994,0.009699219460619852,-0.056909026361466886,0.011459771249861195,-0.0699260234874286,0.07531272473394068,0.810053
647,-0.032318201925825074,-0.2870960204203732,0.42621905201589655,0.023572674222753137,2.270208706414705,0.2531882545648088,2.3161986252995206,-5.914518457375202,0.011959181634425565,0.06763213985793248,-0.004953549201562879,-0.0180691435711835,-0.06974202829027254,-0.755652
648,0.05176687420770888,-0.09919116562665159,0.4046685022616744,-0.01996505157701213,2.2513572994867608,0.21021545745129716,2.0699888443369376,-6.0909429021643895,0.002930397114497005,-0.04014122495799777,0.00753569275068644,0.042599442487115446,0.05789551754204103,0.441297
649,0.0721873710455239,-0.05230577264583427,0.40192963377071744,-0.023868928444374323,2.2846745947690703,0.2633040269493947,1.6901819815415404,-6.775888882428167,0.0017987887654009591,-0.010975219516965229,0.0031019882395875165,-0.038592071378579895,0.2171617547466438,-0.0977761
650,0.054623654086296866,-0.08389295292485105,0.3958642682521585,-0.03443296400900134,2.2772063889915093,0.23140378177422843,1.500074257656749,-6.627644314094187,0.001439152772067945,0.006959417246762634,0.0010573024729838565,0.025172190437798836,-0.04331976913814772,-0.0274023
651,0.012066006039086308,-0.16644713562742633,0.39147047019342235,-0.04112265804849793,2.268664773767067,0.20019816833217574,1.3088842981390236,-6.49762618007566,0.000166701145474283,0.01757520369826926,0.00022828163080879094,0.023585389961609415,-0.03529502865587286,-0.226617
653,-0.06421409077888311,-0.34822547788337255,0.3833069267546824,-0.054768548723565846,2.2390775630639808,0.0972664302078833,0.8874988543957558,-6.438333027878384,0.003971632382054856,0.026307009507882118,-6.512188281337927e-05,0.043713037285304956,-0.010282472399140818,-0.673015
654,-0.12237284260170636,-0.4619439279049881,0.384687232530625,-0.04714359537140004,2.2560198671180154,0.13202332597676278,0.7166537322701751,-6.243053220056578,0.0023300878438826528,0.019225320066931673,-0.00019778942521053722,-0.0230079318732046,-0.044581594524721435,-0.809561
655,0.035651005068369296,-0.05211816399747882,0.40694861628701917,0.008185953831773188,2.2132977498761948,0.06466065983688253,0.5697009087385472,-5.976505533177242,0.02306557143558595,-0.0755883901817227,-0.010121562165616549,0.017919690178404668,-0.06828209126145257,0.637983
656,0.1116763326490712,0.12813872306443652,0.42137475826428744,0.04060593026018817,2.2232453878759877,0.08979803713969961,0.44822597727122204,-5.630639869311296,0.018069876140543534,-0.032664280126422085,-0.005090301200740832,-0.022544528631718297,-0.0926040227287781,0.54083
657,0.1420116270129793,0.1889358473094137,0.4301862648575131,0.0579099793836616,2.2303435946549466,0.09985790017388141,0.361355417935898,-5.175645755801685,0.017543282265573525,-0.01094346033901994,-0.002733206962708845,-0.01113419157836315,-0.11689658206410192,0.478252
658,0.08677253441664087,0.042765097476976016,0.43264400878241793,0.059395346723771406,2.2202728980347435,0.06909980726838308,0.0571643411021352,-5.784151015505878,0.017621637693824514,0.025781440892274077,-0.0017601091159873405,0.02668512369671694,0.1531364411021352,-0.0959721
660,-0.0038788307122240157,-0.24113171500746197,0.4341968477263868,0.05328809704804164,2.199143297943806,0.010416891313426414,-0.39700967331192905,-6.124014559800606,0.011846474413420271,0.031921696847557524,-0.0009744862799099252,0.030800185126179436,0.058002326688070927,-0.455012
661,-0.04872737974484331,-0.3375906825966487,0.4387122788428675,0.06023401300980967,2.2107892922466226,0.04292695005100513,-0.4993829710970492,-5.663458514031716,0.009648939720542378,0.015359704300519805,-8.766362720358245e-05,-0.018306511787169466,-0.1027849710970492,-0.396598
662,0.08521430676375849,0.02710663702018451,0.42404261820621314,0.018769079485051417,2.219277384996126,0.09693802148719363,-0.774102296227579,-6.042155650728914,0.012888581040737694,-0.06741131011377322,0.009829828451449085,-0.0344608882133004,0.09482603056731742,0.701868
663,0.148900791728725,0.17936474750455453,0.41548685609443325,-0.003441494708836656,2.2302631246389995,0.12018809514423401,-0.9711488078503887,-6.024231856025002,0.009735270748390337,-0.027357573551352488,0.004852663001818858,-0.015591953425168281,-0.0054904810554923245,0.605138
664,0.12674000792765466,0.11137737094455978,0.4077242252829246,-0.021634439271052245,2.2178608450144823,0.0817527834061389,-1.2158377811619674,-6.223741820409461,0.009936123342618142,0.011670032111145368,0.0017582620453424624,0.028705613498816618,0.051094545632929034,0.303864
665,0.09827393010279353,0.033289968162383055,0.39653408527468814,-0.04627357065969556,2.1672829822362543,-0.04307553312369261,-1.7022931123504736,-7.5150416770680675,0.009750429744015916,0.01158417731326411,5.320581190515483e-05,0.08099999864463792,0.3221002144444225,-0.453597
666,0.05346233565527924,-0.07948598644805138,0.40180303623188524,-0.03002944661259561,2.1989259030448745,0.043076151776933955,-1.8014737628429092,-6.8000689276828075,0.005240281342430384,0.020474599030941842,-0.000231777247275744,-0.05028388056481514,-0.17364593604801293,-0.0570315
667,0.01791953187881009,-0.161989436231084,0.3983817460184298,-0.03572064073892172,2.180060221605668,-0.0027383241958361323,-1.9511601772271991,-6.434321533937953,0.003485510547339245,0.014098378697762648,-0.0005104184546604884,0.02787103116392542,-0.08730085043230229,-0.293063
668,-0.060031378930569854,-0.34739901399579737,0.40118691985060456,-0.02607746855799499,2.2067393083527254,0.06699170940963367,-2.156828824770263,-6.392561396873082,0.0007799791820301146,0.031812238226661904,0.0004172831902562457,-0.040746497050735186,-0.009792497975366743,-0.57624
670,0.063501211043126,0.12295486882439521,0.4105798255010483,0.01101752401268332,2.169566806175111,-0.017630135279821796,-2.5504188633779394,-6.226500543247519,0.017282586105276526,-0.05579020585287653,-0.003738022296585264,0.01284875547894293,-0.026297209788146425,0.617471
672,0.0377201095487333,0.014262757589798322,0.39876827496750444,-0.024094130520806445,2.067106965898195,-0.3157626712470597,-2.984128137225056,-6.312013473235579,0.0184216674231203,0.009565654345808916,-0.0020217876279806646,0.11274812681873692,0.013977516364737319,0.143487
675,-0.04790491791887946,-0.2601054741746286,0.4180243261043212,0.037555892368811905,2.1518679053188907,0.02659688669494814,2.7016689976558226,-6.171866046935328,0.013629233602638444,0.024491684209038578,0.00019667448299953705,-0.10278261279363932,-0.018997655933970403,-0.420926
676,-0.12291814067492236,-0.4195200664416248,0.42856770159631713,0.059929126514249254,2.2092856910754928,0.16643144663714837,2.4266596225032817,-6.425136413968462,0.010981173811320428,0.026688846317732384,0.0009394946329193132,-0.07268640036424312,0.06561396891348847,-0.780547
677,0.027688796653329212,-0.06866536418957819,0.40164076768716006,-0.0012230249631164439,2.1902340533585676,0.15198323903269664,2.215126704305419,-6.4175518012272175,0.01423113047806112,-0.07392668842350014,0.012518396419066935,0.014558022419381533,-0.0032716224894775436,0.647602
679,0.035136397661768674,-0.0369322016487591,0.3940961359583564,-0.021230448726873255,2.229622911116716,0.2241672460711318,1.6572838328461774,-6.970047073576334,0.013596878290770975,-0.004912662576303628,0.004856901803441449,-0.03413764818410936,0.11877490605128083,-0.0322874
680,0.011041888047599532,-0.08757595468380394,0.38991580500997436,-0.02905611458735701,2.247095155008253,0.24762267181769404,1.5536402268471035,-6.454791316931803,0.012475567637048069,0.010150431783307656,0.0022512026219363435,-0.012937794075361886,-0.1396030999477933,0.122447
681,-0.03192873166030736,-0.17208714411794185,0.3822015341218897,-0.04314917468509577,2.2230205441526962,0.18195517377581844,1.2261805848717815,-6.910292849283967,0.0113014538048948,0.016917011773734725,0.0005125422688236903,0.04561053715214802,0.13158925807688515,-0.476205
682,-0.07529397561647978,-0.25156179996950695,0.38222494127218876,-0.040106984391610485,2.234635103290813,0.19666115072427015,0.9990015581991596,-6.894601033482904,0.008943702108373088,0.016652412577967457,-4.180073144111063e-05,-0.012196513451480762,-0.0041177685957372034,-0.567677
683,-0.10738877460758649,-0.30342093751839516,0.3550006978989476,-0.09427794999771547,2.066708236813689,-0.17043757896924266,0.8727767265988442,-6.440475529220447,0.009562494352010276,0.011973930720930781,-0.00156011523036792,0.2560936086228749,-0.12434927340115554,0.997126
684,-0.14930446816375573,-0.37452047824519935,0.3653764622977661,-0.06519872531698473,2.140997096425338,0.005111689482192205,0.664534998005351,-6.411959122130213,0.006975406414487149,0.011715801587990349,0.0002935352161772542,-0.12364456082965569,-0.00816832878954532,-0.898093
685,0.01125692914714857,0.027733932395729632,0.393910053583326,0.0058533684172083905,2.1496143009142488,0.053784002560976076,0.5189255754991993,-6.0974001324614955,0.013135956889953542,-0.07949057186091624,-0.011505695638008628,-0.03395598534963806,-0.07954842450080069,0.598474
686,0.09475486542037832,0.22614080377979515,0.4160060147312607,0.057415860899231314,2.196014838941887,0.161161859785026,0.39727441592642965,-5.709873424003785,0.009208606083917721,-0.03677979981821178,-0.005930186910804824,-0.07611500588273046,-0.09518458407357056,0.492459
688,0.043174816137671865,0.01922350381620483,0.4296640751808134,0.08744491416977891,2.211963017399,0.17763279539389096,-0.12389540806670718,-6.422133048101721,0.007645445977748296,0.02404651316420292,-0.0034570432993148437,-0.003017035520683997,0.11534959193329275,-0.239245
690,-0.04768377803884265,-0.26617612572541427,0.4338805053719586,0.08367228298964735,2.193354413666251,0.10517700634899081,-0.5821903021282377,-6.560210022765446,0.0011053427778095716,0.02983184510200143,-0.0012890824396953882,0.03023690269236523,0.02247069787176237,-0.604661
691,0.09818132647679187,0.13545092781117907,0.4245607184044632,0.0519763778519131,2.2285319182649093,0.21576755140069095,-0.7995699046962002,-6.556697117649273,0.01732034520319732,-0.07079375098967189,0.009799206830603868,-0.0672833023226942,-0.0001425779013035644,0.771369
692,0.1651389732461745,0.28206774997809886,0.4096176009067225,0.013086645487818759,2.2016799594732057,0.1406826854405438,-0.957400451612922,-6.305788660086445,0.015088813202559151,-0.02668040990557552,0.004446015159147443,0.04301928944041711,-0.07042512481802543,0.683821
694,0.11325262429630678,0.08162657384871136,0.40638509599196965,0.001316617351969352,2.2148087087740596,0.15491803433777745,-1.4617205623820286,-6.69054992779039,0.013105561086631815,0.025073461672876718,0.0013332310641196443,0.004311273025324525,0.07436406441286803,0.0347117
695,0.06389494921147337,-0.044342096498655004,0.40837400671234125,0.005863912526185048,2.2338832296933773,0.193020669387014,-1.6623080813831408,-6.596228649526579,0.010038194706866056,0.021546465788888636,0.00021009495974766423,-0.018370106754267645,-0.022895554588243883,-0.0686162
696,0.010934654469429941,-0.16131431049348635,0.40411823191826224,-0.00412665315806151,2.2136227330189806,0.13725802245005142,-1.8904027708370492,-6.628439212056392,0.007301755434437245,0.021426893867765084,-0.00014508801981927277,0.0359383117092289,0.00920755595784728,-0.328814
697,-0.024707230820107857,-0.22956703494754632,0.40698087220958923,0.00254559167328915,2.2319603389869203,0.17008179750861066,-1.981717442446945,-6.071562060836146,0.005705124737645269,0.013731139587898955,-0.00014365579100505954,-0.021962187865517624,-0.15123411565204847,-0.259687
698,-0.10683761222816186,-0.400209163711101,0.4065733945083619,0.0013159011360702854,2.2461742447738926,0.19259692293939287,-2.269656249002714,-6.451865787029221,0.003311056403435169,0.03303505835443321,0.0010534718675661026,-0.016347418781583745,0.10057807779218253,-0.799438
699,0.038526418396236994,-0.02407289689883957,0.4177944845075529,0.027713088755875272,2.21895148261652,0.1547633433230536,-2.5049554765691946,-6.543457415518551,0.021917699245309136,-0.07505020616770341,-0.00400703864139107,0.0005588278531516444,0.022957177020598518,0.61368
700,0.09488670081128964,0.11362934583416173,0.424397406084836,0.04142518556170602,2.217209598755877,0.14340411252021507,-2.717170937065959,-6.51718347786806,0.019064575622418874,-0.02442225486234051,-0.002753551276095223,0.0031003208496103163,-0.008638283476165576,0.43306
705,-0.04182654025825254,-0.3874510068962478,0.43349951770903794,0.0479682746595685,2.241857489176967,0.16547657736353877,2.6434869932972465,-5.866202157108949,0.010191788182663468,0.029118490449345114,-0.0009744573031467141,0.007695262030016803,-0.05243366029254659,-0.445672
706,0.08714694698943673,-0.04452043932773686,0.3618489015121517,-0.1296205295164623,2.001965227882848,-0.4301767698601891,2.265019135705103,-6.497379024947975,0.013169370739710928,-0.042623115422671276,0.006681104943013327,0.2882966855003819,0.15419648211530967,-1.03077
707,0.13717662179699008,0.0671500874486644,0.363747575361963,-0.11580908265221647,2.071901570173465,-0.24039985792684357,2.11863320165467,-6.261647956965277,0.005408186494520618,-0.016978711324001416,0.004035067455451902,-0.11842181323934442,-0.07640912514022657,0.624246
708,0.11976238693807803,0.029330263753355797,0.3771991199284571,-0.08125071732273526,2.1736657327472186,-0.022927359231915717,1.7112237276112356,-6.972993477950068,0.0048501125021108964,0.0111756895826014,0.0008503825605736814,-0.152812081051811,0.2404714008163391,-0.100044
709,0.10135680372544088,-0.007578915824818004,0.3825613824655387,-0.06543102804993889,2.2171711703787818,0.06544163811556926,1.4926393324213825,-6.9172790127547366,0.0033193311237451886,0.010256473118277931,-0.00017158749195855805,-0.06519049190584747,-0.0176434943735142,-0.0605135
710,0.05413933049296656,-0.10092646722549314,0.38179808352031186,-0.0625848203831641,2.2204702297774452,0.07101988337014017,1.5185021689163474,-5.848464696670917,0.0009374016029929351,0.022209171667906258,-0.0006097112514460434,-0.0014155417438068696,-0.31239215787854935,0.260098
712,-0.049198267669059464,-0.3644098285862794,0.378835960352059,-0.059002115543071984,2.2203679543948733,0.06551816410892855,0.9931649419566941,-6.497327176275292,0.0020316115739134524,0.03769809090931142,-0.000610506260058763,0.0023702630570237027,0.11833661516179772,-0.695968
713,-0.10754598923300465,-0.4732917569244751,0.3746880691464086,-0.06378632139999957,2.1953016444347075,0.008480160636643232,0.7656185038746828,-6.546459798134492,0.00099933297616423,0.020133160525604765,-0.000641539731154328,0.029456209094538277,0.0117611770797863,-0.816939
714,0.04662279942308957,-0.08299645051199528,0.4046179149648989,0.007973131534512803,2.20059328855288,0.06030889842302251,0.6082431479474777,-6.284422903817034,0.025285205503029724,-0.07915641860305866,-0.009548366439445122,-0.06291948516058321,-0.0681648520525222,0.676408
715,0.09067579138708666,0.022981290549768205,0.4251323726363341,0.053038429146260425,2.239266121423184,0.1452229145358473,0.3328514509060647,-6.5751416782206995,0.022042192741083252,-0.02063181142541959,-0.005691985925937004,-0.06276631080235529,0.07484245090606478,0.258009
716,0.07728468323277804,-0.009225895897160628,0.434360887097456,0.07003033569719264,2.2486418406454582,0.15525797581693712,-0.036581429527428266,-7.250499669095408,0.021884904980629265,0.005759237438828446,-0.0029943999276080824,-0.006776671565709158,0.17424257047257186,-0.210824
717,0.0344559714649612,-0.10831640226075862,0.43734953285983186,0.07175646326417472,2.2390132677881276,0.12617579579012048,-0.2534127755025044,-7.136375502392051,0.01922279237009954,0.018341578973905648,-0.0014757752553453685,0.020187361086369204,-0.027373775502504305,-0.226039
718,-0.020156818608464848,-0.22952212500197844,0.421678316561594,0.03034960712832207,2.1413751642910572,-0.10130900454592287,-0.5436939199813642,-7.382694315431527,0.01575248067933133,0.01998089945800352,-0.0006136321454239813,0.14576639611089615,0.062232080018636005,-0.605926
720,0.12485217288738792,0.26213476091038296,0.41726341168936976,0.005851019869395929,2.206729447914494,0.13377158229211278,-0.8922479425339596,-6.661839625586102,0.0001879842122340311,-0.05528389064916839,0.007686509630410399,-0.08935985593169748,-0.11811261573906284,0.796661
721,0.15539865786313992,0.31964222283948013,0.41165052197346746,-0.00962145557520752,2.217410960943446,0.15114518599639853,-1.0947020528701565,-6.573848869030331,0.000667984131924485,-0.009158517921353138,0.003112354708433962,-0.011298271683812366,-0.01924172607525998,0.495336
722,0.14362222048473927,0.26408310811675423,0.40955017843288777,-0.0140903020846717,2.229586643601278,0.16898196847559246,-1.3031306434247663,-6.524421327016962,0.00030455981739165814,0.009756214727746126,0.0011958277334036538,-0.006808762095666943,-0.012339316629869757,0.280005
723,0.12794160083809797,0.20474470538734213,0.41272593525473605,-0.005537920394517285,2.256240022188089,0.220562130792794,-1.6140947815213245,-6.941336214963761,0.0009280498163316744,0.011152798617231507,0.000178411532739009,-0.030774212816733204,0.1069455452735717,-0.150244
724,0.06721998463524227,0.04092144713632345,0.40802386016424064,-0.016029114169731674,2.229880282284771,0.15015551053330106,-1.8390190129108552,-6.912994271259903,0.0038935886591345654,0.02896866564689793,-0.00011963773986378712,0.040669027929162826,-0.0070896861159583935,-0.261133
725,-0.007864890266373964,-0.14683149297086506,0.4077704698327603,-0.015382836116789903,2.2368114894499778,0.16407075812653485,-2.0087962891950024,-6.63321477623633,0.0013811658613490105,0.03366406140080791,0.0003075234837441876,-0.008452871875485268,-0.06915696240010583,-0.368843
727,-0.10521869997714886,-0.4223426414614638,0.40719244747026573,-0.014308530203811913,2.253426718277378,0.19254878369401449,-2.4088199653531297,-6.420665817579569,0.003914538502735791,0.03467145386344139,0.0008280080313403104,-0.018318992316467053,-0.035003638558233074,-0.80302
728,-0.16850886171550555,-0.5544123083672468,0.4100770537029366,-0.005770289760615941,2.2832058564845643,0.25479397232629897,-2.5782880704749873,-6.219707358310524,0.0026062263208338574,0.020091506584780205,0.0005456292696481846,-0.03602287624577505,-0.0448237436800909,-0.962668
729,0.005269021060387791,-0.08166409216047166,0.41794969736178217,0.014483553541311324,2.2257807443358435,0.14592435846323207,-2.68868600846731,-5.790880338851758,0.026028888353017185,-0.07816033905725828,-0.004768660645661615,0.04622131718430156,-0.10810135487751715,0.561008
731,0.009971186568513181,-0.05210598691333046,0.40328529794351115,-0.02728959989020307,2.1081086484981295,-0.21261651204745266,-3.0353006621664234,-5.60509090124781,0.028569382113327903,-0.0027047149014620686,-0.0026831489993068836,0.15333259072329297,-0.033384008576630375,0.139676
733,-0.051161525323193846,-0.22528960527915826,0.4126366395969384,0.004029184495738226,2.1443035887580426,-0.06970481277339999,2.7677162527929253,-6.080423430279768,0.026703281505348314,0.018155931128034375,-0.0004733156382377146,-0.056373265666824324,0.08240159920313328,-0.456278
734,0.10226690991099571,0.16930391999721434,0.4064483767955101,-0.01236030755661888,2.2449560328335214,0.2157681399332456,2.524754431007219,-6.247376963406952,0.006579728189213308,-0.0690732911238956,0.011247211723373063,-0.1304518420863845,0.04509310421232238,0.908865
735,0.17443981943192144,0.32023339701706166,0.4016449349065548,-0.02239556474347871,2.284991214619191,0.29453331848169617,2.3506434530548628,-6.111406906744428,0.0036541038488428347,-0.030134152286009908,0.0050359439629561464,-0.052372080368495055,-0.03787087374003395,0.817718
736,0.19248391738966475,0.33665870365331646,0.3912092024393561,-0.04383667130365296,2.2598175776991205,0.2168687784200219,2.187206444576775,-5.942297094730064,0.004126470733204485,-0.004048334287479083,0.0015620611818167873,0.05026848937099926,-0.047782882218121436,0.664193
737,0.19299121327577823,0.3125854121212419,0.3846509654116246,-0.05504574603132967,2.2381715912875766,0.15335467436409603,2.080405202687853,-5.547511377667968,0.004333574626554403,0.00373030519092854,-1.8383150528045178e-05,0.04345649634239601,-0.10775012410704354,0.617359
738,0.17215106774091796,0.24054770668951964,0.3925055264397671,-0.03330847242594573,2.2867323384486826,0.2527347037553395,1.851933702821979,-5.743785996049838,0.002634452315628672,0.015054577624649568,-0.0011230772866546168,-0.061550298240061085,0.05151037602708275,0.229627
739,0.14566497881921975,0.15924800885077123,0.3968595651231492,-0.020636518586358017,2.3109951626909853,0.2922318367056055,1.5347888536222891,-6.322730314496382,0.00044946306739414386,0.015406983330558344,-0.0013083539194478355,-0.022527428375389125,0.14538652682739261,-0.181394
740,0.07144412112622368,-0.03122331594989977,0.3929532795069352,-0.0278301888831846,2.287556306575768,0.22641967622396728,1.342469341896189,-6.236657241791594,0.005852723985154978,0.03448808666470082,-0.00024683670756608933,0.03617628761188518,-0.021068984898707566,-0.207258
741,0.0016388338151315102,-0.199061293055527,0.3841413026580082,-0.04623844129995576,2.2393089866546587,0.103871331050271,1.1215209508671045,-6.29982436509181,0.000925720041174475,0.027952430225115954,-0.0005680335597557651,0.0770778397853702,0.01589762407220796,-0.465173
742,-0.06968280569972357,-0.36068210964786507,0.381528367227971,-0.04866368779059101,2.2288822237830868,0.078035563768187,0.890766455468694,-6.397463846348561,0.003339078189528718,0.029331319751143337,7.496963161335302e-05,0.00849227193452018,0.022856128673797382,-0.702886
743,-0.11825339695927034,-0.4537422936572699,0.37889896071473417,-0.0509987495644498,2.2183965297811596,0.0502016127390484,0.7238760711677781,-6.174382589212619,0.0009949701014717116,0.01607560723533652,-0.00030703679845123233,0.013568625742322205,-0.05189425562711847,-0.795026
744,-0.15386185127892646,-0.5067225589728688,0.38030047723488114,-0.04324434031771265,2.2313281091680746,0.07824941049810065,0.5988036346203711,-5.78399262485748,0.000631784376206234,0.00864765902279574,-0.0004158047106956886,-0.01867750496306142,-0.0905816921745255,-0.881411
745,-0.007520403572583878,-0.09043547886731851,0.41045335985900977,0.038721412481583055,2.2238709391073432,0.10160505604766586,0.3745631379203682,-5.937837195797926,0.02843229703618699,-0.07003095533484238,-0.010045397545754398,-0.047222680004447515,0.03547713792036822,0.339086
746,0.035398948162321,0.029529083315261023,0.4241660766900101,0.07135072998510168,2.225155942017165,0.10083699912353672,0.1811220331075747,-5.914123670945808,0.02583286683990488,-0.019043027302430016,-0.0052320040670950085,-0.0035716915492636225,-0.007864966892425329,0.188987
747,0.03188142805256275,0.017514213252814756,0.43131063237597483,0.08396631768407878,2.2269048058880623,0.09666585624712676,0.02458686507132457,-5.717467778210938,0.025828182141036535,0.0020664844593385467,-0.0021281377022472903,0.0010824709714269964,-0.04512073492867552,0.0697076
749,0.15485596370698226,0.4203996987900982,0.42403216627637,0.03963392711541918,2.2580385462983528,0.19891175070517125,-0.6069215158140726,-7.001047428957845,0.012897393581866312,-0.04469458961384376,0.006449140499273476,-0.03228256106801597,0.20123281098082435,0.762642
750,0.19410338320903173,0.49149964587270983,0.4185784128504602,0.02059634903916589,2.2680098794453145,0.20853105914165296,-0.9132762223445026,-7.338280714356165,0.012580976451637754,-0.010344756435780589,0.0030212551845338886,-0.005046075439706588,0.0727621044503941,0.584758
751,0.2530213184132064,0.6007412121098921,0.42969676675515206,0.04680799298761177,2.3402136639052484,0.37288806859476187,-0.8017102525126591,-5.755526016152258,0.012278750459140855,-0.015087698086872159,0.0011144738014050581,-0.09672821855131675,-0.3903639257177627,1.15945
752,0.22601711639187072,0.48276356211154725,0.4186675397954901,0.015920858847836825,2.2949454758208994,0.2320064455234986,-1.0241541630992517,-5.890356785513839,0.012549196220056243,0.017570209360570743,0.00042125447544405503,0.09009597468587538,0.03451616369564503,0.512126
754,0.12526946342640705,0.07909983105700003,0.4115775230257232,-0.006881653683465376,2.2607642580262017,0.108537338625978,-1.6181771271330323,-6.870684593922953,0.005258443753107963,0.041222445898363436,-0.0010993060519135511,0.07295902868886861,0.17048019966186434,-0.217861
755,0.06653551920816114,-0.08110737644417218,0.411560733111433,-0.006181140935430798,2.253409549604847,0.09137733690788025,-1.741310700808335,-6.401766422117286,0.0005056571901547787,0.023549750640099898,-0.0007120986287421083,0.010233378829421547,-0.10828817401343871,-0.0622262
756,-0.021331747085810593,-0.28917197496498814,0.409654651299427,-0.010267633377224562,2.24581192770365,0.07489094677778828,-1.9803429274303352,-6.510693791776212,0.004828432374417507,0.03689878669747948,0.0006718298813930268,0.002393974566324175,0.02758639936456131,-0.437133
757,-0.08116985374032509,-0.4095582825677591,0.4129458312808074,-0.001739943024632545,2.270320715773537,0.13121468033419317,-2.1469644300049837,-6.289883422467359,0.0019712415207101177,0.02201490286688612,0.0003584013957742549,-0.03643542776880215,-0.057636103210087164,-0.518532
758,-0.1484526169360058,-0.5389306214934161,0.41393828425688006,0.0005734101116318204,2.291081840694719,0.17281042506762997,-2.4057521393828143,-6.5118633049062105,0.00018167833004698736,0.02385469867878287,0.001133196349804244,-0.02971475098939047,0.057174187412082134,-0.89213
759,-0.1893360387432723,-0.5949574243197819,0.4174475903917416,0.008736689769885826,2.3204830836231976,0.22845892669193715,-2.5590949511523924,-6.2160610839094215,5.3679557145224404e-05,0.009552736291002173,0.0004522518961800337,-0.03663966915810457,-0.07410862435749577,-0.91419
764,-0.16769033583699083,-0.21282114043160366,0.43530658157807245,0.0645290304853983,2.295240176913239,0.0512058764028136,2.652789238006819,-6.357584614621826,0.003907127134267746,-0.018210522854737565,-0.004925571450772992,0.043124322880279564,0.011902584417025075,-0.500706
765,0.05534507130240249,0.31567553395622266,0.41242530231965935,0.0030095444546644895,2.291227522837039,0.09200858289562362,2.413373166263833,-6.45303213938063,0.032660763137932605,-0.09145033215737364,0.011007842224684428,-0.03507189865651128,0.022743839468936322,0.819833
766,0.14392585190580087,0.47369201478353423,0.39593729235748615,-0.03171794922284669,2.267881210506782,0.040597178841995714,2.209520863269658,-6.413721087217815,0.028591249536708756,-0.03125036638472789,0.0048299164194705035,0.02875318306417718,-0.01686846352523874,0.655593
767,0.17349407228109667,0.5009488613107586,0.3867019799739117,-0.04780262000509418,2.247233660070114,-0.0036377094473418956,2.064511601629344,-6.168796554850363,0.029032322251764685,-0.005907757336621078,0.0018677287566664091,0.0304221186717184,-0.08345772516555261,0.577173
768,0.1464351525123102,0.41453852492669907,0.38685699130958995,-0.0443329012541431,2.2593790895122137,0.02240994491870218,1.833905007870074,-6.265660590493631,0.02744850704737834,0.019193711543017855,-3.82719598071013e-05,-0.01317299005659045,0.032436681075177276,0.230672
769,0.0998068219061479,0.290095747784862,0.3890010845493329,-0.037037187850313145,2.2780642308284547,0.0630770577023121,1.5503272995902293,-6.574146379074607,0.023524085233196827,0.026536918021390132,-0.00036794736353229496,-0.02443474389564626,0.09217597279533285,-0.112645
770,0.05643493997190922,0.17521673978963578,0.38594734290070454,-0.040643779187605124,2.2618955668788434,0.03207448142011836,1.521226062514641,-5.737317099923958,0.019044728077041488,0.024151314020891324,-0.0005264229014922961,0.02502154727886996,-0.22596226428025545,0.176392
772,-0.03365398999638394,-0.1142822512087068,0.38531938897977713,-0.03482263024662974,2.265610665591139,0.05027052884423215,1.0662312559300835,-6.089494471599496,0.012350574321745737,0.03758147460772587,-0.0006238776180031991,-0.004996911043853913,0.06273292913518702,-0.567298
773,-0.101543232221529,-0.27298695328773137,0.3856538802489017,-0.031145054934170434,2.2674774950847967,0.05840554306791054,0.8281376540990775,-6.246492736401366,0.007906625151382584,0.026769256919404683,-0.0003055411714414369,-0.008086327694784678,0.036223327304180764,-0.778882
774,0.053237238811374904,0.09914260675082143,0.41297711804733606,0.03437677452755652,2.2518388467759958,0.057062198239029735,0.6376524614307604,-6.172044911433884,0.017915821745812983,-0.07443693263891848,-0.010550081752962903,-0.020384668836059383,-0.01970553856923951,0.657358
775,0.11414289622887361,0.23084064792337308,0.43019317262744555,0.07115934589407538,2.2641451625277162,0.08476119817995197,0.4244328845166194,-6.203910089681193,0.014784533577081597,-0.025046832623872195,-0.005842317625947224,-0.02510654806725876,0.0068828845166195585,0.41755
776,0.11806630391494384,0.22207303569129658,0.43768252799855256,0.08315227938040166,2.2596486143341092,0.06814944025935946,0.22747895758437808,-6.160287573703012,0.014854269368989061,0.0015416684331617247,-0.0028238940989022687,0.009325629918206069,-0.011102042415621849,0.238581
777,0.09273541370196509,0.14431893421966233,0.4401389914219895,0.08263253281819613,2.2474529035185733,0.03698556509970509,-0.05175055070281598,-6.50232410553918,0.013748133210516508,0.013446765618021939,-0.0011523132824486915,0.022230314015872388,0.085989449297184,-0.13774
779,0.0464094265090275,-0.02702517009515537,0.44006947141524727,0.066936098946301,2.2217772316463438,-0.02964386713385736,-0.34842846552586204,-5.815675920971968,0.00868740374385616,0.019599858251658553,7.538349989832938e-05,0.03308126278931178,-0.112353465525862,-0.236075
780,0.15407038321919758,0.25968414468519757,0.42840924635411193,0.029522670347069083,2.250116747585688,0.07138534582861773,-0.6447992380113221,-6.282163035193776,0.006564581755532813,-0.04774702437600142,0.009473480088171726,-0.05748092593664289,0.10478808878357482,0.821209
781,0.18254691947794838,0.3085459954409732,0.41520336737245533,-0.0049838047118958145,2.229265190260116,0.01743145786880633,-0.9019051405022602,-6.493315436172784,0.005730202604717709,-0.009153070259941387,0.00419207806312949,0.03200957646632485,0.0528161862926364,0.616075
782,0.18054648540161797,0.27895811240000057,0.4110884649790278,-0.014500752250615081,2.232697695547143,0.024707516266742304,-1.115141821105543,-6.4770717128708,0.00544679899612972,0.005293975113330962,0.0018226119723614431,-0.0015886526238211296,-0.004104494310646523,0.459759
783,0.14367169431978144,0.16800241872419497,0.40545438945996215,-0.026630776580083337,2.2146123583134596,-0.016264910907557596,-1.3019099629126873,-6.345845751342129,0.003832082040727338,0.01875705615902712,0.00048384596154349424,0.03169028411220376,-0.0331506361177909,0.302037
784,0.11909732881847462,0.0946902063024823,0.40325893396280804,-0.029696574337793324,2.2069158279931775,-0.030274460722294932,-1.4165934499785438,-5.898747614290655,0.0023421479402214443,0.012594095284029994,-5.9284987605767725e-05,0.011192621882361031,-0.11126912318364734,0.265472
785,0.06152009220041784,-0.05550696720275884,0.4062336660311808,-0.020129608138725254,2.221747675796819,0.012637988837180824,-1.6153558513204382,-5.909449509152035,0.0004752831539043844,0.02641718913770008,-0.0005045590841485925,-0.022807531105562884,0.002687175474458403,-0.0472467
786,0.0011799879707517225,-0.20243770148621837,0.40797716685045404,-0.014211149026607507,2.2312666467481774,0.04039977484439158,-1.83047491598758,-5.993776974111537,0.002703366693065607,0.02604232500517245,0.00014715875093163078,-0.020780885640636626,0.02006641080731697,-0.279745
788,-0.08939112853660224,-0.4487227635047508,0.39051190427010773,-0.061966626624978795,2.1521776598261098,-0.2086319402007046,-2.2422647751863125,-6.057569836683355,0.00899932922138698,0.025548983011006943,7.144400973446707e-05,0.10585147382315618,0.010140878403481324,0.889187
789,-0.1591045274934154,-0.5983308020653002,0.3998028813837074,-0.03269970428102164,2.216632165478642,-0.0070972255758830205,-2.472890401145266,-6.186999621468445,0.0011308617875080088,0.019644176277495706,0.0011730050907718947,-0.10564937535694296,0.02805092564963063,-0.930145
790,-0.0031976515106391934,-0.15257621271600336,0.4133017482429378,0.003934008682069924,2.2025340256833355,-0.009661095445748303,-2.647132102546362,-6.0464822045287985,0.01672284731298626,-0.07983476811231194,-0.005512863742538343,-5.1634895430918704e-05,-0.03451544895656866,0.528976
793,0.0027121551195950777,-0.0858081533546862,0.40059210593109756,-0.032168131877879265,2.082314030606557,-0.3683392359010712,-3.0889298074549103,-5.300183591997177,0.019061382313493164,-0.004828847614434473,-0.0024447564655436516,0.1176081487219589,-0.09961215386511713,0.152275
794,-0.03823067601297531,-0.1840021251362271,0.4163131949390845,0.010419113360620923,2.1531226073288523,-0.1565972052425139,2.9354075833717808,-5.632134710555983,0.017714600466168337,0.013813591985054607,-0.00024358083425024546,-0.10285540278346783,0.07840592978198746,-0.284591
795,-0.081838491838754,-0.2696005352155818,0.42322663852475945,0.025513318044931014,2.183091859253743,-0.07350773654376355,2.688835221055978,-5.863193879729843,0.016019918622098034,0.015747329735377846,0.0002783206187264575,-0.050696018233332474,0.06572056746618493,-0.518478
796,0.07343648525871481,0.09643747094442945,0.4113085193733716,-0.0026876056695371887,2.2483958184950477,0.11177079761290859,2.4702363190607137,-5.957132055469756,0.00838688344982054,-0.07989356918513568,0.013109484671301352,-0.1090641157039407,0.028502992265817095,0.870937
797,-0.05820445335241432,-0.19894421222458958,0.42378760584025615,0.024989391505994888,2.2564965085364785,0.1503434951403777,2.2554712027636272,-6.024611793489428,0.012077037639876973,0.06698810563237201,-0.003508608656419998,-0.03080783507779694,0.019139549173833093,-0.905261
798,0.048190692722548806,0.05789918686709916,0.4050195401203002,-0.0191879668666031,2.2515805279070618,0.14500471683803554,2.0394138422863985,-6.093798162795843,0.0008231113726064037,-0.04895242633649577,0.00784748215057629,0.018165548353004546,0.016740515491501906,0.451877
799,0.09160151856915812,0.1545011973025349,0.40157720762234905,-0.02605465604741175,2.2810818886372917,0.20221543675735312,1.8236737791832383,-6.149896311151331,0.0005588180477846,-0.018522910996261466,0.003397515349204294,-0.03870692999477843,0.014538452388341838,0.238339
800,0.0782525640477891,0.11053764767382207,0.39764948907546716,-0.033279622273690294,2.285222585183998,0.196854736293238,1.5757351191507105,-6.351292059495884,0.0002254257738739329,0.00808467593570894,0.0010937346162132044,0.00551948315954931,0.04979259235581379,-0.0448538
801,0.031599108660708086,-0.011605757213448045,0.391616665690565,-0.04479242264171834,2.266735547347089,0.14213446671458813,1.3396200865719834,-6.467911533792977,0.0019351118560912957,0.021731244358302426,0.0005057344257051177,0.03331321587571168,0.02812375977708692,-0.2593
803,-0.048311454094946,-0.2569413803236699,0.3861286860056201,-0.05155597035420858,2.25235158102967,0.08693131151832367,0.944605098379423,-6.283318267277023,0.0036658523091882434,0.02986383289571437,3.393885615743386e-05,0.018828885204775325,-0.029394228415473567,-0.596797
804,-0.10950927594029039,-0.3972760000424357,0.38520263608778704,-0.049460348205808906,2.2555625451135906,0.09229266927494104,0.7585277639168524,-6.177385595529573,0.00118744426927178,0.021399657791015603,-0.00011512852023765063,-0.0052879144011162005,-0.02307756287804441,-0.789191
805,0.04906119113024361,0.03262808351531893,0.41211414649914774,0.02133757690076738,2.241079854781001,0.09352613825703888,0.6010232510207913,-5.9639802357612375,0.024785521703261742,-0.077153069251231,-0.009610261243590212,-0.029183194849935923,-0.05300074897920881,0.654024
806,0.10777992072157921,0.17327379583334704,0.42568303104291594,0.05262283455610915,2.2401347556788718,0.08947991290616492,0.41200174516033927,-5.9186660339098625,0.021377740944662146,-0.024254298377810013,-0.005452208310346762,-0.003904122077773131,-0.014030254839660916,0.426032
807,0.09837038177965238,0.1365895127546817,0.43013749201582224,0.0594532155718938,2.2243657553841465,0.04440544577496681,-0.057243056655627456,-7.15469451932359,0.02181449892957346,0.005335719129292205,-0.0028439744196857575,0.028854133186525743,0.3138519433443725,-0.371095
808,0.07680973446956418,0.07193325540714217,0.4363194431703742,0.06964818068924178,2.2329342059911705,0.06476321468633496,-0.11253810268374309,-6.306848865666661,0.019671778060894478,0.012069386418641859,-0.001169778716340275,-0.011554265049304124,-0.2100793026837433,0.0975412
809,0.02406749997547103,-0.06613833633248499,0.43919670421020063,0.0710397384750406,2.2341366530019466,0.0661875658940292,-0.2967239969263038,-6.181198305947693,0.017498363986986905,0.023954905111154723,-0.00039126862280358665,0.0019983527365718956,-0.029349996926304023,-0.267374
811,-0.06555405558759403,-0.33803339011535016,0.44134357769113464,0.06343823135035777,2.227388519609561,0.04507963321202593,-0.6692654513502494,-5.981237592083515,0.012776295556613807,0.0306258014898364,0.00018707096420023106,0.010918442562799946,-0.031179451350249465,-0.638086
812,0.08877603730343181,0.11030885340175495,0.4257521626732636,0.014606613529753433,2.233397776550152,0.10289540718185483,-0.8538544498591287,-5.91464398382639,0.011854537655750768,-0.06865177875211703,0.009432329493879621,-0.027273793912659716,-0.015586123064232016,0.732528
814,0.1308818964022517,0.2164695684453003,0.4133409423435404,-0.0255536860957149,2.2281195094444066,0.0707647670197527,-1.190032880094135,-5.645702657962284,0.011209458855345602,-0.012044354339380448,0.0038770151399587505,0.013639678025526791,-0.0471845532992381,0.427948
