frame_id,predicted_x,observed_x,error_x,predicted_z,observed_z,error_z,predicted_yaw,observed_yaw,error_yaw,predicted_distance,observed_distance,error_distance
2,0.171498,0.129554,0.04194400000000001,2.254,2.27573,-0.021729999999999805,0.07593975406166752,0.056867,0.019072754061667307,2.3037795596899024,2.32341,-0.01963044031009753
4,0.12987634585709415,-0.00444923,0.13432557585709415,2.275563001729099,2.19422,0.08134300172909903,0.05701252715987591,-0.0020277,0.05904022715987578,2.323250469977019,2.23703,0.08622046997701904
6,0.024743224205500743,0.275006,-0.25026277579449924,2.212001416832133,2.37264,-0.16063858316786694,0.011185432387856924,0.115392,-0.10420656761214309,2.2552124085157446,2.42698,-0.17176759148425536
7,0.1878911810875387,0.244687,-0.0567958189124613,2.317205110234766,2.25892,0.058285110234766346,0.08090825174438551,0.1079,-0.026991748255614567,2.364524316607324,2.30911,0.05541431660732421
8,0.23700427158949056,0.189161,0.04784327158949056,2.2941848608907067,2.21924,0.07494486089070662,0.1029413590641396,0.0850313,0.01791005906413945,2.343924152755674,2.26379,0.0801341527556736
9,0.23310010926821462,0.136876,0.09622410926821462,2.260713994521213,2.22041,0.040303994521212694,0.1027459790044404,0.0615666,0.04117937900444035,2.3088701817847275,2.26121,0.04766018178472731
10,0.20384510061307734,0.065452,0.13839310061307736,2.2412773158804415,2.0727,0.16857731588044134,0.09070087179896875,0.0315676,0.05913327179896877,2.286009997063138,2.10847,0.17753999706313772
11,0.15160373215021025,-0.0183617,0.16996543215021026,2.161306294190394,2.24609,-0.08478370580960615,0.0700297876683997,-0.00817476,0.0782045476683999,2.2008991044005706,2.2836,-0.08270089559942928
12,0.0807438460774991,-0.0857609,0.1665047460774991,2.1867928901813984,2.2373,-0.0505071098186014,0.03690664200839986,-0.0383136,0.07522024200839983,2.2230666918395934,2.27577,-0.05270330816040669
13,0.006040272867646428,-0.137576,0.14361627286764644,2.2004760864010295,2.23085,-0.03037391359897068,0.0027449776591585203,-0.0615917,0.06433667765915851,2.23540087725381,2.27152,-0.036119122746190335
14,-0.064071639114312,-0.192743,0.12867136088568798,2.2074025633887024,2.28843,-0.08102743661129752,-0.029017658976115378,-0.0840265,0.0550088410238847,2.2432124483109948,2.3333,-0.09008755168900517
15,-0.132011839176916,0.16513,-0.297141839176916,2.23507143725163,2.21569,0.019381437251630107,-0.05899527336617287,0.0743899,-0.13338517336617306,2.2739865148086826,2.2635,0.010486514808682568
20,-0.08934580706588484,-0.133102,0.04375619293411516,2.2179881888211432,2.27467,-0.056681811178856734,-0.040260596649334776,-0.0584484,0.018187803350665277,2.2554509658047697,2.32126,-0.06580903419523043
21,-0.12636149953546738,0.228091,-0.35445249953546737,2.2478645122607217,2.29359,-0.045725487739278314,-0.05615491911874931,0.0991212,-0.15527611911874928,2.290633101617874,2.33815,-0.04751689838212636
22,0.018279479982185036,0.184399,-0.16611952001781496,2.2688705885145715,2.19448,0.07439058851457148,0.008056468529403267,0.0838313,-0.07577483147059683,2.3054941884078395,2.23431,0.07118418840783969
23,0.08031033505583933,0.137575,-0.05726466494416067,2.241518958888995,2.35506,-0.11354104111100494,0.035813213545998666,0.0583503,-0.022537086454001543,2.2775565959831168,2.39378,-0.11622340401688325
24,0.10173281218551307,0.114811,-0.013078187814486927,2.2828877336058246,2.25379,0.029097733605824683,0.04453374897321245,0.0508975,-0.006363751026787767,2.3194852527048067,2.2902,0.02928525270480664
25,0.1079943768520929,-0.136132,0.2441263768520929,2.275218851627664,2.23969,0.03552885162766417,0.04742989160698056,-0.0607068,0.10813669160698058,2.3115227171691024,2.27651,0.03501271716910237
26,0.028596895032183284,0.148525,-0.11992810496781671,2.2652526815653347,2.16266,0.10259268156533485,0.012623481810729885,0.0685695,-0.05594601818927014,2.2985577581851824,2.20946,0.0890977581851824
27,0.06595779172961641,0.0883487,-0.02239090827038359,2.2331847513547176,2.20135,0.03183475135471747,0.029526720815296986,0.0401123,-0.010585579184703153,2.2696012005181516,2.24583,0.023771200518151403
29,0.07332907768509148,-0.0142584,0.08758747768509148,2.2224379002157755,2.21736,0.005077900215775255,0.03298291702363262,-0.00643024,0.03941315702363246,2.2609667852415947,2.26065,0.0003167852415946193
31,0.04286806440858552,-0.108767,0.1516350644085855,2.219688772705092,2.18804,0.03164877270509203,0.019310245881591005,-0.0496689,0.06897914588159093,2.2591896657409833,2.23381,0.02537966574098327
32,-0.011246363069460677,0.244088,-0.25533436306946067,2.2080644652601253,2.25324,-0.04517553473987457,-0.005093268786976108,0.107907,-0.11300026878697622,2.2485128798461815,2.30332,-0.05480712015381828
33,0.07038594653241922,0.203562,-0.13317605346758077,2.222066726731507,2.10281,0.119256726731507,0.03166530463857052,0.096504,-0.06483869536142928,2.2624646343511086,2.14741,0.11505463435110874
34,0.11341534356853715,0.152596,-0.03918065643146286,2.1830990910097734,2.18789,-0.0047909089902264945,0.05190486972951235,0.0696327,-0.017727830270487743,2.223837450396129,2.22926,-0.0054225496038711185
35,0.1274405787042987,0.0973052,0.030135378704298707,2.182719494211565,2.17575,0.00696949421156523,0.05831993620903564,0.0446928,0.013627136209035662,2.223583854989624,2.21391,0.009673854989624253
36,0.12011033019483143,0.0531173,0.06699303019483144,2.1787041502159523,2.18705,-0.008345849784047843,0.05507350341376952,0.0242824,0.03079110341376934,2.2186850411052568,2.22401,-0.005324958894743048
37,0.10117045147294536,-0.0177205,0.11889095147294536,2.1793670708872828,2.21412,-0.0347529291127171,0.04638863854119351,-0.00800323,0.05439186854119349,2.2181577222687374,2.25117,-0.033012277731262696
40,0.06563028357193275,-0.165118,0.23074828357193272,2.1852095762949646,2.18979,-0.004580423705035308,0.03002483670168149,-0.0752609,0.10528573670168129,2.2224506500339722,2.23143,-0.008979349966027783
41,-0.013460014179340613,-0.218588,0.2051279858206594,2.1852839801015516,2.31948,-0.13419601989844843,-0.006159311142216697,-0.0939628,0.08780348885778322,2.221217261572431,2.36669,-0.14547273842756914
42,-0.08388399558560042,0.142835,-0.2267189955856004,2.227757102889402,2.15677,0.07098710288940202,-0.037636232828280956,0.0661299,-0.10376613282828107,2.2654665413689643,2.20239,0.06307654136896446
46,-0.027719565270873575,-0.0783468,0.05062723472912642,2.2036763360644662,2.23744,-0.03376366393553365,-0.012578119106175628,-0.035002,0.02242388089382441,2.241170724758286,2.28104,-0.0398692752417138
47,-0.049775689040449184,-0.118479,0.06870331095955082,2.2155764133189386,2.30882,-0.09324358668106125,-0.02246246927459943,-0.051271,0.028808530725400683,2.255177644725029,2.35528,-0.10010235527497091
48,-0.07733747678181263,0.249291,-0.3266284767818126,2.247310521659535,2.33151,-0.08419947834046537,-0.034399771642320276,0.106518,-0.14091777164232022,2.2891772931583296,2.37851,-0.08933270684167027
49,0.0235302195324389,0.184382,-0.1608517804675611,2.275745928754295,2.19957,0.07617592875429491,0.010339195064444985,0.0836308,-0.0732916049355552,2.314238146489877,2.23945,0.07478814648987697
50,0.07254741347404536,0.141303,-0.06875558652595465,2.253867250308034,2.2757,-0.021832749691966136,0.03217686152730911,0.0620123,-0.02983543847269088,2.29143088126135,2.31366,-0.022229118738649856
51,0.09373755068042602,0.0875845,0.006153050680426028,2.2619056875558607,2.2934,-0.03149431244413936,0.04141814752337587,0.0381712,0.0032469475233760647,2.299300244833553,2.32908,-0.02977975516644671
52,0.0925011920054302,0.0488635,0.0436376920054302,2.272980590226303,2.28119,-0.008209409773697107,0.040673544414836754,0.0214169,0.019256644414836543,2.3097824550147394,2.31553,-0.005747544985260422
53,0.07994389715576401,0.00983047,0.07011342715576402,2.2772215524755426,2.24142,0.0358015524755424,0.03509148231380343,0.00438579,0.03070569231380338,2.313110996016016,2.27466,0.03845099601601598
54,0.05918681501211145,-0.0895215,0.14870831501211146,2.2683350570272145,2.2339,0.03443505702721428,0.02608670547036747,-0.0400527,0.06613940547036767,2.303107146709024,2.26839,0.034717146709023705
55,0.014509845870316012,-0.135195,0.14970484587031602,2.259618139673611,2.206,0.053618139673611065,0.00642128251118508,-0.0612088,0.06763008251118485,2.293173757799266,2.24234,0.05083375779926591
56,-0.03149857811744982,-0.171798,0.14029942188255018,2.244948985530447,2.25651,-0.011561014469553044,-0.014029945256354955,-0.0759878,0.061957854743645235,2.278177830007455,2.29576,-0.017582169992544916
57,-0.07578512758316916,-0.225159,0.14937387241683084,2.2492829750989913,2.44563,-0.19634702490100864,-0.0336802751625609,-0.0918068,0.058126524837438964,2.2833585734246404,2.49091,-0.20755142657535952
58,-0.12380308246724077,0.15151,-0.2753130824672408,2.30864334170028,2.23554,0.07310334170028021,-0.05357458622071568,0.0676696,-0.12124418622071564,2.3452670023567395,2.28382,0.0614470023567395
59,-0.04667889032135254,0.0778911,-0.12456999032135255,2.2893677289213943,2.20212,0.08724772892139443,-0.020386599654165925,0.0353562,-0.05574279965416595,2.325841296814159,2.24621,0.07963129681415904
60,-0.01228285286676688,0.0225384,-0.03482125286676688,2.265328182229386,2.11814,0.14718818222938612,-0.005422054339127628,0.0106402,-0.01606225433912778,2.303224116100543,2.15958,0.14364411610054306
61,-0.0036250573991118804,-0.00701733,0.003392272600888119,2.222781446924827,2.22036,0.002421446924826931,-0.001630863974616369,-0.00316044,0.0015295760253835056,2.2616209176347493,2.26367,-0.0020490823652505874
63,-0.0075315786995813535,0.278339,-0.2858705786995814,2.222274729922266,2.36391,-0.14163527007773435,-0.003389117358872187,0.117205,-0.12059411735887204,2.2625003885429518,2.41836,-0.15585961145704808
64,0.08031619703197572,0.235198,-0.15488180296802428,2.2666209040491077,2.24576,0.020860904049107454,0.035419512544799026,0.104349,-0.06892948745520089,2.3076865925647345,2.29496,0.012726592564734407
65,0.12933545745821232,0.177793,-0.04845754254178769,2.2617007523600714,2.21215,0.04955075236007156,0.057122832042633354,0.0801987,-0.023075867957366825,2.3042439648487334,2.25574,0.04850396484873354
66,0.14687979994552883,0.134895,0.01198479994552884,2.247918202243734,2.23358,0.014338202243734166,0.06524761704710902,0.0603205,0.004927117047109242,2.2908394257266216,2.27445,0.01638942572662172
67,0.14646584451420436,0.0498768,0.09658904451420436,2.2444568405764853,2.16166,0.0827968405764854,0.06516430447272828,0.0230693,0.04209500447272818,2.2869405634960778,2.19821,0.08873056349607777
68,0.12049989317343994,-0.0203634,0.14086329317343993,2.2202871668852566,2.18703,0.033257166885256595,0.05421901900571463,-0.00931069,0.06352970900571453,2.260724389552284,2.22358,0.03714438955228383
69,0.08053978789970596,-0.0785151,0.15905488789970595,2.2103796687314774,2.21722,-0.006840331268522792,0.03642097067103806,-0.0353967,0.07181767067103806,2.2487780356824962,2.25517,-0.006391964317503884
70,0.03406898207618182,-0.135137,0.16920598207618182,2.2122329242484273,2.28307,-0.07083707575157261,0.015399051666442025,-0.059122,0.07452105166644207,2.2492935516184707,2.3244,-0.07510644838152913
71,-0.016664334619136707,-0.17808,0.16141566538086327,2.2332878711685495,2.24246,-0.009172128831450355,-0.0074616557782732134,-0.0792464,0.07178474422172698,2.27028647604517,2.28564,-0.015353523954829917
72,-0.06639360383216546,-0.220817,0.15442339616783457,2.2364572839981225,2.3241,-0.08764271600187756,-0.02967823711629549,-0.0947276,0.06504936288370455,2.2741122796143327,2.37153,-0.0974177203856672
78,-0.1352624681335577,-0.130877,-0.004385468133557696,2.269174551965423,2.18602,0.0831545519654231,-0.0595382158414687,-0.0597987,0.0002604841585314155,2.3097024237510007,2.23095,0.07875242375100067
79,-0.13751956981172825,-0.182554,0.045034430188271746,2.237525020832479,2.28586,-0.04833497916752094,-0.061383360792270775,-0.079693,0.018309639207729322,2.2799332350813777,2.33564,-0.055706764918622476
80,-0.15735490809830074,0.180719,-0.33807390809830073,2.2543695058288606,2.1883,0.06606950582886073,-0.06968693726665429,0.0823968,-0.15208373726665414,2.299582643349186,2.22775,0.07183264334918604
81,-0.050087578746672926,0.146392,-0.19647957874667293,2.2329281120036444,2.27109,-0.03816188799635567,-0.0224275829737954,0.0643697,-0.0867972829737953,2.270777277009,2.30928,-0.038502722991000216
82,0.01144678672849012,0.0934115,-0.08196471327150988,2.2447086520119153,2.29353,-0.048821347988084796,0.005099409002329699,0.0407058,-0.03560639099767027,2.2808207651192896,2.32951,-0.04868923488071042
83,0.03785346413400392,0.0243554,0.013498064134003923,2.2598317129368906,2.2494,0.010431712936890492,0.01674900134630758,0.010827,0.005922001346307493,2.2955757160811365,2.28277,0.012805716081136342
84,0.03553606405041743,-0.0497339,0.08526996405041742,2.257118976899062,2.23998,0.017138976899061742,0.01574269176927108,-0.0221992,0.037941891769270875,2.292106577373525,2.27357,0.0185365773735251
85,0.011584939104807896,-0.111676,0.1232609391048079,2.252341743332464,2.29257,-0.040228256667536044,0.005143463232540437,-0.0486739,0.053817363232540494,2.286515092865624,2.32885,-0.04233490713437593
86,-0.024173251738605954,0.257203,-0.281376251738606,2.26459433546888,2.31494,-0.050345664531119994,-0.010674023729096503,0.110652,-0.12132602372909673,2.2986256459615686,2.37275,-0.07412435403843132
87,0.05959452490788107,0.18921,-0.1296154750921189,2.280096513425033,2.14453,0.135566513425033,0.02613089391460286,0.0880009,-0.061870006085396945,2.3175251642925865,2.19379,0.12373516429258657
88,0.10017347631693098,0.147813,-0.04763952368306902,2.2408022134926933,2.21447,0.026332213492693324,0.04467454747385736,0.0666497,-0.021975152526142683,2.280901116313844,2.26212,0.01878111631384405
89,0.11734979059901454,0.0949999,0.022349890599014544,2.2329414563495686,2.24255,-0.0096085436504314,0.05250560076972803,0.0423371,0.010168500769728084,2.2753048297088716,2.28798,-0.012675170291128524
91,0.11739444366166414,-0.0283983,0.14579274366166414,2.2353514091219147,2.22932,0.006031409121914688,0.05246901874993414,-0.0127379,0.06520691874993423,2.2790433934291925,2.27307,0.005973393429192342
92,0.07554085479360587,-0.0812431,0.15678395479360585,2.2333029540657,2.1944,0.03890295406569999,0.033811832538179286,-0.0370061,0.07081793253817947,2.276193643226717,2.23915,0.03704364322671694
93,0.02964848721972305,-0.12939,0.15903848721972305,2.2212014357823615,2.21314,0.008061435782361404,0.013347158041836199,-0.0583978,0.07174495804183634,2.2636364724606777,2.26028,0.0033564724606778285
94,-0.017799903207621412,0.21073,-0.2285299032076214,2.2181988402887116,2.1555,0.06269884028871164,-0.008024312717075599,0.097454,-0.10547831271707553,2.2609903147101607,2.20136,0.05963031471016045
95,0.050102406681094204,0.281184,-0.2310815933189058,2.198746492959784,2.38372,-0.18497350704021587,0.022782861891177224,0.117417,-0.09463413810882271,2.240022523367851,2.43987,-0.19984747663214897
96,0.12027497545576404,0.111901,0.008373975455764043,2.252919164986618,2.20973,0.04318916498661807,0.0533356488288541,0.0505969,0.002738748828853943,2.296591001344069,2.24902,0.04757100134406933
97,0.12064314290509866,0.101641,0.019002142905098662,2.240336225416569,2.17574,0.06459622541656929,0.05379850017619922,0.0466817,0.007116800176199423,2.2829037113664343,2.21408,0.06882371136643428
98,0.11778703603593652,-0.081649,0.19943603603593651,2.221070908508635,2.21184,0.00923090850863506,0.05298201056175563,-0.0368977,0.08987971056175548,2.2625397336896107,2.24982,0.012719733689610546
99,0.061108918670672335,-0.134253,0.19536191867067235,2.2178041769359007,2.22687,-0.009065823064099199,0.02754682378243257,-0.0602151,0.08776192378243275,2.2564722062645415,2.26729,-0.010817793735458547
100,0.004150023744473277,-0.180919,0.18506902374447326,2.219910702483092,2.25437,-0.034459297516908016,0.0018694530844205928,-0.0800808,0.0819502530844205,2.257333314925985,2.2979,-0.04056668507401495
101,-0.0512334805121273,-0.213648,0.16241451948787272,2.2296402355932226,2.34762,-0.11797976440677749,-0.02297431907173245,-0.0907562,0.06778188092826776,2.2673133032881774,2.39475,-0.12743669671182278
102,-0.10130329102453005,0.138891,-0.24019429102453005,2.2644893016607663,2.18032,0.0841693016607663,-0.04470579456103789,0.0636161,-0.1083218945610378,2.3039312204140767,2.22609,0.0778412204140766
106,-0.03616819345299724,-0.121571,0.08540280654700276,2.240063625421917,2.259,-0.018936374578082837,-0.016144653471774607,-0.0537645,0.03761984652822559,2.278796174873994,2.30467,-0.025873825126006
107,-0.06707029360392242,0.246188,-0.31325829360392243,2.24666076806127,2.33638,-0.0897192319387301,-0.029844460893571168,0.104984,-0.13482846089357103,2.2874851049059473,2.38307,-0.09558489509405277
108,0.0337052629072909,-0.206052,0.2397572629072909,2.276439082362895,2.25597,0.02046908236289502,0.01480505255698223,-0.0910836,0.10588865255698243,2.314569746979257,2.30673,0.007839746979257267
109,-0.041068119663849226,0.140254,-0.1813221196638492,2.2712296340165254,2.3481,-0.07687036598347463,-0.018079917645556023,0.0596601,-0.07774001764555605,2.310613175555843,2.38696,-0.07634682444415741
110,0.014002329271819342,0.0704204,-0.056418070728180655,2.2961269298424614,2.2798,0.016326929842461535,0.006098162744598377,0.0308791,-0.024780937255401536,2.3338479212290686,2.31468,0.01916792122906852
111,0.03174696586037859,0.0133622,0.018384765860378592,2.292920619662503,2.24113,0.05179061966250309,0.01384476076941766,0.00596222,0.007882540769417634,2.329611753867078,2.27438,0.055231753867078126
113,0.028058124230242926,-0.105317,0.13337512423024292,2.2801350989549873,2.27627,0.0038650989549875447,0.01230484463080579,-0.0462342,0.05853904463080584,2.315679734607463,2.31205,0.0036297346074629644
114,-0.013008028587519328,-0.115314,0.10230597141248067,2.280141571468512,1.72466,0.555481571468512,-0.00570485957219418,-0.0667624,0.06105754042780598,2.314854668956255,1.75453,0.5603246689562549
115,-0.04496623752453103,0.208071,-0.25303723752453106,2.110180883339731,2.22533,-0.11514911666026917,-0.02130596178849711,0.0932304,-0.11453636178849713,2.1425940767366294,2.27733,-0.1347359232633707
116,0.030625643632997062,0.155055,-0.12442935636700293,2.1414476064474783,2.23525,-0.09380239355252185,0.014300399341913485,0.0692571,-0.054956700658086444,2.176541688841147,2.28377,-0.107228311158853
117,0.06889142537188854,0.0995992,-0.03070777462811146,2.1669347927960954,2.2041,-0.03716520720390459,0.031781403514930695,0.0451575,-0.013376096485069322,2.2052743403154818,2.2491,-0.043825659684518126
118,0.07984678382023823,0.0324787,0.04736808382023823,2.176034505085409,2.0135,0.162534505085409,0.03667725698319067,0.0161291,0.02054815698319068,2.2163537523791135,2.05291,0.16344375237911368
119,0.06769049171249124,-0.00444923,0.07213972171249124,2.1257439779504663,2.19422,-0.06847602204953374,0.03183244415903091,-0.0020277,0.033860144159030714,2.1657812223183925,2.23703,-0.07124877768160731
120,0.04782243118898729,-0.0740631,0.12188553118898729,2.143158519089731,2.13391,0.009248519089730678,0.022310293883514288,-0.0346938,0.05700409388351435,2.1838254676162703,2.17727,0.0065554676162702386
121,0.012629727923454523,-0.116751,0.1293807279234545,2.1379333250432797,2.19354,-0.05560667495672034,0.005907378336577339,-0.0531748,0.05908217833657714,2.178753598517256,2.23979,-0.06103640148274403
122,-0.025691364879454292,0.237453,-0.2631443648794543,2.151931440698162,2.2472,-0.09526855930183808,-0.011938179753185901,0.105275,-0.11721317975318568,2.1936629087772475,2.29663,-0.1029670912227525
123,0.05176023462018638,0.287572,-0.23581176537981363,2.1781439637599953,2.42539,-0.24724603624000485,0.023758987351325988,0.118016,-0.09425701264867392,2.21904676887209,2.48262,-0.26357323112790976
124,0.12309095688900973,0.13848,-0.015389043110990264,2.2502940711437756,2.24132,0.008974071143775575,0.054645484890954964,0.0617067,-0.007061215109045005,2.2939980378214666,2.28252,0.011478037821466724
125,0.1306506419901625,0.0650111,0.06563954199016249,2.2481086124179073,2.0711,0.17700861241790733,0.058050509700128136,0.0313793,0.026671209700128262,2.2912670407797866,2.10683,0.18443704077978662
126,0.11420499191214407,0.00995344,0.10425155191214408,2.1958216170666067,2.24385,-0.0480283829333934,0.05196332020721586,0.00443585,0.04752747020721593,2.2367979508989175,2.28127,-0.0444720491010826
127,0.08573730587314714,-0.0489451,0.13468240587314714,2.2091782112212703,2.24565,-0.036471788778729586,0.03879012516843914,-0.0217921,0.06058222516843914,2.248668574027792,2.28345,-0.034781425972208346
128,0.047366898598145676,-0.104383,0.1517498985981457,2.2194726378107776,2.23736,-0.017887362189222156,0.02133827131374785,-0.0466208,0.0679590713137479,2.2576409095010384,2.27662,-0.018979090498961515
130,0.0023471866263547795,-0.16566,0.16800718662635478,2.224365815928285,2.19289,0.0314758159282853,0.0010552157106376104,-0.0754011,0.07645631571063749,2.261762043242592,2.2346,0.02716204324259186
131,-0.050777852187369237,-0.193037,0.14225914781263074,2.2143515138845533,2.28783,-0.07347848611544672,-0.022927233682216316,-0.0841763,0.06124906631778382,2.2517208316955246,2.33275,-0.08102916830447526
132,-0.09684167251244458,0.188394,-0.2852356725124446,2.2365508282693947,2.206,0.030550828269394703,-0.04327253286961649,0.085194,-0.1284665328696164,2.275405319743001,2.25526,0.020145319743001266
136,-0.016204207639194165,-0.127742,0.11153779236080583,2.2272923461781495,2.30936,-0.08206765382185033,-0.007275166091389402,-0.0552584,0.04798323390861059,2.265478014996521,2.35633,-0.09085198500347902
137,-0.056931640325471454,0.242205,-0.29913664032547144,2.2564919192646222,2.32505,-0.06855808073537784,-0.025224803289936395,0.103798,-0.12902280328993632,2.29722210388978,2.37125,-0.07402789611021987
138,0.04021820942159241,0.182561,-0.1423427905784076,2.280483091513542,2.18609,0.0943930915135418,0.017634000778338127,0.0833173,-0.06568329922166205,2.3187807947931303,2.22568,0.09310079479313016
139,0.08669767675657826,0.145163,-0.05846532324342173,2.252249310151256,2.35302,-0.10077068984874371,0.038474822602407484,0.0616141,-0.023139277397592473,2.2899410425694446,2.39218,-0.10223895743055555
140,0.10732160890675646,0.0867795,0.020542108906756465,2.2845994088004775,2.30847,-0.023870591199522284,0.04694160764893117,0.037574,0.009367607648931298,2.3226558067778456,2.34433,-0.021674193222154248
141,0.10399787092348978,0.0375822,0.06641567092348977,2.2938084884630863,2.25175,0.04205848846308635,0.04530748775373003,0.0166887,0.028618787753730057,2.3312283868842685,2.28544,0.04578838688426856
142,0.08669319299334592,-0.0199454,0.10663859299334592,2.2831944044374266,2.22835,0.054844404437426775,0.037951900230336844,-0.00895049,0.04690239023033671,2.3193148453163555,2.2613,0.05801484531635559
143,0.05692123817164847,-0.0710041,0.12792533817164847,2.268494822479791,2.15094,0.1175548224797911,0.025086809111352287,-0.0329987,0.05808550911135235,2.3031144725009,2.18375,0.11936447250090021
144,0.020106788025344942,-0.129408,0.14951478802534493,2.234701132154187,2.21935,0.015351132154187042,0.008997286114548175,-0.0582431,0.0672403861145483,2.267924901625987,2.2555,0.012424901625986973
145,-0.024005470946498977,-0.172182,0.14817652905350104,2.2305757995004516,2.25187,-0.02129420049954822,-0.010761590903483135,-0.0763133,0.06555170909651675,2.263508337334787,2.29105,-0.02754166266521274
146,-0.06876932306079801,0.189842,-0.25861132306079804,2.237246531095449,2.21562,0.021626531095448875,-0.030728699555422862,0.0854748,-0.11620349955542286,2.2709350414586202,2.26602,0.004915041458620095
147,0.006333184898419259,0.15151,-0.14517681510158076,2.231310928802266,2.23554,-0.004229071197733969,0.0028383170672698446,0.0676696,-0.06483128293273,2.2666056600136626,2.28382,-0.017214339986337368
148,0.049634324843357516,0.0853025,-0.03566817515664249,2.2328999941596224,2.2006,0.03229999415962226,0.022224977571141804,0.0387439,-0.016518922428858218,2.27095084484229,2.24494,0.02601084484228977
150,0.06299044574580678,-0.026835,0.08982544574580678,2.223783169652027,2.19123,0.03255316965202715,0.028318231692602662,-0.0122459,0.04056413169260287,2.263704306930399,2.23421,0.029494306930399006
152,0.03715843498490353,-0.104469,0.14162743498490354,2.21356605201752,2.18881,0.02475605201752007,0.016785108000211723,-0.0476925,0.06447760800021163,2.2541763573981917,2.23438,0.019796357398191855
153,-0.007909445198686806,0.240552,-0.2484614451986868,2.2053813107012528,2.24054,-0.035158689298747436,-0.0035864143986709673,0.106954,-0.1105404143986708,2.246669896590778,2.29024,-0.04357010340922196
155,0.07065424150080529,0.151393,-0.08073875849919471,2.215824038581857,2.23183,-0.016005961418143144,0.03187541493481802,0.06773,-0.03585458506518213,2.2570018462438757,2.27373,-0.016728153756124353
156,0.09830338409785352,0.1032,-0.004896615902146476,2.220882053643679,2.18217,0.03871205364367869,0.04423434354669457,0.0472573,-0.0030229564533055253,2.2620898058093974,2.22069,0.041399805809397616
157,0.10223535408303047,0.036605,0.06563035408303047,2.208777886171714,2.18641,0.022367886171714257,0.0462529252776991,0.0167405,0.02951242527769926,2.2492637426036692,2.22316,0.02610374260366921
158,0.08447233140383603,-0.0227021,0.10717443140383603,2.2015701278516753,2.18492,0.0166501278516753,0.03835031816673982,-0.01039,0.04874031816673963,2.2407889001387553,2.22162,0.019168900138755163
160,0.05473824367307138,-0.125001,0.17973924367307137,2.195333892301403,2.23943,-0.04409610769859684,0.02492873840922878,-0.0557602,0.08068893840922886,2.233260778688067,2.27966,-0.04639922131193286
161,-0.0010413367741990752,-0.170491,0.16944966322580093,2.208599937623022,2.22173,-0.013130062376978113,-0.00047149177145915615,-0.0765878,0.07611630822854076,2.24568024415951,2.26415,-0.01846975584048982
162,-0.05419859559764535,-0.213466,0.15926740440235465,2.2124350541064066,2.35712,-0.1446849458935935,-0.024492360844413006,-0.0903159,0.06582353915558681,2.249793828116338,2.40436,-0.15456617188366195
168,-0.12331846405538587,-0.129497,0.006178535944614136,2.261942265733544,2.27488,-0.012937734266456058,-0.05446491865774954,-0.0568632,0.0023982813422502858,2.302052317496517,2.32127,-0.019217682503483324
169,-0.12939977317396342,0.246315,-0.3757147731739634,2.2681265539656503,2.32713,-0.059003446034349594,-0.05698961273723504,0.105453,-0.16244261273723515,2.3108135568689114,2.3738,-0.0629864431310887
170,-0.0013650392868053242,0.239326,-0.24069103928680533,2.290142322576977,2.31665,-0.02650767742302307,-0.0005960499099524569,0.102942,-0.10353804990995252,2.327380216792234,2.36255,-0.03516978320776598
171,0.07852058369669689,0.168888,-0.09036741630330312,2.3008930099084224,2.24083,0.060063009908422504,0.03411289578949158,0.0752265,-0.04111360421050847,2.338276421474304,2.28007,0.058206421474304104
172,0.11036154878712964,0.102338,0.008023548787129645,2.284317730543718,2.32069,-0.0363722694562818,0.048275159707170716,0.0440696,0.004205559707170625,2.321988570382927,2.35736,-0.03537142961707307
173,0.11209901972775532,0.0526633,0.05943571972775532,2.2972689232824024,2.25104,0.046228923282402246,0.048757971704201084,0.0233908,0.02536717170420122,2.33475530648631,2.28503,0.04972530648631013
174,0.09830510651535869,0.0056163,0.09268880651535868,2.285409886288629,2.2186,0.06680988628862927,0.04298771329791063,0.00253146,0.04045625329791047,2.321786681300647,2.25139,0.07039668130064713
176,0.07738508565731556,-0.116448,0.19383308565731555,2.2684920358744685,2.21158,0.05691203587446836,0.03409978424918222,-0.0526052,0.08670498424918227,2.303461754937361,2.24695,0.05651175493736105
177,0.020534882872188426,-0.162364,0.18289888287218845,2.252183985275201,2.2625,-0.01031601472479915,0.009117511707921694,-0.0716405,0.08075801170792163,2.285445999108833,2.30109,-0.015644000891166687
178,-0.03358212956924765,0.212055,-0.24563712956924766,2.2561134733968817,2.25502,0.0010934733968817056,-0.014883847875648653,0.093761,-0.10864484787564876,2.28933265269766,2.30785,-0.018517347302340337
179,0.040121256480355895,0.164081,-0.12395974351964412,2.256663196015799,2.23616,0.020503196015798864,0.017777145475976322,0.0732446,-0.05546745452402391,2.292765656708352,2.28517,0.007595656708351939
180,0.07883590620995284,0.103402,-0.02456609379004715,2.251425450232952,2.24232,0.009105450232952172,0.03500169598056898,0.0460813,-0.011079604019430978,2.2906093288960885,2.28812,0.0024893288960883275
181,0.08878504256909929,0.0653477,0.023437342569099295,2.249450549461514,2.20177,0.04768054946151423,0.03944918056993351,0.0296709,0.00977828056993335,2.290638705741493,2.24561,0.04502870574149309
182,0.08469007401338663,-0.0114029,0.09609297401338662,2.2360138790797084,2.1948,0.041213879079708526,0.03785737298546446,-0.00519539,0.043052762985464454,2.278093546578302,2.23764,0.040453546578302024
183,0.058993023890279314,-0.0520774,0.11107042389027932,2.2241805365628613,2.02857,0.1956105365628611,0.02651727006145595,-0.0256664,0.05218367006145597,2.266197373572839,2.06903,0.19716737357283876
184,0.028236196713844443,-0.106228,0.13446419671384444,2.166514225946394,2.18486,-0.018345774053606156,0.013032269907038992,-0.0485819,0.06161416990703916,2.2076042149562713,2.23045,-0.022845785043728473
185,-0.010185829126374306,0.266816,-0.2770018291263743,2.1706372426173335,2.33052,-0.15988275738266644,-0.004692518014170585,0.113991,-0.11868351801417054,2.212281828037938,2.38371,-0.17142817196206206
186,0.07190434342512776,0.209255,-0.13735065657487222,2.2166685531487174,2.23891,-0.02224144685128282,0.03242665186791347,0.0931921,-0.06076544813208651,2.258468768393366,2.28545,-0.026981231606634015
187,0.1147329443579743,0.167385,-0.0526520556420257,2.2231915990298763,2.23514,-0.011948400970123618,0.05156157040964833,0.0747485,-0.023186929590351735,2.2657033183911945,2.27825,-0.012546681608805343
188,0.13352646622571188,0.100129,0.03339746622571188,2.226834284043993,2.18183,0.045004284043992815,0.05989075172890448,0.0458602,0.014030551728904328,2.2696150909142894,2.22021,0.04940509091428957
189,0.12725012604730657,0.158996,-0.03174587395269343,2.2137145247631986,1.59051,0.6232045247631985,0.05741943973607444,0.0996346,-0.042215160263925355,2.2553645331389256,1.62592,0.6294445331389256
190,0.14001571495927853,0.00287532,0.13714039495927854,2.0290175469038627,2.24436,-0.2153424530961372,0.0688974327541096,0.00128113,0.06761630275410946,2.0687283350260004,2.28176,-0.2130316649739994
191,0.10295690949981878,-0.0548989,0.15785580949981878,2.0881673023749783,2.24846,-0.16029269762502185,0.049265019290871195,-0.0244113,0.07367631929087137,2.126275219037779,2.28645,-0.1601747809622207
192,0.05869727660905162,-0.119188,0.17788527660905162,2.1326368296229687,2.24113,-0.10849317037703132,0.027516387600895777,-0.0531318,0.08064818760089576,2.1694947026448466,2.28107,-0.11157529735515359
193,0.0072634776855666945,-0.130506,0.13776947768556672,2.1629652150448186,1.91451,0.2484552150448187,0.0033580985639680796,-0.0680617,0.07141979856396796,2.1992216880603896,1.95068,0.24854168806038968
194,-0.033637574871446044,-0.196952,0.16331442512855393,2.0880271658643212,2.28615,-0.19812283413567888,-0.016108346652815166,-0.085938,0.06982965334718472,2.1231774996543353,2.3313,-0.20812250034566482
195,-0.08322755898543086,0.164751,-0.24797855898543086,2.144006235227237,2.18971,-0.045703764772762945,-0.038799230331003035,0.0750972,-0.11389643033100283,2.180980645407735,2.23704,-0.05605935459226474
196,-0.011633537709727405,0.128756,-0.14038953770972742,2.156171436492152,2.17882,-0.022648563507848163,-0.005395408095507764,0.0590257,-0.06442110809550794,2.1932455237959285,2.2241,-0.030854476204071446
201,0.032980695052895796,0.248472,-0.2154913049471042,2.1581816352020504,2.30772,-0.1495383647979498,0.015280515570073275,0.107256,-0.09197548442992654,2.196871459747852,2.35436,-0.15748854025214776
202,0.1136889582503069,0.226692,-0.1130030417496931,2.2127384235476337,2.26917,-0.05643157645236618,0.05133416369955462,0.0995706,-0.04823643630044527,2.252148773549154,2.31338,-0.06123122645084589
203,0.15640530997932656,0.15572,0.0006853099793265593,2.233428243015232,2.20315,0.030278243015231965,0.069915111262596,0.0705633,-0.0006481887374039097,2.2740852617414036,2.24099,0.03309526174140354
204,0.16175567226476348,0.107576,0.05417967226476347,2.2257548796730853,2.27078,-0.045025120326914525,0.07254698047913016,0.0473387,0.025208280479130263,2.2657780727556,2.30698,-0.04120192724439997
205,0.1503216105982063,0.0498837,0.10043791059820631,2.2417014226518917,2.26607,-0.024368577348108378,0.0669566880735056,0.0220097,0.04494698807350561,2.2806000374334072,2.30021,-0.019609962566592642
206,0.12451806247065367,-0.00718358,0.13170164247065366,2.2514302887181334,2.25412,-0.002689711281866458,0.05524991733439799,-0.00318686,0.058436777334398116,2.2885231257918464,2.28736,0.0011631257918462978
208,0.09193350816183739,-0.113906,0.20583950816183738,2.25716644826464,2.27694,-0.01977355173536033,0.04070710982471221,-0.0499843,0.09069140982471202,2.292298753015323,2.31312,-0.02082124698467691
209,0.030342942194551293,-0.165072,0.1954149421945513,2.2658559548039143,2.27822,-0.012364045196085804,0.013390581397927858,-0.0723302,0.08572078139792794,2.2992335050661272,2.31721,-0.01797649493387299
210,-0.028643367036572397,0.187713,-0.21635636703657238,2.2723225148948063,2.15602,0.11630251489480647,-0.012604658847778703,0.0868458,-0.09945045884777848,2.3055199011737106,2.20534,0.10017990117371056
212,0.037750456022806675,0.0880068,-0.05025634397719332,2.2416038448006685,2.17336,0.06824384480066836,0.016839232263556658,0.0404713,-0.02363206773644322,2.2770903680737664,2.21739,0.05970036807376644
214,0.056525845363153526,-0.0133818,0.06990764536315353,2.223103419485158,2.2147,0.008403419485158103,0.025421070425864906,-0.0060422,0.03146327042586483,2.2610328218118703,2.25793,0.003102821811870271
215,0.03564322766366813,-0.0419007,0.07754392766366813,2.2215530675994835,2.21257,0.00898306759948353,0.01604290720785156,-0.0189353,0.0349782072078515,2.2609224378602106,2.25648,0.004442437860210813
216,0.0123415841440806,-0.114009,0.1263505841440806,2.2198178691762105,2.15053,0.06928786917621066,0.005559670978405264,-0.0529646,0.05852427097840529,2.2603479908744926,2.19587,0.06447799087449235
217,-0.026156990785565198,0.247779,-0.2739359907855652,2.199556106958153,2.28267,-0.08311389304184713,-0.011891380166260603,0.108125,-0.12001638016626082,2.2408586565848285,2.33352,-0.09266134341517152
219,0.05732955707168882,0.147376,-0.09004644292831118,2.226193027678314,2.2339,-0.007706972321686045,0.02574659435377207,0.0658771,-0.040130505646228,2.2671551295231893,2.27557,-0.008414870476810776
220,0.08695818188945617,0.0978236,-0.010865418110543826,2.2296798568511615,2.17567,0.05400985685116133,0.038980543928514785,0.0449323,-0.005951756071485015,2.270589428338496,2.21385,0.0567394283384961
221,0.09251183600334038,0.0300739,0.06243793600334038,2.2142214094137422,2.18669,0.027531409413742214,0.04175646636039668,0.0137523,0.02800416636039671,2.2544064527830883,2.22335,0.03105645278308833
222,0.07589236325908066,-0.0277438,0.10363616325908066,2.206553943115673,2.21211,-0.005556056884326921,0.03438051403571915,-0.0125411,0.04692161403571937,2.2455780099073266,2.24923,-0.003651990092673252
225,0.04859359004162692,-0.164964,0.21355759004162692,2.2096813311365624,2.18855,0.02113133113656218,0.0219876767383334,-0.0752337,0.0972213767383332,2.2476964488914635,2.23016,0.01753644889146333
226,-0.020471272505570234,-0.2186,0.19812872749442975,2.203247342459337,2.32317,-0.11992265754066311,-0.00929114178179836,-0.0938194,0.08452825821820165,2.2401657798619197,2.37041,-0.13024422013808046
231,-0.09744815236182662,-0.0947942,-0.0026539523618266253,2.2470926822095256,2.20133,0.04576268220952562,-0.043339170534818866,-0.0430356,-0.0003035705348186646,2.285959569123001,2.24492,0.041039569123000774
232,-0.09969314831541741,0.248671,-0.3483641483154174,2.2311885071439574,2.32323,-0.09204149285604268,-0.04465193473284401,0.106631,-0.15128293473284415,2.2719099768758095,2.37004,-0.09813002312419039
233,0.016635437675048347,0.207422,-0.19078656232495164,2.263508413018542,2.21859,0.04491841301854205,0.007349271632929691,0.0932217,-0.08587242836707043,2.3004366338753095,2.26061,0.039826633875309714
234,0.0791784873354609,0.149215,-0.07003651266453909,2.250788800912895,2.26404,-0.013251199087104926,0.03516360594524239,0.0658115,-0.03064789405475743,2.2875758165420117,2.30238,-0.014804183457988174
235,0.10369567665114439,0.0977797,0.005915976651144392,2.2562936442036445,2.32132,-0.06502635579635552,0.04592609719428399,0.0420977,0.003828397194284072,2.2933970371631434,2.3578,-0.06440296283685676
236,0.10516449046798992,0.0489909,0.05617359046798993,2.2775885553720627,2.26612,0.011468555372062816,0.04614083992234439,0.0216155,0.02452533992234418,2.3145713231547833,2.30024,0.014331323154783249
238,0.0943530210279205,-0.0544751,0.14882812102792048,2.278022296987349,2.24258,0.03544229698734913,0.04139517062790818,-0.0242865,0.06568167062790797,2.314089152315879,2.27627,0.03781915231587929
239,0.051067508992179794,-0.061655,0.1127225089921798,2.268938626117037,2.17344,0.09549862611703697,0.02250342422138775,-0.0283599,0.05086332422138762,2.3032279491084457,2.20632,0.09690794910844591
240,0.018391102462122576,0.204541,-0.18614989753787742,2.241521554815917,2.20322,0.038301554815916905,0.008204556300892844,0.0925718,-0.08436724369910698,2.2747145922378196,2.25465,0.020064592237819756
241,0.0749474375873125,0.143745,-0.06879756241268752,2.230895086944614,2.22019,0.010705086944613917,0.03358260139127652,0.0646542,-0.031071598608723328,2.2677250198040193,2.26768,4.50198040193861e-05
242,0.09747256387640454,0.0783352,0.01913736387640455,2.228297663603415,2.20115,0.027147663603414696,0.04371519431207925,0.0355733,0.008141894312079234,2.268053080045122,2.24523,0.022823080045122346
243,0.09433273803208267,0.00348907,0.09084366803208267,2.220773111236282,2.2209,-0.00012688876371802493,0.04245191146843595,0.00157102,0.04088089146843599,2.261866687775936,2.26421,-0.0023433122240636983
244,0.06991017576788691,-0.0516353,0.1215454757678869,2.221140975933572,2.18949,0.03165097593357169,0.03146450598658304,-0.0235788,0.055043305986583135,2.2626013708241266,2.23324,0.02936137082412671
245,0.0358719618131922,-0.0946163,0.1304882618131922,2.2121428048773137,2.22046,-0.00831719512268636,0.01621451290338064,-0.0425853,0.058799812903380655,2.2536809917296896,2.26616,-0.012479008270310565
246,-0.0015901026576160375,0.259899,-0.26148910265761605,2.214712249361306,2.28956,-0.07484775063869398,-0.0007179724521098391,0.113031,-0.11374897245210969,2.2567754320514735,2.34151,-0.08473456794852652
247,0.07553247482763675,0.204697,-0.12916452517236324,2.236934690362274,2.11666,0.12027469036227423,0.03375323773859075,0.0964076,-0.06265436226140908,2.2789585536431027,2.16147,0.11748855364310273
248,0.11546391779772905,0.164284,-0.048820082202270965,2.2021746028080416,2.23224,-0.030065397191958443,0.05238380503626327,0.0734634,-0.021079594963736792,2.244300284955885,2.27507,-0.030769715044114854
249,0.13261338012242324,0.107333,0.025280380122423243,2.210899425546023,2.19718,0.013719425546022901,0.059909863981018184,0.0488116,0.011098263981017986,2.2533114085888646,2.23606,0.017251408588864425
250,0.12824380142017652,0.0300739,0.09816990142017652,2.2069177248734193,2.18669,0.020227724873419284,0.05804463941971062,0.0137523,0.04429233941971056,2.2484452123098486,2.22335,0.02509521230984868
251,0.10215683280011198,-0.0179602,0.12011703280011198,2.2009132292084272,2.19647,0.004443229208427102,0.04638236685389308,-0.00817664,0.054559006853893255,2.240690174090806,2.23325,0.0074401740908061065
253,0.07020536950564546,-0.120934,0.19113936950564547,2.1992222136697537,2.21687,-0.01764778633024644,0.03191198036536399,-0.0544975,0.08640948036536411,2.237524788761448,2.25654,-0.019015211238552432
254,0.012353379601459652,-0.165577,0.17793037960145966,2.2044840260181955,2.18997,0.014514026018195292,0.005603692361138044,-0.0754637,0.08106739236113825,2.241462126995397,2.23162,0.009842126995397216
255,-0.0424237502054886,-0.220151,0.1777272497945114,2.2000099121829737,2.33625,-0.13624008781702646,-0.01928104628388337,-0.0939554,0.07467435371611675,2.2368916717219447,2.38377,-0.14687832827805547
256,-0.09817746191878951,0.145782,-0.2439594619187895,2.241074864845598,2.21139,0.029684864845597847,-0.04378020995141657,0.0658281,-0.10960830995141668,2.279889704354368,2.25808,0.02180970435436791
260,-0.03268748334003016,-0.106451,0.07376351665996984,2.2352713966533755,2.23653,-0.0012586033466246427,-0.014622454191302758,-0.0475607,0.032938245808697086,2.2737574343140543,2.2812,-0.007442565685945812
261,-0.059947051976098155,0.251403,-0.31135005197609816,2.2364329992738186,2.30159,-0.06515700072618147,-0.02679834404093178,0.108799,-0.13559734404093193,2.2768390884511316,2.34849,-0.07165091154886838
262,0.040002426991070664,0.20523,-0.16522757300892932,2.258606830435135,2.20179,0.0568168304351353,0.017709255343281334,0.0929421,-0.07523284465671853,2.2965158730206223,2.24343,0.05308587302062229
263,0.09333578622575933,0.166244,-0.07290821377424067,2.2420794672521893,2.27763,-0.035550532747810504,0.04160509345355945,0.0728606,-0.0312555065464406,2.279830334535439,2.31712,-0.03728966546456114
265,0.12172843835764922,0.0562106,0.06551783835764922,2.2552100296220425,2.25084,0.0043700296220423596,0.0539242135851203,0.0249679,0.02895631358512052,2.2934164428754937,2.28492,0.00849644287549367
266,0.10409600060102557,-0.000336066,0.10443206660102557,2.255044169125151,2.2187,0.03634416912515093,0.04612865587762229,-0.00015147,0.046280125877622424,2.2917947306978665,2.25149,0.04030473069786655
267,0.07428724700476012,-0.047073,0.12136024700476011,2.2449500866331844,2.24472,0.00023008663318435651,0.03307875321507336,-0.0209675,0.05404625321507339,2.279957205158896,2.27828,0.0016772051588960224
268,0.038943895593890214,-0.106487,0.14543089559389022,2.2457399783005054,2.22422,0.02151997830050556,0.017339492978014064,-0.0478396,0.06517909297801427,2.279544413334745,2.25932,0.020224413334744895
269,-0.0042394939401653895,-0.135265,0.1310255060598346,2.24010891297934,2.20125,0.038858912979339966,-0.001892536945000314,-0.0613719,0.0594793630549999,2.273207616657773,2.23748,0.03572761665777291
270,-0.04392302969426319,0.220751,-0.2646740296942632,2.229167071634126,2.24687,-0.017702928365873838,-0.01970123610896825,0.097934,-0.11763523610896831,2.262282617481455,2.3004,-0.038117382518544574
271,0.03350201714297474,0.179602,-0.14609998285702527,2.234841550849747,2.27483,-0.039988449150253125,0.014989656830633274,0.0787881,-0.06379844316936678,2.2705589558715675,2.3254,-0.0548410441284326
272,0.07741672794336088,0.106681,-0.029264272056639118,2.247253455660381,2.23446,0.012793455660381259,0.03443586851656279,0.0477075,-0.01327163148343713,2.2863250158334303,2.28027,0.006055015833430488
273,0.08766190624709287,0.0490343,0.03862760624709287,2.2442778437694284,2.22541,0.018867843769428294,0.039040337804875855,0.0220303,0.017010037804875644,2.28532461155641,2.26925,0.0160746115564101
274,0.0779851494458513,-0.0175695,0.0955546494458513,2.2394115465196913,2.22062,0.018791546519691504,0.034809880344875165,-0.00791182,0.04272170034487521,2.281297800213876,2.26399,0.01730780021387579
276,0.051954718444266884,-0.109638,0.16159271844426687,2.234885520215383,2.14541,0.08947552021538296,0.023242963325126955,-0.051059,0.07430196332512695,2.2769905600311766,2.19046,0.08653056003117676
277,0.002620175735158578,0.251156,-0.24853582426484142,2.207579955189132,2.27955,-0.07197004481086777,0.0011868990287879294,0.109735,-0.10854810097121215,2.2494206622653206,2.33072,-0.08129933773467934
278,0.07789977514153062,0.200735,-0.12283522485846937,2.2292028662771295,2.20301,0.02619286627712958,0.03493091190661953,0.0908677,-0.05593678809338032,2.2711377701281315,2.24839,0.02274777012813134
279,0.11654057600981736,0.151248,-0.03470742399018263,2.221515440801235,2.231,-0.009484559198764675,0.05241189942820959,0.0676902,-0.01527830057179047,2.2638831622263105,2.27288,-0.008996837773689315
280,0.129445217360279,0.0935993,0.035845917360279006,2.224395397929725,2.18144,0.04295539792972525,0.05812788167581322,0.0428808,0.015247081675813234,2.2667113965523042,2.21952,0.04719139655230409
281,0.12144881019203167,0.0461448,0.07530401019203167,2.211630618452879,2.21465,-0.0030193815471206698,0.05485859741653475,0.0208331,0.03402549741653482,2.2527657530759533,2.25197,0.0007957530759532538
282,0.10141217247818751,-0.00448362,0.1058957924781875,2.2122989571092853,2.18707,0.02522895710928541,0.04580810761458448,-0.00205006,0.04785816761458461,2.2521182294095428,2.22352,0.028598229409542597
283,0.07170379873018422,-0.0713755,0.1430792987301842,2.2045633834914926,2.21677,-0.012206616508507295,0.03251370791726794,-0.0321869,0.06470060791726784,2.2428928430264534,2.25463,-0.011737156973546714
284,0.03012557126637098,-0.118881,0.14900657126637099,2.2077967148673765,2.27945,-0.0716532851326237,0.01364423707849857,-0.052106,0.06575023707849859,2.2450106973399686,2.31999,-0.07497930266003161
285,-0.01430436931072847,-0.160854,0.14654963068927152,2.2288332203827745,2.18244,0.04639322038277438,-0.00641778522954463,-0.0735707,0.06715291477045549,2.265993546260338,2.22369,0.042303546260338276
286,-0.05915091598363313,-0.215883,0.15673208401636685,2.215253014240801,2.32285,-0.10759698575919874,-0.026695309222975177,-0.0926726,0.06597729077702486,2.2526040300137375,2.36983,-0.11722596998626233
291,-0.12233086100200498,-0.0808942,-0.04143666100200498,2.250076859997496,2.17377,0.07630685999749565,-0.054313942479010384,-0.0371966,-0.01711734247901031,2.2898591239867674,2.2164,0.07345912398676724
292,-0.11053819178379418,-0.129497,0.018958808216205825,2.2225631521348364,2.27488,-0.05231684786516366,-0.04969361028113191,-0.0568632,0.007169589718868163,2.2633952770027435,2.32127,-0.05787472299725671
293,-0.11989184543321948,0.2177,-0.3375918454332195,2.2399186057392795,2.23152,0.008398605739279308,-0.053474062588444456,0.097249,-0.15072306258844437,2.282788471286618,2.27456,0.008228471286618078
294,-0.013768611110232755,0.188538,-0.20230661111023276,2.2373869672485585,2.21358,0.023806967248558575,-0.0061538024082816375,0.0849684,-0.09112220240828162,2.2748502640173855,2.25392,0.020930264017385625
296,0.052324843393375606,0.0896139,-0.03728905660662439,2.2299028662326887,2.25556,-0.02565713376731127,0.02346077214041214,0.0397094,-0.016248627859587916,2.2663000510608353,2.29077,-0.024469948939164876
297,0.06660934064654957,0.0321063,0.03450304064654957,2.238034803175576,2.26241,-0.024375196824423906,0.029753640756019988,0.0141903,0.015563340756020061,2.2740011018277273,2.29607,-0.022068898172272533
298,0.05851190717600928,-0.0336266,0.09213850717600927,2.2457820141232547,2.21606,0.029722014123254592,0.026048241794556032,-0.0151729,0.04122114179455583,2.2809678749856217,2.24896,0.032007874985621854
300,0.034266056818263974,-0.12509,0.15935605681826398,2.2371629732614253,2.21415,0.023012973261425262,0.015315548294140495,-0.0564355,0.07175104829414058,2.2711364135659386,2.25003,0.021106413565938453
301,-0.014517669519771332,-0.163362,0.1488443304802287,2.230002829761934,2.26742,-0.0374171702380659,-0.006510065473708114,-0.071923,0.06541293452629171,2.263253962319543,2.30615,-0.042896037680457244
302,-0.06038911680694915,0.190319,-0.25070811680694916,2.2414432510782123,2.17734,0.06410325107821224,-0.02693555212141763,0.0871877,-0.11412325212141772,2.2752591180516175,2.2272,0.048059118051617666
303,0.01455512851294531,0.147491,-0.1329358714870547,2.2221849014394652,2.23565,-0.013465098560534905,0.006549824167930424,0.0658767,-0.059326875832069526,2.2576465915956407,2.28366,-0.026013408404359062
304,0.05531854466796088,0.0917374,-0.03641885533203912,2.2259366780126637,2.20448,0.021456678012663488,0.024846690816889217,0.04159,-0.016743309183110622,2.264260441197856,2.24915,0.015110441197855984
305,0.06799994908754542,0.0259313,0.042068649087545415,2.219332087422994,2.16187,0.05746208742299386,0.030630243226918354,0.0119943,0.018635943226918528,2.2595176240222643,2.2041,0.055417624022264356
306,0.05756033697716765,-0.0221874,0.07974773697716765,2.201881379578656,2.21943,-0.017548620421344197,0.026135481741858826,-0.00999655,0.03613203174185875,2.242684104455828,2.26284,-0.020155895544172076
307,0.035656373974695905,-0.0918961,0.1275524739746959,2.206320115887877,2.18728,0.019040115887877018,0.016159608924873402,-0.0419893,0.05814890892487323,2.2476910750027903,2.23225,0.015441075002790239
308,-0.000957825953070416,0.273203,-0.2741608259530704,2.2000331076712336,2.34776,-0.14772689232876646,-0.0004353688538655292,0.115846,-0.11628136885386553,2.241805493368754,2.40163,-0.1598245066312458
309,0.08053730319263651,0.206449,-0.12591169680736347,2.2430133668123546,2.12169,0.12132336681235456,0.03589043237960739,0.0969987,-0.061108267620392454,2.285233905269931,2.16675,0.11848390526993091
310,0.12008609349544994,0.165244,-0.045157906504550066,2.207355768007934,2.22509,-0.01773423199206592,0.05434911495635083,0.0741277,-0.019778585043649155,2.249773651390783,2.2679,-0.018126348609217136
311,0.13662783490885297,0.108759,0.027868834908852974,2.212014681965736,2.20879,0.003224681965735776,0.06168787416542909,0.0491995,0.01248837416542914,2.2546807851181008,2.24791,0.006770785118100697
312,0.13186642509272425,0.155874,-0.02400757490727576,2.2105907292602325,1.56616,0.6444307292602325,0.059581516540614776,0.0991997,-0.03961818345938539,2.252394156546942,1.60101,0.6513841565469418
313,0.14227444988781762,0.0124181,0.12985634988781763,2.0189109102413085,2.18691,-0.1679990897586916,0.07035458071773047,0.0056783,0.06467628071773035,2.058611086596736,2.2234,-0.16478891340326385
314,0.10718587187006327,-0.0570671,0.16425297187006327,2.063508139677628,2.24773,-0.18422186032237198,0.051896876553677036,-0.0253833,0.07728017655367703,2.101445259956755,2.28576,-0.184314740043245
315,0.06087485349427481,-0.111148,0.17202285349427482,2.1142227766387767,2.22763,-0.11340722336122333,0.028785064663135268,-0.0498539,0.07863896466313536,2.1508549291144003,2.26705,-0.11619507088559944
316,0.010971990096510969,-0.131168,0.142139990096511,2.1453131491087802,1.91017,0.2351431491087803,0.005114355653607031,-0.0685603,0.07367465565360698,2.1813442041584645,1.94634,0.23500420415846457
317,-0.03139802755020073,-0.210506,0.17910797244979926,2.0735723704991225,2.3595,-0.2859276295008777,-0.01514084035813519,-0.0889807,0.07383985964186479,2.1085071670759525,2.40652,-0.29801283292404745
318,-0.08590573290270495,0.160285,-0.24619073290270496,2.1551590827530376,2.1566,-0.001440917246962492,-0.03983941580930546,0.0741864,-0.11402581580930526,2.1923929050637843,2.20314,-0.010747094936215618
324,-0.018220818573792024,0.269553,-0.28777381857379203,2.147542922197451,2.41465,-0.26710707780254905,-0.008484292064984206,0.111172,-0.11965629206498418,2.184606079262964,2.4644,-0.27979392073703613
325,0.09436277872740675,0.212613,-0.11825022127259324,2.251285060243088,2.21135,0.03993506024308813,0.04189055283156291,0.0958516,-0.053961047168437304,2.289353352022636,2.25378,0.03557335202263623
326,0.1404040111310732,0.0958554,0.04454861113107321,2.24047273099446,2.30746,-0.06698726900553975,0.06258529472485698,0.0415177,0.021067594724856864,2.2795456208276,2.34367,-0.06412437917239977
327,0.13159934345804414,0.0857795,0.04581984345804414,2.2653155116412167,2.29358,-0.028264488358783257,0.058027943858814726,0.0373825,0.020645443858814616,2.303567502471814,2.32919,-0.025622497528186017
328,0.12249600358244918,-0.0296847,0.15218070358244917,2.2777333943866895,2.24269,0.035043394386689464,0.05372802253317323,-0.0132354,0.06696342253317322,2.315228356171649,2.27596,0.03926835617164892
329,0.08051024891069755,-0.0812839,0.16179414891069754,2.27065634450038,2.19802,0.07263634450037992,0.035441970665359215,-0.0369638,0.07240577066535936,2.305853863026204,2.2318,0.07405386302620443
330,0.03507059615795315,-0.129247,0.16431759615795316,2.252033754278702,2.21128,0.0407537542787022,0.015571596770671317,-0.0583828,0.0739543967706715,2.285537027028001,2.24735,0.03818702702800092
331,-0.011879905468673312,-0.166817,0.15493709453132667,2.242650824733705,2.2622,-0.01954917526629485,-0.005297210880523736,-0.0736078,0.06831058911947618,2.2755349701117966,2.30112,-0.025585029888203437
332,-0.056928755243653976,0.178958,-0.235886755243654,2.2510458448889374,2.18258,0.06846584488893726,-0.025284524170014797,0.0818109,-0.10709542417001483,2.2844902928191146,2.23157,0.05292029281911459
333,0.01321877332206212,0.133085,-0.11986622667793789,2.2333973381770247,2.24014,-0.006742661822975116,0.005918614992738461,0.0593396,-0.05342098500726156,2.2685938091434354,2.28738,-0.018786190856564744
334,0.05048511848690363,0.0761504,-0.025665281513096362,2.237603225529629,2.19972,0.03788322552962908,0.022558313306033105,0.0346043,-0.012045986693967059,2.2756010707225136,2.24387,0.0317310707225138
336,0.06344442898401105,-0.018879,0.08232342898401104,2.2306379033909396,2.20168,0.02895790339093951,0.028434614652017336,-0.00857457,0.037009184652017524,2.270530305555289,2.24471,0.025820305555289025
338,0.042784631360843504,0.283433,-0.24064836863915648,2.225398100121891,2.37244,-0.14704189987810912,0.019223239706365677,0.118905,-0.09968176029363418,2.2660840555024437,2.42742,-0.1613359444975564
339,0.12172052862591377,0.233572,-0.11185147137408623,2.2741199046722067,2.24522,0.02889990467220649,0.05347321001100315,0.103658,-0.05018478998899667,2.3170243550845604,2.29426,0.022764355084560428
340,0.16101229786012022,0.289744,-0.12873170213987978,2.2683579629684423,2.4316,-0.1632420370315577,0.07086302022660615,0.118599,-0.04773597977339383,2.312903000557305,2.48917,-0.1762669994426953
341,0.20588366928326352,0.131899,0.07398466928326353,2.321237527165871,2.22859,0.09264752716587088,0.08846415371806957,0.059116,0.029348153718069536,2.3696682497370603,2.2692,0.10046824973706014
342,0.19013322343032327,0.0690708,0.12106242343032327,2.2975856915195583,2.07975,0.21783569151955806,0.08256535509827438,0.0331989,0.0493664550982742,2.3439926455037647,2.11574,0.22825264550376456
343,0.1598136897563133,0.159381,0.00043268975631330364,2.2358274132617173,1.59102,0.6448074132617172,0.07135718423359526,0.0998423,-0.02848511576640478,2.2789827438713983,1.6265,0.6524827438713983
344,0.16476055545542978,-0.0438622,0.20862275545542977,2.0452154167160232,2.20656,-0.16134458328397683,0.08038542881235725,-0.0198755,0.10026092881235726,2.0862989953872506,2.24369,-0.15739100461274935
345,0.10772369626078784,-0.129284,0.23700769626078785,2.0903422979318287,1.90611,0.18423229793182871,0.051488450253492773,-0.0677225,0.1192109502534926,2.1281786639490696,1.94206,0.18611866394906973
346,0.0408180554565895,-0.181033,0.2218510554565895,2.033868374889175,2.2545,-0.22063162511082535,0.020066478817112203,-0.0801264,0.10019287881711225,2.0682690325207616,2.29803,-0.22976096747923824
347,-0.023286415133587635,-0.196446,0.17315958486641236,2.0963193676555307,2.28767,-0.19135063234446914,-0.01110778146238026,-0.0856615,0.07455371853761994,2.131047543680737,2.33282,-0.20177245631926288
348,-0.07455105374767643,0.165452,-0.24000305374767641,2.1516840610212733,2.18749,-0.03580593897872664,-0.03463391513496695,0.0754919,-0.11012581513496711,2.1881399518685396,2.23484,-0.04670004813146056
352,-0.0024942875999170587,0.257728,-0.26022228759991706,2.1630163537863574,2.33877,-0.17575364621364242,-0.0011531519352361499,0.109755,-0.11090815193523618,2.1998027362353687,2.38661,-0.18680726376463141
353,0.08822691921934994,-0.174935,0.26316191921934995,2.2240945218587025,2.24517,-0.0210754781412974,0.03964790339996403,-0.0777592,0.11740710339996419,2.261518781480738,2.29375,-0.03223121851926214
354,0.0062005291241475245,0.153541,-0.14734047087585248,2.2335662716539924,2.17737,0.05619627165399255,0.002776059647161064,0.0704003,-0.06762424035283887,2.2711892868502126,2.21477,0.05641928685021247
355,0.053919531769497236,0.104185,-0.05026546823050276,2.2186242077059095,2.19432,0.024304207705909686,0.02429835553921168,0.0474437,-0.02314534446078831,2.2551014086333696,2.22936,0.025741408633369822
356,0.07205581519277729,0.00312407,0.06893174519277728,2.213390186138242,2.21848,-0.005089813861757886,0.032543008912678084,0.0014082,0.031134808912677947,2.2493145351460337,2.25127,-0.001955464853966138
357,0.05413762724493505,-0.0350525,0.08919012724493505,2.2169878266851946,2.24478,-0.027792173314805435,0.024414599625908875,-0.0156139,0.04002849962590904,2.2517195301764317,2.27812,-0.02640046982356825
358,0.029753006172245043,-0.157907,0.18766000617224504,2.2274517146758903,2.26215,-0.03469828532410979,0.013356624814252788,-0.0696911,0.08304772481425271,2.261327399902393,2.30046,-0.039132600097607106
359,-0.02464191724013571,0.198363,-0.2230049172401357,2.240156371084249,2.20476,0.03539637108424909,-0.010999644365806298,0.0897288,-0.10072844436580652,2.273626699652916,2.25566,0.017966699652915974
360,0.04222813171485021,0.150238,-0.1080098682851498,2.2321721460164192,2.18188,0.05029214601641918,0.01891569841968523,0.0687487,-0.04983300158031456,2.2683005716426017,2.22909,0.03921057164260189
361,0.07639070436875481,0.0883487,-0.011957995631245194,2.2195169776116837,2.20135,0.01816697761168351,0.03440413520039527,0.0401123,-0.005708164799604898,2.2583296448843346,2.24583,0.012499644884334415
363,0.08569526172077989,-0.0145521,0.10024736172077989,2.217861031965165,2.21541,0.0024510319651649404,0.038619486266151505,-0.0065685,0.045187986266151725,2.258544628212808,2.25866,-0.00011537178719178698
365,0.059424554781072954,0.300145,-0.24072044521892705,2.220678421613454,2.45232,-0.23164157838654598,0.026753255258416243,0.121787,-0.09503374474158388,2.2618869233676797,2.50977,-0.24788307663232034
366,0.1388003484542866,0.258062,-0.11926165154571342,2.2969394314214147,2.32296,-0.02602056857858548,0.06035499605380746,0.110638,-0.05028300394619256,2.3412052665599745,2.37528,-0.03407473344002554
367,0.18062472120163015,0.214828,-0.034203278798369846,2.3093165097134727,2.16474,0.14457650971347258,0.07805674589710829,0.0989161,-0.020859354102891636,2.3558591064781726,2.21112,0.14473910647817245
368,0.1967881131282759,0.204851,-0.008062886871724101,2.269416837485667,2.11307,0.15634683748566713,0.08649671416047101,0.0966428,-0.010146085839529029,2.316306155341791,2.15784,0.15846615534179076
369,0.20521253207743928,0.0734458,0.13176673207743927,2.2252248003064623,2.07895,0.14627480030646245,0.0919609220755884,0.0353137,0.05664722207558848,2.2719746297256136,2.11499,0.15698462972561344
370,0.1715796491171719,0.0197084,0.15187124911717192,2.1831409069567926,2.18699,-0.0038490930432075743,0.07843180318782844,0.00901142,0.06942038318782862,2.226394267188796,2.22352,0.0028742671887957982
371,0.13108875981799847,-0.0380062,0.16909495981799846,2.1850791952766913,2.19772,-0.01264080472330864,0.05992086268929702,-0.0172917,0.07721256268929722,2.2254803426717262,2.23461,-0.009129657328273755
372,0.08444090875178362,-0.0953983,0.1798392087517836,2.1896701794214963,2.24137,-0.05169982057850353,0.03854420117883057,-0.0425369,0.08108110117883038,2.22777427293172,2.28028,-0.05250572706827983
373,0.033390443218187536,-0.147791,0.18118144321818755,2.2059842100350746,2.25131,-0.045325789964925534,0.015135146214972809,-0.0655525,0.08068764621497282,2.2428181592081917,2.29283,-0.050011840791808204
374,-0.019360110775421404,-0.177724,0.15836388922457859,2.220775268934564,2.25963,-0.03885473106543591,-0.008717505377749077,-0.07849,0.0697724946222511,2.2574543196231693,2.303,-0.0455456803768306
375,-0.06666899064595662,-0.219184,0.15251500935404338,2.2339828583077073,2.32281,-0.08882714169229278,-0.02983425272070969,-0.094083,0.06424874727929009,2.2714905815533886,2.37006,-0.09856941844661149
380,-0.12366065736069286,-0.0883627,-0.035297957360692855,2.272803959072881,2.2095,0.063303959072881,-0.054355259271051865,-0.0399709,-0.01438435927105175,2.3126393896687216,2.25296,0.05967938966872177
381,-0.11322950994365219,-0.125019,0.011789490056347801,2.252127800003665,2.25747,-0.0053421999963352285,-0.05023438247341228,-0.0553235,0.005089117526587916,2.293273643265284,2.30332,-0.010046356734715989
382,-0.11925484792331856,0.266321,-0.38557584792331856,2.255598854076514,2.38919,-0.1335911459234862,-0.052821411939710496,0.111011,-0.16383241193971054,2.298454933785066,2.43834,-0.13988506621493402
383,0.0029894059440817647,0.174496,-0.17150659405591825,2.300421371074264,2.1821,0.11832137107426366,0.0012995029080003634,0.0797971,-0.07849759709199944,2.338520258061462,2.2211,0.11742025806146206
384,0.05840536334888098,0.154617,-0.09621163665111902,2.266530876731682,2.35178,-0.08524912326831835,0.025762914427011775,0.0656503,-0.03988738557298843,2.3035149662285335,2.39152,-0.0880050337714664
385,0.09124041496974464,0.0958554,-0.004614985030255356,2.2946594923666734,2.30746,-0.012800507633326408,0.03974113652031723,0.0415177,-0.0017765634796829133,2.332197987331262,2.34367,-0.011472012668737985
386,0.09681542003201045,0.0732372,0.023578220032010447,2.3012648205622224,2.22732,0.07394482056222218,0.04204573108609605,0.0328695,0.00917623108609611,2.3385338412998715,2.26156,0.07697384129987173
387,0.0939502471919777,-0.0391254,0.1330756471919777,2.2819241695137444,2.23965,0.0422741695137443,0.041148263198470286,-0.0174677,0.0586159631984704,2.318387858052953,2.27302,0.04536785805295329
388,0.05829547054069759,-0.0731577,0.1314531705406976,2.271590176137096,2.20039,0.07120017613709573,0.02565721526887079,-0.0332354,0.058892615268870685,2.306373184835988,2.234,0.07237318483598809
389,0.022283949379113096,-0.127915,0.1501989493791131,2.2523952090670045,2.19159,0.06080520906700437,0.009893122787311262,-0.0583001,0.06819322278731121,2.2859959186122376,2.22731,0.058685918612237487
390,-0.020177371693166107,0.220539,-0.24071637169316612,2.2358020087254924,2.24677,-0.01096799127450776,-0.009024423388834607,0.0978447,-0.10686912338883481,2.268876214890284,2.30028,-0.031403785109715976
391,0.05218261426754645,0.184376,-0.13219338573245357,2.240060603667818,2.15362,0.08644060366781803,0.023290967227098294,0.0854036,-0.06211263277290158,2.2763633350152146,2.20262,0.07374333501521457
392,0.09411150867316975,0.0680619,0.026049608673169758,2.215538149200629,2.23221,-0.016671850799370613,0.04245242436087955,0.0304814,0.01197102436087949,2.254764081741329,2.27663,-0.021865918258670902
394,0.09361756762058682,-0.0275636,0.12118116762058681,2.2215232124663387,2.24928,-0.02775678753366151,0.04211624181722977,-0.0122538,0.05437004181722971,2.26256933949166,2.2934,-0.030830660508339935
396,0.061931044120190445,-0.110327,0.17225804412019044,2.2315627423505573,2.15875,0.07281274235055735,0.027745198781585437,-0.0510626,0.07880779878158561,2.2731593347951344,2.20407,0.06908933479513424
397,0.008981787419235337,0.240714,-0.23173221258076468,2.2090159663569686,2.24044,-0.03142403364303137,0.004065945226563625,0.10703,-0.10296405477343651,2.2504569147203397,2.29015,-0.03969308527966042
398,0.08196070683944602,0.151393,-0.06943229316055398,2.21890565157876,2.23183,-0.012924348421239795,0.036920660516729084,0.06773,-0.030809339483270914,2.2605289741113808,2.27373,-0.013201025888619267
399,0.10603556494474319,0.1032,0.002835564944743185,2.223240937076194,2.18217,0.041070937076193914,0.0476580256948356,0.0472573,0.00040072569483573517,2.264914994107231,2.22069,0.04422499410723102
400,0.10853262787049515,0.150713,-0.04218037212950486,2.2112594569262507,1.52682,0.6844394569262506,0.04904245890132738,0.0983918,-0.04934934109867273,2.2521780831221823,1.56068,0.6914980831221822
401,0.12456423133266907,0.0461448,0.07841943133266907,2.005361967269097,2.21465,-0.2092880327309028,0.062035881429273076,0.0208331,0.04120278142927303,2.04395373187046,2.25197,-0.2080162681295401
403,0.10781625458517856,-0.0989869,0.20680315458517856,2.0590743534662415,2.24489,-0.18581564653375837,0.052313740825168153,-0.0440659,0.09637964082516826,2.097128142261563,2.28401,-0.1868818577384368
404,0.04620819049805685,0.174885,-0.12867680950194316,2.1135109745768714,2.1817,-0.06818902542312877,0.021859754050235266,0.079989,-0.05812924594976465,2.1497620174542247,2.22963,-0.0798679825457751
408,0.09346073809313121,-0.0898512,0.18331193809313123,2.1287378805928627,2.17585,-0.04711211940713733,0.043876118830983975,-0.0412713,0.0851474188309842,2.1681060978809024,2.21887,-0.05076390211909754
409,0.030647744742471453,-0.0994483,0.13009604474247147,2.1441681464623774,2.19261,-0.04844185353762276,0.014292562775255735,-0.0453251,0.05961766277525582,2.1830971619406987,2.23623,-0.053132838059301246
410,-0.012806677880433413,-0.129497,0.11669032211956659,2.1596021059658375,2.27488,-0.11527789403416255,-0.005930040412294214,-0.0568632,0.050933159587705834,2.199307102050611,2.32127,-0.12196289794938897
412,-0.05460219941751824,0.109581,-0.16418319941751824,2.1972077391707003,2.26395,-0.06674226082929957,-0.02484560862937249,0.0483647,-0.07321030862937228,2.238744934973156,2.30016,-0.06141506502684413
414,-0.005424228187999149,-0.0743435,0.06891927181200086,2.2216276021395567,2.17637,0.04525760213955676,-0.002441551142288053,-0.0341461,0.03170454885771212,2.2602062416046427,2.20966,0.05054624160464272
415,-0.02928640102391584,-0.131625,0.10233859897608415,2.2084724669107545,2.21982,-0.01134753308924541,-0.013260153771540177,-0.0592259,0.045965746228459725,2.2450789409122787,2.25613,-0.011051059087721526
416,-0.0635607821754008,0.224847,-0.2884077821754008,2.213300979662539,2.23693,-0.02362902033746117,-0.028709750043056072,0.100179,-0.128888750043056,2.2493151860432317,2.29072,-0.041404813956768205
417,0.02236339833187248,0.209966,-0.18760260166812753,2.2219226369086784,2.22579,-0.0038673630913215185,0.010064546287289158,0.0940548,-0.08399025371271085,2.259355567098675,2.27799,-0.01863443290132505
418,0.07870336317608852,0.14185,-0.06314663682391149,2.224636004230282,2.27552,-0.05088399576971803,0.03536333691659886,0.0622566,-0.02689326308340112,2.264857975052053,2.32393,-0.05907202494794683
419,0.0985922138291162,0.0929938,0.005598413829116203,2.241465981408361,2.20407,0.03739598140836087,0.04395726063510148,0.0421669,0.0017903606351015178,2.284027648483396,2.24878,0.0352476484833959
420,0.0983439999594054,0.0278355,0.0705084999594054,2.232274231013501,2.19282,0.03945423101350087,0.04402704993111612,0.0126932,0.03133384993111621,2.275596932877446,2.23578,0.03981693287744603
421,0.07881354368297401,-0.030033,0.10884654368297401,2.222252676099147,2.22309,-0.0008373239008530042,0.03545075018122628,-0.0135088,0.04895955018122633,2.265374875398324,2.26675,-0.0013751246016759922
422,0.047500237890325425,-0.0517734,0.09927363789032542,2.2239080975890677,2.03567,0.18823809758906762,0.02135565614063615,-0.0254276,0.046783256140636276,2.266760166936948,2.07626,0.19050016693694793
423,0.018297883989844995,0.277764,-0.259466116010155,2.1696924423095276,2.32757,-0.15787755769047251,0.008433199957787131,0.118775,-0.11034180004221295,2.21152175690673,2.38156,-0.17003824309326987
424,0.09437835976139235,0.208599,-0.11422064023860766,2.216427575254337,2.22173,-0.005302424745663004,0.04255558880100894,0.0936159,-0.051060311198991126,2.2590018349174077,2.26799,-0.00898816508259248
425,0.12936655801953004,0.191514,-0.06214744198046995,2.219197219877574,2.20711,0.012087219877573663,0.05822840619674961,0.0865545,-0.028326093803250352,2.2623766550941076,2.2517,0.010676655094107534
426,0.14978944712462053,0.100533,0.04925644712462053,2.2168696653514606,2.17472,0.042149665351460364,0.06746545390068434,0.0461953,0.02127015390068454,2.260442643745237,2.21299,0.047452643745236944
427,0.1377146798839173,0.0231629,0.1145517798839173,2.2055604434910983,2.18684,0.018720443491098138,0.06235881099973958,0.0105916,0.0517672109997398,2.2476239356890466,2.22341,0.02421393568904673
428,0.10595319918587331,0.00553181,0.10042138918587332,2.200873854448599,2.24426,-0.04338614555140108,0.04810428382606204,0.00246486,0.04563942382606223,2.2408041738035402,2.28167,-0.04086582619645984
429,0.07752152153039678,-0.0142205,0.09174202153039678,2.2144454620333507,2.21404,0.0004054620333509007,0.03499290386183861,-0.00642277,0.04141567386183853,2.253183858081762,2.25107,0.002113858081762121
430,0.05089670728540743,-0.0918626,0.14275930728540742,2.21536060722784,2.24202,-0.026659392772160118,0.022970416234372577,-0.0409503,0.06392071623437268,2.2532000780313006,2.2808,-0.027599921968699537
431,0.008429987561855687,-0.19835,0.20677998756185567,2.2243041072714935,2.31257,-0.08826589272850649,0.003789925654851192,-0.085561,0.08935092565485103,2.26146648814731,2.35814,-0.09667351185269002
432,-0.0541644089984848,-0.224246,0.1700815910015152,2.2517573663259043,2.35033,-0.09857263367409574,-0.02404964529948711,-0.0951224,0.07107275470051277,2.289544642811313,2.39832,-0.10877535718868714
434,-0.11149315773211468,0.0116496,-0.12314275773211468,2.2856126679598567,1.92814,0.35747266795985677,-0.0487417888303301,0.00604182,-0.05478360883033018,2.3254963565538915,1.96512,0.36037635655389155
436,-0.07993386590641728,-0.0819704,0.0020365340935827175,2.1758750351514173,2.19835,-0.02247496484858269,-0.03671991040904792,-0.03727,0.0005500895909520409,2.2143591831869927,2.24137,-0.02701081681300721
437,-0.08341493293066465,-0.122628,0.03921306706933535,2.1822900291201472,2.29075,-0.10845997087985282,-0.03820497878634808,-0.0534809,0.015275921213651955,2.222304368239268,2.3371,-0.11479563176073215
438,-0.09858738065722122,0.253346,-0.35193338065722124,2.2157815286000715,2.33904,-0.1232584713999283,-0.04446395112755811,0.107891,-0.15235495112755792,2.2578772468038015,2.38653,-0.1286527531961985
439,0.006754912609381132,0.181195,-0.17444008739061886,2.25428243480354,2.21089,0.04339243480354016,0.0029964711998766574,0.0817733,-0.07877682880012316,2.2923867515333867,2.25069,0.04169675153338659
440,0.0598832096666799,0.16475,-0.10486679033332011,2.242650657968647,2.20303,0.03962065796864689,0.026695635088420454,0.0746441,-0.047948464911579336,2.2798104484639343,2.24155,0.03826044846393417
441,0.09304302501123604,0.149829,-0.05678597498876395,2.2318956247656967,2.34808,-0.11618437523430325,0.041663768186956565,0.0637228,-0.02205903181304336,2.26894653373409,2.38745,-0.11850346626590991
442,0.11245080506826209,0.0420186,0.07043220506826209,2.2677167493595727,2.25156,0.016156749359572675,0.0495470922481225,0.0186598,0.030887292248122478,2.3053911294127505,2.28533,0.0200611294127504
443,0.09413722169605218,0.0319113,0.062225921696052185,2.2647010345815373,2.25208,0.012621034581537405,0.04154325833477109,0.0141688,0.027374458334771035,2.3010271697490334,2.28566,0.015367169749033405
444,0.07776709080459893,-0.0507765,0.12854359080459893,2.262625307808152,2.23914,0.023485307808152278,0.034356766759502916,-0.0226729,0.05702966675950272,2.2979514967578147,2.27273,0.0252214967578146
445,0.04113650281060248,-0.131729,0.17286550281060248,2.2572124225222945,2.21327,0.04394242252229441,0.01822245397322352,-0.0594478,0.07767025397322369,2.2912117492707402,2.24951,0.04170174927074033
446,-0.009695276578224719,-0.139893,0.13019772342177527,2.2455213239812766,2.23193,0.013591323981276382,-0.004317579276493931,-0.0625965,0.058278920723505934,2.2787052997664334,2.26883,0.009875299766433532
447,-0.04913997375212769,0.199234,-0.2483739737521277,2.2425394972438504,2.18623,0.05630949724385026,-0.021909139613712023,0.09088,-0.11278913961371195,2.2759595619637656,2.23693,0.0390295619637655
449,0.02365304917487481,0.0456157,-0.02196265082512519,2.2272339766732414,2.21665,0.010583976673241402,0.010619521911176114,0.0205757,-0.009956178088823986,2.262622328890292,2.26029,0.0023323288902918904
450,0.03085569100287246,-0.030033,0.06088869100287246,2.224443722929564,2.22309,0.0013537229295641495,0.013870304711145138,-0.0135088,0.027379104711145352,2.2622638925515783,2.26675,-0.004486107448421706
451,0.012632212994999007,-0.047865,0.06049721299499901,2.22444458763829,2.17904,0.04540458763829003,0.005678755621030275,-0.0219625,0.027641255621030147,2.2638830337181197,2.22251,0.04137303371811951
453,-0.006393629127361997,0.226342,-0.23273562912736198,2.2110092090616047,2.25139,-0.040380790938395084,-0.002891716271431109,0.100198,-0.10308971627143126,2.251689736275171,2.29974,-0.04805026372482901
454,0.06711270971763132,0.290038,-0.22292529028236868,2.223864626288719,2.43122,-0.2073553737112812,0.03016925852730196,0.118736,-0.08856674147269805,2.2645189385855753,2.4888,-0.2242810614144246
455,0.13840177132829742,0.111266,0.02713577132829742,2.288834978902432,2.20315,0.0856849789024321,0.06039467999265175,0.0504605,0.009934179992651782,2.3329738150540855,2.24232,0.09065381505408565
456,0.13413396330705574,0.0927423,0.04139166330705574,2.2649820863460306,2.21388,0.05110208634603053,0.05915167552234652,0.0418668,0.0172848755223467,2.3078855793168125,2.25251,0.05537557931681247
457,0.12536205037942322,0.0452696,0.08009245037942322,2.2511148671135,2.21466,0.0364548671135001,0.05563141169374084,0.0204381,0.035193311693740625,2.292906351838961,2.25196,0.040946351838961004
458,0.10464125556624171,0.0231629,0.08147835556624171,2.2413330905410187,2.18684,0.054493090541018585,0.04665318469326359,0.0105916,0.036061584693263704,2.281673997845861,2.22341,0.058263997845861226
459,0.08295304203681357,0.00540501,0.07754803203681357,2.225879334227459,2.18711,0.038769334227458874,0.037250298830834354,0.00247129,0.03477900883083418,2.2649157789864853,2.22357,0.04134577898648528
460,0.06184164992425528,-0.134724,0.1965656499242553,2.2147384329177826,2.23864,-0.02390156708221758,0.02791552458548878,-0.0601087,0.08802422458548875,2.2527970080049227,2.27925,-0.026452991995077557
461,0.004546415808527606,-0.129617,0.13416341580852761,2.222056053395159,1.91644,0.3056160533951593,0.002046037253383807,-0.0675312,0.06957723725338383,2.259098941238168,1.95256,0.30653894123816805
462,-0.03560476468385083,-0.189493,0.15388823531614917,2.1310712378158554,2.28683,-0.15575876218414475,-0.016705895005139026,-0.0826738,0.06596790499486094,2.1668393150222656,2.33142,-0.16458068497773448
466,-0.08970385212674371,-0.073152,-0.01655185212674372,2.173056822579465,2.2184,-0.045343177420535064,-0.04125660692151449,-0.0329632,-0.008293406921514368,2.2106376075888905,2.26147,-0.050832392411109595
467,-0.08624023117150979,0.274446,-0.36068623117150983,2.188112257856485,2.3825,-0.19438774214351495,-0.03939268541600398,0.114687,-0.1540796854160038,2.2276177154668813,2.43246,-0.2048422845331186
468,0.03072466123052696,0.231392,-0.200667338769473,2.2520879548680917,2.29658,-0.04449204513190841,0.013641898476052385,0.100416,-0.0867741015239476,2.2889910536163116,2.3415,-0.052508946383688304
469,0.09662902971967041,0.179417,-0.08278797028032958,2.268306359832156,2.17923,0.089076359832156,0.04257389705059468,0.0821448,-0.03957090294940535,2.3059867295195846,2.21848,0.0875067295195846
471,0.13132381358346734,0.102204,0.02911981358346734,2.2448708457313393,2.3067,-0.06182915426866087,0.05843290077006893,0.0442786,0.01415430077006885,2.283081819185076,2.34318,-0.06009818081492391
472,0.12687937528590457,0.0632715,0.06360787528590457,2.266399303147643,2.26528,0.0011193031476426363,0.055924423394384165,0.0279238,0.02800062339438414,2.304210929077862,2.29975,0.004460929077862108
473,0.11161314587481942,0.0526633,0.05894984587481942,2.2683922192762944,2.25104,0.017352219276294267,0.04916398663835308,0.0233908,0.025773186638353263,2.305131849904927,2.28503,0.02010184990492725
475,0.10102724852974522,-0.115973,0.21700024852974523,2.267597515368935,2.22056,0.04703751536893508,0.04452310577585349,-0.0521796,0.09670270577585338,2.3035200764692965,2.25599,0.0475300764692963
476,0.035649299511571586,-0.122075,0.15772429951157158,2.254854946128452,1.79374,0.46111494612845205,0.015808701911283737,-0.0679513,0.08376000191128385,2.28837094117928,1.82479,0.46358094117927995
477,-0.01188632426458652,0.189908,-0.20179432426458652,2.113741714574046,2.15174,-0.0379982854259544,-0.0056232977258560855,0.0880298,-0.09365309772585606,2.144988174783047,2.20117,-0.05618182521695303
478,0.04954248665670884,0.153272,-0.10372951334329115,2.122904284792625,2.16979,-0.04688571520737472,0.023332891634224556,0.0705219,-0.04718900836577555,2.1574744513161446,2.21704,-0.05956554868385533
479,0.0824350861263663,0.147263,-0.06482791387363371,2.1349408322750527,2.20873,-0.07378916772494737,0.03859317955005565,0.0665748,-0.027981620449944344,2.1727738515338157,2.25625,-0.08347614846618434
480,0.10427455441834035,0.0280512,0.07622335441834036,2.155325849899066,2.216,-0.06067415010093402,0.048342255442566644,0.0126578,0.0356844554425666,2.195972587145016,2.25932,-0.06334741285498424
481,0.08442606130611882,-0.00938791,0.09381397130611882,2.1722667217433167,2.21075,-0.038483278256683295,0.03884587000041473,-0.00424646,0.04309233000041468,2.213567549441989,2.25388,-0.040312450558011026
482,0.05883317508395489,-0.0193925,0.0782256750839549,2.1830083359927444,2.20703,-0.024021664007255694,0.026943981946808474,-0.00878648,0.0357304619468084,2.2245801830520073,2.25016,-0.02557981694799283
483,0.0372103590879457,-0.128542,0.1657523590879457,2.189722435537051,2.20935,-0.01962756446294911,0.01699154987862402,-0.0581152,0.07510674987862398,2.2316110146353654,2.25639,-0.024778985364634742
484,-0.010974858529741421,0.233845,-0.24481985852974142,2.1953038850655244,2.24748,-0.05217611493447549,-0.004999201785362736,0.103675,-0.1086742017853628,2.2375766868610922,2.29657,-0.058993313138907766
485,0.061555834770127646,0.167847,-0.10629116522987235,2.2106961000289855,2.20952,0.001176100028985605,0.02783735570833443,0.0758199,-0.04798254429166571,2.2523713795762417,2.2523,7.137957624170355e-05
486,0.09478015082296652,0.122157,-0.02737684917703348,2.2106327852467493,2.20748,0.0031527852467494455,0.04284842751321066,0.0552817,-0.01243327248678927,2.252261536088092,2.24721,0.005051536088092057
487,0.10535779590791712,0.160201,-0.05484320409208289,2.2099722345360115,1.59482,0.6151522345360116,0.047637741390205574,0.100115,-0.052477258609794575,2.2511736032017984,1.63045,0.6207236032017984
488,0.12431235216219458,0.0170218,0.10729055216219457,2.0273282191184716,2.24292,-0.2155917808815282,0.06124163782495501,0.00758898,0.053652657824954986,2.0665831941939183,2.28037,-0.21378680580608167
489,0.09546644913330994,-0.0224414,0.11790784913330994,2.0870312472851364,2.14983,-0.06279875271486368,0.04571083840942138,-0.0104383,0.05614913840942126,2.125205468467102,2.18585,-0.06064453153289806
490,0.06260534559700516,-0.0428543,0.10545964559700516,2.1029546639115644,2.24778,-0.14482533608843573,0.02976139312416755,-0.0190629,0.04882429312416736,2.139840243772744,2.28549,-0.14564975622725562
491,0.03251862679451896,-0.135137,0.16765562679451895,2.143812819922705,2.28307,-0.13925718007729504,0.015167431040129183,-0.059122,0.0742894310401292,2.1803983331970986,2.3244,-0.14400166680290116
492,-0.016954318317682324,-0.195884,0.17892968168231768,2.1841675516301575,2.29788,-0.11371244836984262,-0.007762214850801307,-0.0850399,0.07727768514919875,2.2208769942924422,2.34311,-0.12223300570755757
493,-0.07114413597805057,0.173699,-0.24484313597805057,2.2180272168947397,2.16077,0.05725721689473984,-0.03206441834036852,0.080215,-0.11227941834036859,2.255903519460512,2.20831,0.047593519460511935
497,-0.0010875755487168726,-0.0730345,0.07194692445128313,2.2028996335286877,2.23775,-0.034850366471312455,-0.0004937017755150019,-0.0326259,0.0321321982244851,2.2408864833519613,2.28118,-0.04029351664803871
498,-0.026606653081938634,-0.119854,0.09324734691806137,2.215506382665452,2.27935,-0.0638436173345478,-0.012008710199976447,-0.0525343,0.04052558980002363,2.2551597413739954,2.32537,-0.0702102586260045
499,-0.058736664422390214,0.254455,-0.3131916644223902,2.237492219440415,2.33714,-0.09964778055958501,-0.026245086916900327,0.108448,-0.1346930869169003,2.2789646925776625,2.38461,-0.10564530742233735
500,0.038628404113825815,-0.179323,0.21795140411382583,2.270851600523083,2.2539,0.01695160052308342,0.01700889610510855,-0.0793942,0.09640309610510833,2.3097306238492337,2.30292,0.00681062384923381
501,-0.028291540047587823,0.150115,-0.17840654004758782,2.2682265514250037,1.6708,0.5974265514250037,-0.012472331307875593,0.0896054,-0.10207773130787556,2.3080715563132572,1.70286,0.6052115563132572
502,0.02509711322030144,-0.212117,0.23721411322030145,2.0879318412498473,2.29074,-0.20280815875015268,0.012019503765561646,-0.0923343,0.1043538037655618,2.1234493683261637,2.34244,-0.21899063167383614
503,-0.04638771105773992,0.113933,-0.16032071105773993,2.1466791519862407,2.30573,-0.15905084801375935,-0.02160569397126109,0.049373,-0.07097869397126111,2.184524814084144,2.34272,-0.15819518591585613
504,0.00022582491799955033,0.0168932,-0.01666737508200045,2.1935131296743364,2.24082,-0.047306870325663386,0.00010295124936646328,0.00753868,-0.007435728750633697,2.2298951584406486,2.27409,-0.044194841559351605
505,0.004887532852045045,-0.0391254,0.04401293285204504,2.207941378419861,2.23965,-0.031708621580138985,0.002213611700345446,-0.0174677,0.019681311700345372,2.2433474498221,2.27302,-0.029672550177899826
506,-0.008456000485370525,-0.0470709,0.03861489951462947,2.2180437930238,2.19333,0.024713793023800168,-0.0038123501192289366,-0.0214576,0.017645249880771097,2.252709405086382,2.22615,0.026559405086381993
507,-0.020507468544732094,-0.10759,0.08708253145526791,2.211550159028747,2.24262,-0.031069840971253093,-0.00927262748372094,-0.0479382,0.03866557251627922,2.2455435488831585,2.27802,-0.03247645111684161
508,-0.0472831676580862,0.202153,-0.24943616765808618,2.2214918789083464,2.19123,0.030261878908346418,-0.021281207403974364,0.0919952,-0.11327640740397449,2.2555060448834117,2.24226,0.013246044883411745
509,0.02549978253395906,0.176606,-0.15110621746604094,2.2134056966591955,2.2363,-0.022894303340804445,0.011520099778429408,0.0788091,-0.06728900022157047,2.249379364000795,2.28592,-0.036540635999204873
510,0.07091818378246013,0.170967,-0.10004881621753987,2.220916109701244,2.27507,-0.05415389029875595,0.031921104229119736,0.0750069,-0.04308579577088034,2.2598591392373275,2.32514,-0.0652808607626727
511,0.10230044103378148,0.0590411,0.043259341033781484,2.2379166047415393,2.22208,0.01583660474153925,0.04568055560725097,0.026564,0.019116555607250785,2.279821281755795,2.26604,0.01378128175579496
512,0.09176761515475487,0.0497344,0.042033215154754874,2.234488239165943,2.23584,-0.0013517608340571918,0.0410456733123254,0.0222404,0.018805273312325177,2.2770802941483486,2.27991,-0.0028297058516515428
513,0.08124937525269371,-0.0708514,0.15210077525269372,2.2360555033052596,2.19428,0.04177550330525959,0.036320049030653945,-0.032278,0.06859804903065392,2.279178015635886,2.23866,0.04051801563588597
514,0.037557617019012085,-0.118198,0.15575561701901208,2.2247670603653766,2.19193,0.03283706036537648,0.016879991829876654,-0.053872,0.07075199182987646,2.267354848532045,2.23816,0.029194848532045015
515,-0.008453147245914247,0.279431,-0.2878841472459142,2.2158118143353667,2.36579,-0.1499781856646334,-0.0038149025939890574,0.117568,-0.12138290259398898,2.258498406058002,2.42042,-0.16192159394199823
516,0.0767856904348057,0.266424,-0.18963830956519429,2.2611949210923883,2.30087,-0.039675078907611905,0.03394497089406658,0.115279,-0.08133402910593324,2.303974938153447,2.35364,-0.04966506184655284
517,0.13501178425747826,0.125942,0.009069784257478258,2.274836583580685,2.23865,0.03618658358068538,0.0592805637236003,0.0561989,0.003081663723600414,2.3192051864751067,2.27906,0.04014518647510679
518,0.13537729390630235,0.164325,-0.02894770609369765,2.2661199876704305,1.6258,0.6403199876704306,0.05966876971785205,0.100731,-0.04106223028214817,2.3095506400601473,1.66219,0.6473606400601473
519,0.1470514214372414,0.0284632,0.1185882214372414,2.076355571940427,2.18649,-0.11013442805957308,0.07070383485945869,0.013017,0.0576868348594588,2.1176249701274377,2.22312,-0.10549502987256254
520,0.11479021491390232,-0.0499604,0.1647506149139023,2.1059242415192148,2.24777,-0.1418457584807853,0.05445434772111717,-0.022223,0.07667734772111734,2.145201403613303,2.28563,-0.1404285963866969
521,0.06771669479888229,-0.0598339,0.12755059479888228,2.1459068420358567,2.24899,-0.10308315796414336,0.0315457454098914,-0.0265985,0.05814424540989149,2.1834551637160446,2.28711,-0.10365483628395555
522,0.03041195616580616,-0.160278,0.19068995616580617,2.175459180312061,2.21232,-0.036860819687939195,0.013978646695441348,-0.0723215,0.08630014669544117,2.2123905371532606,2.254,-0.04160946284673939
523,-0.026896764618507332,-0.219224,0.19232723538149266,2.186029128960457,2.32429,-0.138260871039543,-0.01230331614212138,-0.0940403,0.08173698385787853,2.222667794258306,2.37157,-0.148902205741694
524,-0.08630108958896049,0.143495,-0.2297960895889605,2.2273194129436495,2.17551,0.05180941294364949,-0.03872724316059628,0.0658637,-0.10459094316059625,2.2656046805503687,2.22149,0.04411468055036849
528,-0.024909087856690677,-0.118479,0.09356991214330933,2.2143898933363086,2.30882,-0.09443010666369123,-0.011248261832903304,-0.051271,0.04002273816709678,2.2525731844958488,2.35528,-0.10270681550415128
529,-0.05949019780356241,0.249185,-0.3086751978035624,2.2484125341468384,2.32979,-0.08137746585316163,-0.02645258393579315,0.106551,-0.13300358393579303,2.289156111348518,2.37673,-0.08757388865148164
530,0.040563020884688473,0.191058,-0.15049497911531154,2.277461017869664,2.20086,0.07660101786966411,0.017808749422003573,0.0865937,-0.06878495057799627,2.31575600823485,2.24126,0.07449600823485003
531,0.08975723871278665,0.172478,-0.08272076128721334,2.2558593605159456,2.24328,0.012579360515945659,0.03976751370734556,0.0767354,-0.03696788629265457,2.2937194913580643,2.28282,0.010899491358064228
533,0.12157302129500547,0.00979106,0.11178196129500546,2.2560539860529496,2.23706,0.018993986052949552,0.05383539121986234,0.00437673,0.04945866121986242,2.2942942737592746,2.27022,0.02407427375927451
534,0.08887347677108343,-0.0556449,0.14451837677108342,2.2519205214123508,2.23693,0.014990521412350688,0.03944516592462554,-0.0248705,0.06431566592462534,2.287987036752983,2.27061,0.017377036752983077
535,0.04572453202494251,-0.106813,0.15253753202494252,2.2490114374254797,2.24162,0.007391437425479541,0.02032814630790207,-0.0476139,0.0679420463079019,2.2832981343876306,2.27697,0.006328134387630691
536,-0.0004416877915627093,-0.122912,0.12247031220843728,2.248388829010217,2.24971,-0.0013211709897826829,-0.00019644635313163293,-0.0545804,0.05438395364686821,2.281813882789096,2.28594,-0.004126117210903946
537,-0.038247763816205746,0.215335,-0.25358276381620576,2.2503721414959816,2.25311,-0.002737858504018309,-0.01699455875043305,0.0952829,-0.11227745875043293,2.2838547269824567,2.30622,-0.02236527301754343
538,0.03661018037314447,0.202296,-0.16568581962685552,2.252790400390174,2.18766,0.06513040039017381,0.016249606713289618,0.0922092,-0.07595959328671054,2.288973371209272,2.23863,0.050343371209272014
539,0.08674640619775831,0.127652,-0.04090559380224168,2.234874431658124,2.27528,-0.04040556834187603,0.03879541525275595,0.056045,-0.01724958474724403,2.274089480444903,2.32284,-0.048750519555096794
540,0.10071255369345071,0.0497344,0.05097815369345071,2.2480579789856265,2.23584,0.012217978985626488,0.04476986723984031,0.0222404,0.022529467239840173,2.2897341275775633,2.27991,0.009824127577563235
541,0.0875574998409242,0.0117194,0.0758380998409242,2.245829392882802,2.1813,0.06452939288280213,0.038966975464594183,0.0053726,0.033594375464593984,2.2882071569664895,2.22384,0.06436715696648942
542,0.06662455377727773,0.00250079,0.06412376377727773,2.227925820963663,2.19362,0.03430582096366308,0.02989538689067458,0.00114003,0.028755356890674655,2.270217600258276,2.23641,0.03380760025827634
543,0.04860674403885813,-0.112326,0.16093274403885813,2.2185364628547752,2.21714,0.0013964628547751268,0.02190586888166472,-0.0506191,0.07252496888166471,2.2609050037284777,2.26361,-0.0027049962715222087
544,0.0012695525965012583,0.25076,-0.24949044740349874,2.218686637187158,2.2693,-0.05061336281284179,0.0005722089981803337,0.110055,-0.10948279100181946,2.2611829763128273,2.32025,-0.05906702368717287
546,0.07621849473835614,0.194376,-0.11815750526164386,2.2352664775490827,2.20554,0.02972647754908264,0.03408496334681799,0.0879036,-0.05381863665318187,2.277666684065209,2.25033,0.02733668406520895
547,0.11442840925234084,0.125724,-0.011295590747659165,2.226922153456101,2.23769,-0.010767846543899395,0.05133895626340466,0.0561258,-0.004786843736595436,2.269506157249417,2.27808,-0.00857384275058326
548,0.12035365856537375,0.0369843,0.08336935856537375,2.230888170802709,2.18652,0.04436817080270927,0.05389651608146653,0.0169131,0.03698341608146638,2.272938297418604,2.22328,0.04965829741860395
549,0.09752442786059884,0.0266185,0.07090592786059884,2.218129524220484,2.18677,0.03135952422048405,0.04393866917188876,0.0121719,0.03176676917188859,2.2583671291861154,2.22338,0.03498712918611524
550,0.07790803872653243,-0.0598374,0.13774543872653244,2.2090107299201063,2.2154,-0.006389270079893539,0.035253681533015814,-0.0270032,0.062256881533016006,2.2479681719211855,2.25289,-0.004921828078814361
551,0.03767835607194165,-0.127286,0.16496435607194165,2.2110355974304343,1.8989,0.3121355974304343,0.017039395259577227,-0.0669315,0.08397089525957746,2.2486559364848433,1.93466,0.31399593648484325
552,-0.011725140810146925,-0.134179,0.12245385918985306,2.1175183901090295,1.9343,0.18321839010902963,-0.005537151900796099,-0.0692574,0.06372024809920385,2.153097972751534,1.97095,0.18214797275153383
553,-0.049635723514442016,-0.169459,0.11982327648555799,2.060269388890377,2.22306,-0.16279061110962267,-0.024087201398574842,-0.0760807,0.05199349860142499,2.0952840933347985,2.26539,-0.17010590666520153
557,-0.09722165256790782,-0.124833,0.027611347432092176,2.0975139849824687,2.21533,-0.11781601501753114,-0.04631774521068652,-0.05629,0.009972254789313517,2.1342220670799934,2.26044,-0.1262179329200066
558,-0.11007601691196377,0.231364,-0.34144001691196374,2.1362932728378734,2.28733,-0.15103672716212646,-0.051481112691481236,0.100808,-0.15228911269148115,2.175952203152026,2.3322,-0.15624779684797385
559,-0.0008445134802643661,0.183379,-0.18422351348026436,2.185298592214621,2.21415,-0.0288514077853792,-0.00038645219524309846,0.0826327,-0.08301915219524325,2.220960837178176,2.25415,-0.03318916282182416
561,0.06045861236273563,0.139618,-0.07915938763726436,2.196505673923266,2.29231,-0.09580432607673428,0.027517958086770013,0.0608323,-0.03331434191323002,2.2318572917246944,2.33034,-0.0984827082753057
562,0.08857589775087121,0.0454195,0.04315639775087121,2.2289285483360346,2.2663,-0.037371451663965605,0.039718328078391874,0.0200386,0.0196797280783918,2.2648932512161526,2.30035,-0.0354567487838473
563,0.07812109227699349,0.00677891,0.07134218227699349,2.2429267276062466,2.21112,0.031806727606246366,0.03481590549010953,0.00306582,0.03175008549010938,2.278220297327572,2.2438,0.034420297327572236
564,0.05885436282533145,-0.122739,0.18159336282533145,2.2356920549346455,2.21201,0.023682054934645702,0.026318818364966662,-0.0554308,0.08174961836496664,2.2699312285175695,2.24773,0.02220122851756967
565,0.005760295540138466,-0.137621,0.14338129554013845,2.2307947765499776,2.21874,0.012054776549977664,0.002582166140189313,-0.0619474,0.06452956614018923,2.2638467517763194,2.25524,0.00860675177631931
566,-0.036807746406076605,-0.160461,0.12365325359392339,2.2292654261843183,2.25179,-0.022524573815681848,-0.01650965457046509,-0.0711391,0.05462944542953485,2.2622833059796315,2.29012,-0.02783669402036848
567,-0.07433264612024897,0.141907,-0.21623964612024899,2.2380163089858285,2.25106,-0.013043691014171355,-0.03320142514799758,0.0629567,-0.09615812514799771,2.271837986007617,2.29906,-0.027222013992382887
568,-0.011285442055134,0.115804,-0.127089442055134,2.2440854090776976,2.27519,-0.031104590922302222,-0.005028929323525926,0.0508548,-0.0558837293235257,2.2797304841062433,2.3221,-0.04236951589375648
569,0.026708913985387033,0.009447,0.017261913985387033,2.2556250797663115,2.19298,0.06264507976631162,0.011840472091479419,0.00430781,0.007532662091479292,2.2937844731161507,2.23578,0.058004473116150645
570,0.022696297934821145,-0.0380461,0.06074239793482114,2.2395130810882713,2.22215,0.017363081088271226,0.010134131899680028,-0.0171196,0.027253731899679945,2.279030818736305,2.26608,0.012950818736304992
571,0.005643062187449521,-0.0515719,0.057214962187449515,2.23639833414102,2.05155,0.18484833414101987,0.0025232759857604626,-0.0251327,0.027655975985760417,2.2770976851250158,2.09239,0.18470768512501579
572,-0.010811387792340272,0.266553,-0.27736438779234024,2.183412083753458,2.31795,-0.1345379162465421,-0.004951561601636655,0.114492,-0.11944356160163672,2.224067785868337,2.37092,-0.14685221413166305
573,0.07170759853618905,0.195263,-0.12355540146381094,2.223918690716417,2.24014,-0.016221309283583007,0.03223263680862699,0.0869458,-0.05471316319137287,2.264939153267449,2.28549,-0.02055084673255081
574,0.110627165840961,0.15084,-0.04021283415903901,2.230285401691031,2.23294,-0.0026545983089691916,0.049561626088170926,0.06745,-0.01788837391182918,2.2720581579614896,2.27482,-0.002761842038510487
575,0.12572722503193057,0.131706,-0.0059787749680694224,2.2327480456847186,2.22664,0.006108045684718455,0.05625112473281872,0.0590814,-0.0028302752671813813,2.27468729918721,2.26721,0.0074772991872098515
576,0.13094450163793636,0.0231629,0.10778160163793636,2.232618695412405,2.18684,0.04577869541240487,0.058583521603902566,0.0105916,0.04799192160390264,2.274365115568872,2.22341,0.05095511556887233
577,0.10233281571816435,-0.0228773,0.12521011571816434,2.2206279298449596,2.18714,0.03348792984495974,0.04605024893701055,-0.0104595,0.05650974893701033,2.260478425325698,2.22371,0.03676842532569813
578,0.06767136344506655,-0.107211,0.17488236344506655,2.21193580093446,2.19262,0.01931580093446028,0.03058418889741831,-0.0488573,0.0794414888974182,2.250166141843759,2.23127,0.018896141843759207
579,0.01719694409465196,-0.12967,0.14686694409465195,2.207203927765525,1.91348,0.29372392776552503,0.007791122476861255,-0.0676633,0.07545442247686118,2.244136332314134,1.94956,0.29457633231413416
580,-0.02633563338063913,-0.214278,0.18794236661936087,2.1204253063459135,2.36147,-0.24104469365408665,-0.012419338368349677,-0.0904913,0.07807196163165031,2.1559151262930394,2.40882,-0.2529048737069606
581,-0.08332447117534188,-0.215834,0.1325095288246581,2.190943894628413,2.31548,-0.12453610537158699,-0.038012992134437915,-0.092945,0.05493200786556196,2.2285081323769695,2.36234,-0.13383186762303056
585,-0.1355997748171014,-0.0749182,-0.06068157481710139,2.2330289368644647,2.20387,0.02915893686446447,-0.06065011819819939,-0.0339808,-0.0266693181981994,2.2732533885745343,2.24675,0.02650338857453427
586,-0.11771077012229285,0.218827,-0.33653777012229286,2.224250036963007,2.25007,-0.025819963036993077,-0.0528722319723282,0.0969483,-0.14982053197232803,2.265322591197374,2.29343,-0.028107408802625855
587,-0.008837278164260401,0.187973,-0.1968102781642604,2.2338530988984764,2.21672,0.017133098898476362,-0.003956048885436878,0.0845952,-0.08855124888543697,2.270186366611032,2.2571,0.01308636661103213
588,0.055327194476864267,0.127296,-0.07196880552313573,2.2297501035725125,2.29529,-0.06553989642748759,0.02480809114323156,0.0554029,-0.030594808856768463,2.265505759317845,2.33285,-0.06734424068215494
589,0.08118076926964206,0.0704283,0.01075246926964206,2.25132559907869,2.29493,-0.04360440092131013,0.03604348096012398,0.030679,0.005364480960123874,2.287475761739351,2.33004,-0.042564238260649034
590,0.08201305279292136,0.0204232,0.061589852792921354,2.2664695775342882,2.24051,0.025959577534288236,0.03616959444141931,0.00911518,0.027054414441419095,2.302370702124794,2.2738,0.028570702124794067
591,0.06738463514772534,-0.0355903,0.10297493514772535,2.2607763137726753,2.23952,0.021256313772675117,0.02979715004151645,-0.0158906,0.045687750041516484,2.295762662735853,2.27283,0.02293266273585326
592,0.03993218317269907,-0.0786542,0.11858638317269907,2.256343425081554,2.20871,0.047633425081554215,0.017695894365326054,-0.0355958,0.05329169436532588,2.2903208085051348,2.24255,0.04777080850513471
593,0.0071060234096358135,-0.118165,0.1252710234096358,2.243860588226455,2.19747,0.04639058822645481,0.003166863258535152,-0.0537216,0.05688846325853536,2.2770666338330203,2.23275,0.044316633833020536
594,-0.028544678986088055,0.177562,-0.20610667898608806,2.2314166756923326,2.22285,0.008566675692332382,-0.012791480154536907,0.079711,-0.0925024801545371,2.264388872136107,2.27235,-0.007961127863892692
595,0.03373461323518784,0.126912,-0.09317738676481216,2.229918665314148,2.23588,-0.005961334685852027,0.015127027093449706,0.056701,-0.041573972906550516,2.2656358713367934,2.28279,-0.017154128663206425
596,0.06390044669864645,0.0704421,-0.006541653301353548,2.2326894281999468,2.22052,0.012169428199946708,0.0286125812834294,0.0317126,-0.0031000187165703963,2.2712991375249714,2.2648,0.006499137524971221
597,0.06895516672391436,0.0614747,0.007480466723914357,2.230100867860245,2.23586,-0.0057591321397549855,0.030910352643384344,0.027488,0.0034223526433843077,2.27047294061361,2.28014,-0.009667059386389898
598,0.06988284179265572,-0.0153897,0.08527254179265573,2.2327598626914593,2.20142,0.031339862691459164,0.03128864722516963,-0.00699067,0.03827931722516942,2.2744385612234175,2.24442,0.030018561223417617
599,0.04757982616583314,-0.0341365,0.08171632616583313,2.2244115468787493,2.23059,-0.006178453121250538,0.021386587339942444,-0.0153026,0.03668918733994264,2.2663025421763017,2.27445,-0.00814745782369819
600,0.02565460872086082,0.27879,-0.25313539127913914,2.226997828577426,2.35893,-0.13193217142257385,0.011519308029926281,0.11764,-0.1061206919700739,2.269308555435689,2.41343,-0.14412144456431086
601,0.10294834450902733,0.263739,-0.16079065549097266,2.26713881236928,2.32472,-0.057581187630720176,0.045377756551064824,0.112966,-0.06758824344893499,2.3105459418323204,2.37755,-0.0670040581676794
602,0.15473092673716435,0.144967,0.009763926737164336,2.2861581289782578,2.23301,0.0531481289782576,0.0675785756056506,0.0648293,0.002749275605650414,2.3316089840445153,2.2745,0.05710898404451514
603,0.15687646807514385,0.0729895,0.08388696807514386,2.272574637005788,2.11103,0.16154463700578825,0.0689209472015604,0.0345615,0.03435944720156048,2.3172431640955997,2.14765,0.16959316409559966
604,0.13679856164462362,0.164204,-0.02740543835537637,2.2261761003857305,1.62447,0.6017061003857305,0.06137284562891932,0.100739,-0.0393661543710806,2.268518705278393,1.66083,0.6076887052783928
605,0.1493007324435052,-0.0783322,0.2276329324435052,2.046890563558449,2.21391,-0.1670194364415507,0.07281131835579434,-0.0353671,0.10817841835579411,2.0874826238382016,2.2518,-0.1643173761617982
606,0.08576408604928787,-0.134349,0.22011308604928786,2.092545809567871,2.27168,-0.17913419043212908,0.040962597546925335,-0.059072,0.10003459754692523,2.129836968028152,2.3128,-0.18296303197184827
607,0.022579209969551026,-0.169291,0.191870209969551,2.143222412455956,2.22475,-0.08152758754404399,0.01053477909716141,-0.0759479,0.08648267909716134,2.1793418656851795,2.26707,-0.0877281343148204
608,-0.03397613158252325,-0.204901,0.17092486841747676,2.166162395214469,2.34149,-0.17532760478553078,-0.01568365595712549,-0.0872862,0.0716025440428747,2.202384355430115,2.38793,-0.18554564456988487
609,-0.08586307288561157,-0.214858,0.12899492711438842,2.2178795847289607,2.32585,-0.10797041527103923,-0.03869471340412415,-0.0921169,0.05342218659587594,2.2559329865823226,2.37279,-0.11685701341767762
610,-0.1266148381315196,0.142626,-0.2692408381315196,2.2508823739062453,2.1996,0.05128237390624513,-0.056191983984210055,0.0647512,-0.12094318398421011,2.291008979609219,2.24595,0.045058979609218675
613,-0.05089799740791863,-0.090629,0.03973100259208137,2.2392715422163336,2.21762,0.021651542216333475,-0.022725798927926224,-0.040845,0.018119201072073654,2.2780030137986507,2.26133,0.016673013798650604
614,-0.0650772312043748,-0.108829,0.0437517687956252,2.233158296007094,2.23843,-0.005271703992906218,-0.02913309778315188,-0.04858,0.019446902216848194,2.2735001280630955,2.28326,-0.009759871936904307
615,-0.08056682290065839,0.218322,-0.2988888229006584,2.235691056525453,2.22096,0.014731056525453035,-0.036021065629374995,0.0979859,-0.13400696562937497,2.2774950638112395,2.26403,0.013465063811239464
616,0.011219773254100236,-0.206293,0.21751277325410023,2.2319677439155727,2.27957,-0.04760225608442736,0.005026810437129975,-0.0902506,0.0952774104371299,2.2699291078071075,2.33076,-0.060830892192892616
617,-0.05477798362358044,0.188207,-0.24298498362358045,2.2473943961378353,2.19235,0.055044396137835516,-0.024369171635986724,0.0856373,-0.11000647163598654,2.287257159181026,2.23248,0.054777159181026214
618,0.018394674309313564,0.135884,-0.11748932569068644,2.231794227285884,2.24658,-0.01478577271411563,0.00824191476568676,0.0604111,-0.05216918523431335,2.268936352434157,2.28384,-0.014903647565843059
619,0.055174393302217566,-0.00368814,0.058862533302217565,2.236978366159716,2.2118,0.025178366159715804,0.02465969712608055,-0.00166748,0.02632717712608068,2.2735181889919778,2.24449,0.0290281889919779
620,0.03962974236386257,-0.022939,0.06256874236386256,2.230220209839115,2.22346,0.00676020983911485,0.017767560312517132,-0.0103164,0.028083960312517142,2.265427806678086,2.25637,0.009057806678085978
621,0.022539597860612024,-0.115995,0.13853459786061204,2.228810484585629,2.21457,0.014240484585628987,0.010112492602067251,-0.0523303,0.06244279260206742,2.2630936341446604,2.25,0.01309363414466036
622,-0.01780000510526968,-0.126564,0.10876399489473033,2.225108206826289,1.85951,0.3655982068262891,-0.00799944261969522,-0.0679583,0.05995885738030493,2.2587484375868074,1.89154,0.36720843758680743
623,-0.05030167796970801,0.224847,-0.275148677969708,2.116062563012205,2.23693,-0.1208674369877949,-0.023766880658178988,0.100179,-0.1239458806581788,2.1483969383262322,2.29072,-0.14232306167376763
624,0.031241913584262402,0.152017,-0.12077508641573761,2.1497345622369837,2.17117,-0.021435437763016374,0.014531893807699519,0.0699021,-0.055370206192300486,2.1847333444349295,2.21839,-0.03365665556507036
625,0.06879145963197052,0.103402,-0.03461054036802948,2.1546206440730633,2.24232,-0.08769935592693656,0.031916569487714576,0.0460813,-0.014164730512285395,2.192518238170002,2.28812,-0.09560176182999802
627,0.0842130048040766,-0.0114029,0.09561590480407661,2.1788580685518424,2.1948,-0.015941931448157476,0.03863083618425279,-0.00519539,0.0438262261842528,2.2192821747982707,2.23764,-0.018357825201729128
628,0.05681882992368938,-0.0389108,0.09572962992368939,2.1832260860212878,2.21556,-0.032333913978712214,0.02601929663665238,-0.0175607,0.043579996636652574,2.2240675644088665,2.25947,-0.03540243559113332
629,0.02889529657720509,-0.100072,0.12896729657720507,2.1927463416350728,2.22084,-0.028093658364927165,0.013176911362801769,-0.04503,0.05820691136280187,2.2342047407272165,2.26678,-0.032575259272783263
630,-0.009788897774670537,0.263696,-0.2734848977746705,2.2011693829485544,2.29967,-0.09850061705144553,-0.004447105851804133,0.114168,-0.11861510585180435,2.2433413384498615,2.35214,-0.1087986615501384
631,0.07284485541251158,0.20765,-0.13480514458748843,2.231157223369543,2.21991,0.01124722336954287,0.032637318502255805,0.0932687,-0.060631381497744385,2.273202099006583,2.26605,0.007152099006582979
632,0.11555473398412203,0.157745,-0.04219026601587797,2.228701881144448,2.23389,-0.0051881188555520374,0.05180206224111926,0.0704976,-0.018695537758880665,2.2713174033001033,2.27627,-0.00495259669989645
634,0.13485671180399444,0.15876,-0.023903288196005568,2.23199545810908,1.58333,0.64866545810908,0.06034643544738387,0.0999355,-0.039589064552616016,2.274942669775216,1.61867,0.6562726697752159
635,0.14587760159519045,0.01349,0.13238760159519045,2.028125002370943,2.24349,-0.2153649976290568,0.07180366673230533,0.00601285,0.06579081673230514,2.068665343717917,2.28093,-0.21226465628208313
636,0.10857600837993743,0.00287532,0.10570068837993743,2.0890029448211638,2.24436,-0.15535705517883613,0.05192831229303891,0.00128113,0.050647182293038995,2.1277103257979104,2.28176,-0.15404967420208937
637,0.07866693012422608,-0.0357608,0.11442773012422608,2.132773041543628,2.21777,-0.0849969584563719,0.03686809731478258,-0.0161232,0.05299129731478258,2.170530077164691,2.25494,-0.08440992283530901
638,0.04542238130995064,-0.0819169,0.12733928130995065,2.156184218938662,2.21344,-0.057255781061337885,0.021062979458239654,-0.0369921,0.05805507945823951,2.193113243951671,2.25144,-0.05832675604832893
639,0.0074801797479927025,0.195248,-0.1877678202520073,2.1718064213251247,2.18901,-0.01720357867487543,0.003444206673529981,0.0889593,-0.08551509332647012,2.2082595128330897,2.23862,-0.03036048716691031
640,0.06342537756402679,0.157074,-0.0936486224359732,2.1758002546949258,2.20816,-0.03235974530507413,0.029142115169362753,0.0710138,-0.04187168483063708,2.214486442061663,2.25537,-0.04088355793833731
645,0.09957893597553107,-0.0753844,0.17496333597553107,2.181365938997316,2.19455,-0.0131840610026841,0.04561813749024787,-0.0343372,0.07995533749024775,2.2226973367783556,2.23725,-0.01455266322164439
646,0.03602268456378452,0.243985,-0.2079623154362155,2.185509512387797,2.32072,-0.13521048761220333,0.016481018617842652,0.104748,-0.08826698138215727,2.225801829282977,2.36711,-0.14130817071702273
647,0.10624338219288175,-0.177566,0.28380938219288177,2.2312556792948848,2.27089,-0.0396343207051153,0.04758002309817278,-0.0780338,0.1256138230981727,2.271574713676688,2.32009,-0.04851528632331181
648,0.01567576994121066,0.138131,-0.12245523005878935,2.245272080869191,2.20603,0.039242080869190676,0.006981566012915374,0.0625336,-0.05555203398708475,2.2846105553318052,2.24286,0.041750555331805383
649,0.0527335877256776,0.0986916,-0.045958012274322405,2.2345141130023873,2.32119,-0.08667588699761275,0.023595197216991846,0.042492,-0.018896802783008315,2.2722848829334814,2.35771,-0.08542511706651856
650,0.06660695691071257,0.0384695,0.028137456910712573,2.2623623090544656,2.25171,0.010652309054465459,0.029432828621360024,0.0170829,0.012349928621360196,2.2996039840708105,2.28542,0.014183984070810673
651,0.058210125744872256,-0.0274767,0.08568682574487226,2.2610707164921897,2.24521,0.015860716492189564,0.025738810502944985,-0.0122373,0.037976110502945026,2.2971484888559015,2.27848,0.018668488855901444
653,0.0316183469981516,-0.118178,0.1497963469981516,2.259893776882707,2.19055,0.06934377688270699,0.013990163814038179,-0.0538969,0.0678870638140383,2.294613720283977,2.22574,0.06887372028397687
654,-0.01595116333781842,-0.165575,0.14962383666218157,2.239950699916165,2.2743,-0.0343493000838353,-0.007121091419545967,-0.0726747,0.065553608580454,2.273651061699051,2.31326,-0.03960893830094925
655,-0.06399381966487645,0.186939,-0.25093281966487646,2.251568135066356,2.16412,0.08744813506635607,-0.028414239628116105,0.0861674,-0.11458163962811607,2.285808408594236,2.2135,0.07230840859423626
656,0.00858092533063704,0.177454,-0.16887307466936297,2.2264567815083436,2.22228,0.004176781508343552,0.003854053182448943,0.0796832,-0.07582914681755115,2.2620326417085166,2.27177,-0.009737358291483478
657,0.05791741357060499,0.160731,-0.10281358642939503,2.225872944567433,2.22203,0.0038429445674328377,0.026014219778099965,0.0722097,-0.04619548022190001,2.264150721922368,2.27056,-0.006409278077632141
658,0.08854797762619195,0.0286013,0.05994667762619195,2.225363170360066,2.17722,0.04814317036006566,0.03976936947059947,0.0131359,0.026633469470599636,2.2661725305090523,2.21972,0.04645253050905218
660,0.07159233697195216,-0.0681706,0.13976293697195216,2.211882603366714,2.15651,0.055372603366714124,0.03235585457761087,-0.031601,0.06395685457761102,2.2531361431892343,2.20008,0.05305614318923446
661,0.02833648219600554,-0.0785611,0.10689758219600554,2.1949062052790804,2.21929,-0.02438379472091956,0.012909393574864628,-0.0353844,0.04829379357486463,2.2359917651320758,2.26433,-0.028338234867924417
662,-0.005471501465243386,0.228568,-0.23403950146524338,2.2021042795157184,2.2379,-0.03579572048428137,-0.0024846644441830165,0.101782,-0.1042666644441832,2.2439427697723184,2.28632,-0.04237723022768147
663,0.06341013822046274,0.205729,-0.14231886177953726,2.2128905238767964,2.23473,-0.021839476123203472,0.02864705265237676,0.0918011,-0.06315404734762309,2.2542055069645155,2.28087,-0.026664493035484682
664,0.1061211092272601,0.0962917,0.00982940922726011,2.2196957401289055,2.18233,0.03736574012890559,0.04777247837022463,0.0440947,0.003677778370224427,2.2615754081267334,2.22054,0.04103540812673323
665,0.10421802406268597,0.0718028,0.032415224062685974,2.2089223824440003,2.07902,0.12990238244400043,0.047145521411530854,0.0345231,0.012622421411530915,2.2497718249630885,2.11501,0.13476182496308864
666,0.09550960697612983,0.00995344,0.08555616697612983,2.1702752774591687,2.24385,-0.07357472254083142,0.04397968377452578,0.00443585,0.03954383377452597,2.2096857751506347,2.28127,-0.07158422484936544
667,0.0707346557043531,-0.0113314,0.0820660557043531,2.191328400181346,2.14926,0.04206840018134583,0.03226814546368596,-0.00527219,0.03754033546368607,2.2297906793761086,2.18519,0.044600679376108676
668,0.04637462116329819,-0.132105,0.17847962116329819,2.1784964389330086,2.24327,-0.06477356106699128,0.021284229466955986,-0.0588218,0.08010602946695577,2.215873210552671,2.28381,-0.06793678944732884
670,-0.009197823976671063,0.17282,-0.18201782397667107,2.197002499455082,2.13474,0.06226249945508222,-0.004186508773921894,0.0807797,-0.0849662087739218,2.2337983307984084,2.18179,0.0520083307984085
672,0.045508247298438165,0.0144025,0.031105747298438166,2.176706799864805,1.93772,0.23898679986480476,0.020903880345745203,0.00743261,0.013471270345745356,2.214957766961057,1.9749,0.24005776696105685
675,0.03434420067135849,-0.0989416,0.13328580067135848,2.092046644649275,2.23873,-0.14668335535072474,0.016415081358775115,-0.0441666,0.060581681358775175,2.129865882959636,2.28318,-0.15331411704036402
676,-0.012675650167722673,-0.180092,0.16741634983227732,2.13989617702027,2.26866,-0.12876382297973032,-0.00592341911433049,-0.0792164,0.07329298088566949,2.179127631945829,2.318,-0.13887236805417125
677,-0.06997661170973331,0.179233,-0.24920961170973333,2.180823225336582,2.16203,0.018793225336581898,-0.03207624072882502,0.0827112,-0.11478744072882519,2.222208850120038,2.20109,0.02111885012003789
679,0.0030392769684830204,0.0455673,-0.042528023031516975,2.174757150534199,2.2514,-0.07664284946580091,0.0013975238518438848,0.0202367,-0.018839176148156334,2.2123387720485534,2.28524,-0.07290122795144649
680,0.015098360209184758,-0.0114963,0.02659466020918476,2.199443366834762,2.24825,-0.04880663316523792,0.006864520034005908,-0.00511342,0.011977940034006096,2.2356751938978747,2.28135,-0.04567480610212549
681,0.005486054359503489,-0.0642062,0.06969225435950349,2.2153965225095065,2.16685,0.04854652250950631,0.0024763256102996317,-0.0296224,0.032098725610299805,2.2505507542809084,2.19972,0.05083075428090833
682,-0.017425669671341387,-0.108109,0.0906833303286586,2.2016064865869405,2.23762,-0.036013513413059695,-0.007914813979309359,-0.0482766,0.040361786020690626,2.235757340581208,2.27297,-0.037212659418791816
683,-0.046978525240605445,-0.122301,0.07532247475939456,2.2132033930205397,1.80674,0.4064633930205397,-0.02122329637259021,-0.0675881,0.04636480362740958,2.2472840186619205,1.83797,0.4093140186619204
684,-0.07239196887580818,-0.178455,0.10606303112419183,2.092255514093837,2.25648,-0.1642244859061628,-0.03458616833449475,-0.0789209,0.04433473166550517,2.125045407566224,2.29612,-0.1710745924337762
685,-0.10741297227978004,0.176853,-0.28426597227978007,2.139157519695016,2.15963,-0.020472480304984053,-0.050170608503720515,0.0817084,-0.13187900850372047,2.173556674293392,2.20815,-0.034593325706608
686,-0.027093675819199584,0.177226,-0.20431967581919958,2.144363280197755,2.25466,-0.11029671980224487,-0.012634162537306013,0.078443,-0.09107716253730613,2.178884205162334,2.30471,-0.1258257948376662
688,0.030765320858207726,-0.00890146,0.039666780858207726,2.1764171347797183,2.20626,-0.029842865220281567,0.014134823439097235,-0.00403462,0.01816944343909732,2.2134565536498756,2.24931,-0.03585344635012433
690,0.016830544025683545,-0.1109,0.12773054402568354,2.1860609653567784,2.15988,0.026180965356778607,0.007698875630902534,-0.0513006,0.05899947563090269,2.224852067082057,2.20521,0.019642067082056958
691,-0.02505789639501952,0.250336,-0.27539389639501954,2.1780161128730238,2.27431,-0.09629388712697606,-0.011504410253969453,0.10963,-0.12113441025396954,2.218121648173876,2.32534,-0.10721835182612427
692,0.05840507383195093,0.210837,-0.15243192616804907,2.208079055975891,2.14406,0.06401905597589108,0.026444460234317096,0.0980204,-0.07157593976568277,2.2480942621171294,2.1898,0.0582942621171294
694,0.10677074590561773,0.0564952,0.05027554590561773,2.189846323594751,2.20019,-0.010343676405248914,0.048718605429934045,0.0256718,0.023046805429934203,2.230597277482183,2.23745,-0.006852722517816989
695,0.09234681708020097,0.0170218,0.07532501708020096,2.19353178431025,2.24292,-0.049388215689749604,0.04207475720525613,0.00758898,0.03448577720525625,2.2331308061867476,2.28037,-0.04723919381325237
696,0.07005687553512616,-0.0335066,0.10356347553512615,2.2093218569734567,2.17106,0.03826185697345652,0.03169905220495613,-0.0154321,0.047131152204956006,2.2480125610886543,2.20749,0.040522561088654374
697,0.038855477955748154,-0.0535137,0.09236917795574814,2.1986171658324696,2.24776,-0.0491428341675304,0.017670849728637524,-0.0238031,0.04147394972863738,2.236121362355221,2.28569,-0.049568637644779034
698,0.010497039172348519,-0.18007,0.19056703917234852,2.2140645095559033,2.25542,-0.0413554904440967,0.004741036441403049,-0.0796698,0.0844108364414029,2.2512901959840352,2.29893,-0.04763980401596468
699,-0.04781421332917782,0.190285,-0.23809921332917783,2.2274707497797546,2.19098,0.03649074977975442,-0.021462401461483368,0.086632,-0.10809440146148352,2.2649405117676342,2.24021,0.02473051176763441
700,0.020510705029612934,0.14046,-0.11994929497038706,2.217920113738655,2.19284,0.02508011373865493,0.009247456767474658,0.0639664,-0.05471894323252524,2.2561757366640687,2.23899,0.017185736664068862
705,0.05517489368930107,-0.101587,0.15676189368930107,2.21502445845946,2.22291,-0.00788554154054033,0.0249042335103121,-0.0456682,0.07057243351031195,2.2550927245899293,2.2672,-0.012107275410070617
706,-0.0019726356885804044,0.156426,-0.15839863568858042,2.218775833697535,1.70712,0.511655833697535,-0.0008890646539743654,0.0913762,-0.09226526465397455,2.2591579445728454,1.74015,0.5190079445728453
707,0.04906886537212036,0.179103,-0.13003413462787966,2.047488352310101,2.18248,-0.1349916476898989,0.02396080763050861,0.0818808,-0.057919992369491524,2.0836251245841884,2.22176,-0.13813487541581182
708,0.09031643117962043,0.101427,-0.011110568820379571,2.0858181570975516,2.32081,-0.23499184290244823,0.04327321113597946,0.0436752,-0.00040198886402054157,2.122034412073592,2.35745,-0.23541558792640815
709,0.0946045120157735,0.0811894,0.0134151120157735,2.1552584294096047,2.27892,-0.12366157059039518,0.043866582853643865,0.0356112,0.008255382853644022,2.1915010989818784,2.31416,-0.12265890101812182
710,0.09144076514920735,0.00488756,0.08655320514920735,2.1913892280467033,2.22135,-0.029960771953296828,0.04170311148374577,0.00220026,0.03950285148374588,2.2272207059980267,2.2542,-0.026979294001973297
712,0.06636716849653569,-0.131522,0.1978891684965357,2.199452368398684,2.21271,-0.013257631601315989,0.030165253008602372,-0.0593694,0.0895346530086023,2.233798966379322,2.24892,-0.01512103362067796
713,0.004808856677667679,-0.148974,0.15378285667766767,2.2032218165645086,2.16281,0.04041181656450865,0.0021826440738514706,-0.0687711,0.07095374407385169,2.2361416876827462,2.19947,0.03667168768274642
714,-0.043829513256729596,0.209861,-0.2536905132567296,2.190618051648594,2.22801,-0.0373919483514058,-0.020005160697172265,0.0939152,-0.11392036069717237,2.2234264706724676,2.28023,-0.05680352932753241
715,0.029867461185569526,0.132664,-0.10279653881443047,2.2013259933113285,2.27526,-0.07393400668867134,0.013567108516174015,0.0582414,-0.04467429148382607,2.2366906317657054,2.32311,-0.08641936823429441
716,0.05971321642602684,0.0654156,-0.005702383573973166,2.223166020028564,2.23252,-0.009353979971435944,0.026853083561152322,0.0292929,-0.0024398164388474974,2.261625583655772,2.27686,-0.015234416344227952
717,0.06124845959677883,-0.00144135,0.06268980959677883,2.2262072562619672,2.2003,0.025907256261967326,0.02750553108573565,-0.000655068,0.028160599085735427,2.2663570908497968,2.24322,0.02313709084979676
718,0.04252275041847522,-0.0508503,0.09337305041847521,2.2188423751982067,1.98405,0.23479237519820662,0.01916203972475447,-0.025624,0.04478603972475437,2.2596357982308195,2.02354,0.2360957982308194
720,0.0130666777086546,0.256626,-0.24355932229134541,2.147909749101072,2.28683,-0.138920250898928,0.006083363849980004,0.111752,-0.10566863615001987,2.187965223479173,2.33851,-0.15054477652082676
721,0.08715033157958266,0.176366,-0.08921566842041734,2.189343798605087,2.22765,-0.03830620139491314,0.03978559399902352,0.0790065,-0.039220906000976274,2.230309743577126,2.27134,-0.04103025642287372
722,0.11529737562461605,0.122177,-0.006879624375383947,2.2007412690540873,2.23776,-0.0370187309459129,0.05234239190312546,0.0545439,-0.0022015080968746936,2.2422317363254973,2.27795,-0.035718263674502815
723,0.11907952883720781,0.104203,0.014876528837207803,2.2119570952186356,2.28692,-0.07496290478136425,0.0537825493766357,0.0455332,0.008249349376635795,2.2531305342392827,2.32711,-0.07397946576071712
724,0.11638140515770788,0.00367701,0.11270439515770789,2.234768237517503,2.18712,0.04764823751750269,0.05203061429602308,0.00168121,0.05034940429602308,2.2757006251152023,2.22357,0.05213062511520228
725,0.08438616944275468,-0.0828305,0.16721666944275468,2.2214621978708844,2.24248,-0.021017802129115637,0.03796851237686854,-0.0369201,0.07488861237686839,2.260523322371201,2.28091,-0.020386677628799088
727,0.03495000966189268,-0.18174,0.2166900096618927,2.228994633716672,2.26421,-0.035215366283327665,0.015678434286283766,-0.0800945,0.09577293428628364,2.2665155373133548,2.30795,-0.04143446268664519
728,-0.03292281510638224,-0.215422,0.18249918489361777,2.240666851530711,2.31355,-0.07288314846928934,-0.014692253834174947,-0.0928458,0.07815354616582493,2.277906872654984,2.36035,-0.08244312734501591
729,-0.09130648441535935,0.162293,-0.25359948441535934,2.2640365221048415,2.14888,0.1151565221048414,-0.04030722581450922,0.0753812,-0.11568842581450944,2.30279264415181,2.19547,0.10732264415181003
731,-0.020512777291881838,0.0116496,-0.03216237729188184,2.2315507949968367,1.92814,0.30341079499683676,-0.00919190350449499,0.00604182,-0.015233723504494812,2.2695948166534463,1.96512,0.30447481665344633
733,-0.014018000254076849,-0.0819579,0.06793989974592315,2.134317299577104,2.17344,-0.039122700422896006,-0.006567813836905695,-0.037691,0.031123186163094285,2.17193324174567,2.21601,-0.044076758254329995
734,-0.03773087612284428,0.266257,-0.3039878761228443,2.1447406169527943,2.36132,-0.2165793830472058,-0.017590464844924658,0.112283,-0.12987346484492468,2.183734209050656,2.41022,-0.22648579094934362
735,0.05542657394766181,0.246196,-0.19076942605233818,2.2109739299684943,2.32951,-0.11853607003150568,0.025063600560883952,0.105295,-0.08023139943911595,2.2488206307512044,2.3762,-0.12737936924879545
736,0.1146831907282444,0.194926,-0.08024280927175559,2.2477023127375357,2.20691,0.040792312737535585,0.050978204499766845,0.0880965,-0.037118295500233156,2.286670881755776,2.24772,0.03895088175577577
737,0.1412415215024488,0.179054,-0.03781247849755118,2.2365754148396326,2.19239,0.044185414839632564,0.06306704902683535,0.0814898,-0.018422750973164703,2.2758396683647706,2.23182,0.04401966836477067
738,0.15546674356023948,0.140616,0.014850743560239493,2.224202207691181,2.34663,-0.12242779230881906,0.06978425562069028,0.059851,0.00993325562069014,2.2635343875165805,2.38556,-0.12202561248341937
739,0.15416757014967086,0.111097,0.04307057014967086,2.261439606618965,2.33417,-0.07273039338103482,0.06806699769406838,0.0475602,0.02050679769406827,2.3007250853499746,2.37143,-0.0707049146500256
740,0.14434318109090175,-0.00586236,0.15020554109090176,2.2846541951986095,2.24726,0.03739419519860965,0.06309558121164532,-0.00260867,0.06570425121164547,2.323315475774353,2.28041,0.042905475774353
741,0.10233482704481031,-0.058463,0.16079782704481033,2.2755893341946885,2.16151,0.11407933419468863,0.04494041303306447,-0.0270407,0.07198111303306431,2.311623198068218,2.19412,0.11750319806821796
742,0.05611259400875313,-0.132347,0.18845959400875312,2.243464581459845,2.21502,0.028444581459845075,0.02500636645048186,-0.0596789,0.08468526645048202,2.277242806372183,2.25126,0.025982806372183198
743,0.0004918498941781911,-0.152212,0.15270384989417818,2.2359490527134867,2.2021,0.03384905271348648,0.00021997365532457796,-0.0690116,0.0692315736553244,2.26869646434234,2.23937,0.029326464342339875
744,-0.04590502118597968,-0.174036,0.1281309788140203,2.226616407667297,2.24776,-0.0211435923327028,-0.020613572623500345,-0.0772721,0.05665852737649946,2.2595095468726916,2.28702,-0.027510453127308487
745,-0.08615289858184025,0.138485,-0.22463789858184025,2.2333709366083596,2.23529,-0.0019190633916403854,-0.0385561582970936,0.0618748,-0.10043095829709348,2.2673652764055734,2.28271,-0.015344723594426402
746,-0.022507227218553194,0.0726684,-0.09517562721855319,2.234573872727762,2.20001,0.0345638727277624,-0.010071927545457838,0.033019,-0.043090927545457625,2.2699769599829116,2.24405,0.0259269599829115
747,0.0043780018114570034,0.0266738,-0.022295798188543,2.224936043989608,2.19916,0.025776043989607977,0.001967695284094541,0.0121285,-0.010160804715905414,2.2623403662179355,2.24208,0.020260366217935477
749,0.009783477474900165,0.248416,-0.23863252252509984,2.2178254862406908,2.27624,-0.05841451375930928,0.004411264130473037,0.108704,-0.10429273586952714,2.2568424093218833,2.3271,-0.07025759067811688
750,0.08382188291587259,0.210338,-0.1265161170841274,2.2362601595948273,2.26219,-0.025929840405172655,0.037465524567846104,0.0927134,-0.055247875432153926,2.2763857903646563,2.30912,-0.03273420963534379
751,0.12458810588008135,0.291038,-0.16644989411991867,2.2449992815405397,2.4224,-0.17740071845946037,0.055438966551012686,0.119571,-0.06413203344898744,2.2866140569365148,2.47996,-0.1933459430634854
752,0.17829199200602266,0.172415,0.005876992006022652,2.3000338534686753,2.19954,0.10049385346867545,0.07736240953010812,0.0782268,-0.0008643904698919513,2.3457257365932205,2.24253,0.10319573659322057
754,0.18536315212068818,0.0314227,0.1539404521206882,2.273881326891253,2.18655,0.087331326891253,0.08133853977913562,0.0143699,0.06696863977913559,2.3194817034790374,2.22323,0.09625170347903733
755,0.14109521950070794,0.01349,0.12760521950070794,2.247971299878743,2.24349,0.004481299878742906,0.06268335091921769,0.00601285,0.05667050091921766,2.289969305550231,2.28093,0.009039305550230914
756,0.10436443087962802,-0.101987,0.206351430879628,2.247384261790667,2.23706,0.010324261790667144,0.046404839968121996,-0.045558,0.09196283996812182,2.2873302829118796,2.2762,0.011130282911879785
757,0.042852979607884846,-0.132078,0.17493097960788484,2.244983451736109,2.30229,-0.057306548263891255,0.019086009749585395,-0.0573055,0.0763915097495853,2.2827242127744936,2.34377,-0.061045787225506576
758,-0.010398331320834576,-0.205547,0.19514866867916544,2.2630242589902747,2.31637,-0.053345741009725334,-0.004594850497356461,-0.088505,0.08391014950264353,2.30049805148845,2.36249,-0.0619919485115501
759,-0.07092111497894771,-0.214741,0.14381988502105228,2.280258613253541,2.35464,-0.07438138674645867,-0.031092201277529877,-0.0909476,0.05985539872246992,2.3186948417428668,2.40193,-0.08323515825713335
764,-0.13524748358984146,-0.121692,-0.01355548358984146,2.312946538983755,2.24999,0.0629565389837552,-0.05840759816937504,-0.054033,-0.004374598169375243,2.354230195921071,2.29553,0.05870019592107134
765,-0.13466843007005724,0.242184,-0.37685243007005725,2.291745233795776,2.29594,-0.004194766204223654,-0.058694895155365176,0.105095,-0.16378989515536535,2.3347913194648138,2.34194,-0.007148680535186358
766,-0.01033191302046998,0.194645,-0.20497691302047,2.294394423942569,2.21352,0.08087442394256916,-0.004503080672018277,0.0877091,-0.0922121806720182,2.3316393150252277,2.25435,0.07728931502522762
767,0.05645896195968132,0.170587,-0.11412803804031867,2.26947027214674,2.19151,0.07796027214673984,0.024872464553099417,0.0776832,-0.052810735446900736,2.305801221479783,2.2303,0.075501221479783
768,0.09476505351519782,0.0969747,-0.00220964648480218,2.2454675685991763,2.24809,-0.0026224314008236327,0.042177786747331567,0.0431098,-0.000932013252668451,2.2819513617495653,2.28359,-0.001638638250434532
769,0.09905095274532148,0.0408602,0.05819075274532148,2.245977905273985,2.28035,-0.03437209472601488,0.04407292310031359,0.0179165,0.02615642310031374,2.282223300074467,2.31449,-0.03226669992553299
770,0.08505647813166749,0.00316333,0.08189314813166748,2.256108614429128,2.21875,0.0373586144291278,0.03768267811089908,0.00142573,0.03625694811089897,2.2915914257764904,2.25154,0.04005142577649057
772,0.06619648799582796,-0.112616,0.17881248799582794,2.2446176513299214,2.25684,-0.012222348670078542,0.02948266352191188,-0.0498584,0.07934106352191206,2.2789433060051483,2.29265,-0.013706693994851804
773,0.012975938803421228,-0.157241,0.17021693880342123,2.2481464095316084,2.26611,-0.017963590468391466,0.005771774763990696,-0.0692773,0.07504907476399048,2.281338485855257,2.3044,-0.023061514144743
774,-0.038236192495637866,0.210297,-0.24853319249563788,2.253475248274469,2.24354,0.00993524827446901,-0.01696602780152785,0.0934616,-0.1104276278015277,2.286770759623572,2.29602,-0.009249240376428158
775,0.03638709343506826,0.165998,-0.12961090656493174,2.250451781047818,2.26928,-0.01882821895218223,0.016167386187515773,0.0730199,-0.05685251381248424,2.2864448148580543,2.31907,-0.03262518514194568
776,0.07671086041344463,0.110741,-0.034030139586555375,2.25600386625723,2.23497,0.021033866257230027,0.033989886992178024,0.0495085,-0.01551861300782198,2.295311365112502,2.28099,0.014321365112501816
777,0.08929230461357977,0.0627699,0.02652240461357977,2.249771184115287,2.21247,0.03730118411528682,0.039668684266644584,0.0283633,0.011305384266644403,2.2911011991055057,2.25636,0.03474119910550577
779,0.08656547958247204,0.00589474,0.08067073958247205,2.2381755505352,2.18174,0.05643555053520011,0.03865753692345877,0.00270184,0.0359556969234589,2.2805540310398413,2.22439,0.056164031039841245
780,0.06398616849607297,0.262741,-0.19875483150392703,2.220258989288418,2.29664,-0.07638101071158188,0.028811261700047518,0.113907,-0.08509573829995265,2.2625672365567517,2.34898,-0.08641276344324833
781,0.12648729099285563,0.19669,-0.07020270900714437,2.24270462912784,2.19338,0.04932462912783997,0.05633975619464718,0.089435,-0.03309524380535267,2.2865136398246126,2.23824,0.04827363982461286
782,0.15117195310569287,0.166525,-0.015353046894307137,2.2275289503143427,2.23102,-0.003491049685657277,0.06776141251048709,0.0745026,-0.00674118748951269,2.271682912959159,2.274,-0.0023170870408408817
783,0.15978982042991594,0.0997459,0.06004392042991594,2.227924951746045,2.18225,0.04567495174604508,0.07159876681719,0.045676,0.02592276681719019,2.2720221344799887,2.22062,0.05140213447998887
784,0.14595870713963477,0.0905093,0.05544940713963477,2.2136399693437,2.1949,0.018739969343700036,0.0658407589212901,0.0412129,0.02462785892129027,2.2561477993075063,2.23313,0.023017799307506248
785,0.13308935919130896,0.00287532,0.13021403919130897,2.207076445670914,2.24436,-0.0372835543290857,0.06022826974055085,0.00128113,0.05894713974055099,2.2483847792739775,2.28176,-0.03337522072602228
786,0.09757814629875732,-0.0566761,0.1542542462987573,2.217056222686525,2.24845,-0.031393777313474924,0.043984095787757554,-0.0252014,0.06918549578775757,2.2565323288336763,2.28647,-0.02993767116632373
788,0.055064805244380156,-0.143914,0.19897880524438014,2.22495826795089,2.03955,0.18540826795088972,0.024743640279129,-0.0704446,0.09518824027912887,2.2629573799013296,2.07809,0.18486737990132962
789,-0.005806145762125726,-0.211199,0.20539285423787426,2.166602788667627,2.31643,-0.1498272113323731,-0.0026798321748415198,-0.0909231,0.08824326782515834,2.2027485290024527,2.36291,-0.16016147099754718
790,-0.06960748403209381,0.163211,-0.23281848403209382,2.2101847671000097,2.17948,0.0307047671000098,-0.031483559609237266,0.0747459,-0.10622945960923724,2.2476197085639287,2.22659,0.02102970856392883
793,-0.002882833442336842,0.0110136,-0.013896433442336842,2.1972106320385154,1.94687,0.2503406320385153,-0.0013120416158923652,0.00565704,-0.006969081615892492,2.234934592800701,1.9842,0.250734592800701
794,0.0010884321961203572,-0.0671291,0.06821753219612035,2.1124440103023248,2.23591,-0.1234659896976753,0.0005152477862101955,-0.0300142,0.030529447786210362,2.150001821470817,2.27911,-0.129108178529183
795,-0.021231406518740063,-0.111476,0.09024459348125995,2.1476353935707557,2.21705,-0.06941460642924424,-0.009885623491221376,-0.0502387,0.04035307650877851,2.1867727881524948,2.26156,-0.07478721184750503
796,-0.050553696122346774,0.258022,-0.30857569612234675,2.1662226773817155,2.34273,-0.1765073226182845,-0.023333022039805865,0.109695,-0.1330280220398059,2.2067247134198897,2.39062,-0.18389528658011045
797,0.04190539228940584,-0.201821,0.24372639228940585,2.2178879997498755,2.26919,-0.051302000250124546,0.018892030033870775,-0.0887065,0.10759853003387088,2.2563138136705696,2.31977,-0.06345618632943051
798,-0.031279630333809344,0.156864,-0.18814363033380935,2.232546487035053,2.23105,0.0014964870350526738,-0.014009824215098297,0.0701941,-0.08420392421509826,2.2719352089825735,2.26933,0.002605208982573437
799,0.02389345015207206,0.135999,-0.11210554984792795,2.231637522196621,2.31788,-0.08624247780337901,0.010706280470279203,0.0586067,-0.04790041952972057,2.269020296946984,2.35614,-0.08711970305301575
800,0.05753124112533002,0.0596448,-0.002113558874669977,2.256966708390117,2.28055,-0.023583291609882817,0.025484995036331407,0.0261477,-0.0006627049636684923,2.2940330905498763,2.31514,-0.021106909450123723
801,0.059122601058654356,-0.0169318,0.07605440105865435,2.26419130491015,2.23239,0.031801304910149764,0.026106084362766263,-0.00758447,0.033690554362766356,2.3004988039177134,2.26537,0.03512880391771356
803,0.03786320003846938,-0.112374,0.15023720003846938,2.2552235257232462,2.22848,0.026743525723246453,0.016787534651950507,-0.0503835,0.06717103465195073,2.2901745479028826,2.26392,0.026254547902882397
804,-0.008532038893481598,-0.157229,0.14869696110651842,2.2470228885011454,2.25706,-0.010037111498854667,-0.0037970231339763652,-0.0695485,0.06575147686602367,2.280983768873032,2.29528,-0.014296231126968095
805,-0.0551539010976539,0.208381,-0.26353490109765393,2.24997580900314,2.2358,0.014175809003140305,-0.024508200341496846,0.0929334,-0.11744160034149687,2.2841533810590327,2.28801,-0.003856618940967227
806,0.02246288954695738,0.153144,-0.13068111045304262,2.2456382483722566,2.21896,0.02667824837225652,0.010002564042198675,0.068907,-0.05890443595780148,2.2818252446614276,2.26706,0.014765244661427701
807,0.0617057534034571,0.0866874,-0.024981646596542895,2.23744475972862,2.17357,0.06387475972862022,0.027571682452793782,0.0398614,-0.012289717547206092,2.276323208819436,2.21755,0.05877320881943593
808,0.07012065817828983,0.0525551,0.01756555817828983,2.2179167346690547,2.225,-0.0070832653309453875,0.03160502295344797,0.0236159,0.007989122953448113,2.258309192749476,2.26892,-0.01061080725052399
809,0.06599050581184897,-0.0239141,0.08990460581184898,2.219157415870933,2.21534,0.003817415870932983,0.029727978930814736,-0.0107944,0.040522378930814895,2.26066623691576,2.25867,0.001996236915760008
811,0.040419443422630694,-0.124898,0.1653174434226307,2.2163485771978757,2.20396,0.012388577197875783,0.018234930978931856,-0.0566091,0.074844030978932,2.258249565320601,2.25068,0.007569565320601157
812,-0.010980797421432842,0.236613,-0.24759379742143284,2.211623296261429,2.24425,-0.03262670373857102,-0.0049649988810713174,0.105043,-0.11000799888107116,2.253837431542713,2.29356,-0.03972256845728683
814,0.0647615916980071,0.1526,-0.08783840830199291,2.220014088611939,2.20422,0.015794088611939205,0.029163432319144363,0.0691205,-0.03995706768085583,2.2617245066847853,2.24582,0.015904506684785158
